timestamp,cpu_percent,mem_usage,cpu_temp_c,tcp_conns,Relative_Time,Scenario,Framework,Endpoint,Profile
2026-05-05 20:53:14+00:00,9.64,44.27,42.625,1,0.0,A (Ideal),FastAPI,IO,high
2026-05-05 20:53:16+00:00,9.7,44.33,42.625,1,2.0,A (Ideal),FastAPI,IO,high
2026-05-05 20:53:18+00:00,9.61,44.57,42.625,1,4.0,A (Ideal),FastAPI,IO,high
2026-05-05 20:53:20+00:00,9.58,44.55,42.625,1,6.0,A (Ideal),FastAPI,IO,high
2026-05-05 20:53:22+00:00,9.67,44.72,42.625,1,8.0,A (Ideal),FastAPI,IO,high
2026-05-05 20:53:24+00:00,9.57,44.41,42.625,1,10.0,A (Ideal),FastAPI,IO,high
2026-05-05 20:53:26+00:00,9.56,44.6,42.625,2,12.0,A (Ideal),FastAPI,IO,high
2026-05-05 20:53:28+00:00,9.64,46.18,42.625,1,14.0,A (Ideal),FastAPI,IO,high
2026-05-05 20:53:31+00:00,9.53,47.77,42.625,1,17.0,A (Ideal),FastAPI,IO,high
2026-05-05 20:55:04+00:00,3.26,41.16,42.5,0,0.0,A (Ideal),FastAPI,CPU,low
2026-05-05 20:55:07+00:00,3.28,41.02,42.625,0,3.0,A (Ideal),FastAPI,CPU,low
2026-05-05 20:55:09+00:00,3.28,41.12,42.625,0,5.0,A (Ideal),FastAPI,CPU,low
2026-05-05 20:55:11+00:00,3.26,41.18,42.625,0,7.0,A (Ideal),FastAPI,CPU,low
2026-05-05 20:55:13+00:00,3.25,41.05,42.625,0,9.0,A (Ideal),FastAPI,CPU,low
2026-05-05 20:55:15+00:00,3.24,41.16,42.625,0,11.0,A (Ideal),FastAPI,CPU,low
2026-05-05 20:55:17+00:00,3.25,41.26,42.625,0,13.0,A (Ideal),FastAPI,CPU,low
2026-05-05 20:55:19+00:00,3.26,41.11,42.625,0,15.0,A (Ideal),FastAPI,CPU,low
2026-05-05 20:55:21+00:00,3.25,41.24,42.625,0,17.0,A (Ideal),FastAPI,CPU,low
2026-05-05 21:45:34+00:00,90.36,43.27,42.375,2,0.0,A (Ideal),Express,CPU,high
2026-05-05 21:45:36+00:00,87.54,44.3,42.375,3,2.0,A (Ideal),Express,CPU,high
2026-05-05 21:45:38+00:00,89.87,43.88,42.375,3,4.0,A (Ideal),Express,CPU,high
2026-05-05 21:45:40+00:00,90.41,43.11,42.5,2,6.0,A (Ideal),Express,CPU,high
2026-05-05 21:45:42+00:00,87.95,43.67,42.375,2,8.0,A (Ideal),Express,CPU,high
2026-05-05 21:45:44+00:00,89.53,43.24,42.375,3,10.0,A (Ideal),Express,CPU,high
2026-05-05 21:45:47+00:00,89.95,43.2,42.375,2,13.0,A (Ideal),Express,CPU,high
2026-05-05 21:45:49+00:00,89.1,43.82,42.5,3,15.0,A (Ideal),Express,CPU,high
2026-05-05 21:45:51+00:00,89.7,43.27,42.5,2,17.0,A (Ideal),Express,CPU,high
2026-05-05 21:28:19+00:00,44.81,33.8,42.375,1,0.0,A (Ideal),Express,CPU,medium
2026-05-05 21:28:22+00:00,45.07,34.04,42.375,0,3.0,A (Ideal),Express,CPU,medium
2026-05-05 21:28:24+00:00,45.24,34.32,42.375,0,5.0,A (Ideal),Express,CPU,medium
2026-05-05 21:28:26+00:00,44.91,34.38,42.375,1,7.0,A (Ideal),Express,CPU,medium
2026-05-05 21:28:28+00:00,44.53,34.46,42.375,1,9.0,A (Ideal),Express,CPU,medium
2026-05-05 21:28:30+00:00,44.69,34.82,42.375,1,11.0,A (Ideal),Express,CPU,medium
2026-05-05 21:28:32+00:00,44.81,34.86,42.375,1,13.0,A (Ideal),Express,CPU,medium
2026-05-05 21:28:34+00:00,44.87,34.8,42.5,0,15.0,A (Ideal),Express,CPU,medium
2026-05-05 21:28:36+00:00,45.34,34.85,42.5,1,17.0,A (Ideal),Express,CPU,medium
2026-05-05 21:49:52+00:00,6.2,43.19,42.0,1,0.0,A (Ideal),FastAPI,IO,medium
2026-05-05 21:49:54+00:00,6.22,43.98,42.0,1,2.0,A (Ideal),FastAPI,IO,medium
2026-05-05 21:49:57+00:00,6.22,44.14,42.125,2,5.0,A (Ideal),FastAPI,IO,medium
2026-05-05 21:49:59+00:00,6.2,44.52,42.125,1,7.0,A (Ideal),FastAPI,IO,medium
2026-05-05 21:50:01+00:00,6.37,44.14,42.125,1,9.0,A (Ideal),FastAPI,IO,medium
2026-05-05 21:50:03+00:00,6.19,44.23,42.125,1,11.0,A (Ideal),FastAPI,IO,medium
2026-05-05 21:50:05+00:00,6.36,44.58,42.125,1,13.0,A (Ideal),FastAPI,IO,medium
2026-05-05 21:50:07+00:00,6.2,44.68,42.125,1,15.0,A (Ideal),FastAPI,IO,medium
2026-05-05 21:50:09+00:00,6.25,44.28,42.125,2,17.0,A (Ideal),FastAPI,IO,medium
2026-05-05 21:52:57+00:00,91.15,42.48,42.25,2,0.0,A (Ideal),Express,CPU,high
2026-05-05 21:52:59+00:00,88.12,43.98,42.25,3,2.0,A (Ideal),Express,CPU,high
2026-05-05 21:53:01+00:00,89.56,43.61,42.25,3,4.0,A (Ideal),Express,CPU,high
2026-05-05 21:53:04+00:00,88.34,43.34,42.375,2,7.0,A (Ideal),Express,CPU,high
2026-05-05 21:53:06+00:00,88.38,43.04,42.375,3,9.0,A (Ideal),Express,CPU,high
2026-05-05 21:53:08+00:00,90.34,42.89,42.375,2,11.0,A (Ideal),Express,CPU,high
2026-05-05 21:53:10+00:00,89.47,42.7,42.375,3,13.0,A (Ideal),Express,CPU,high
2026-05-05 21:53:12+00:00,89.8,43.79,42.375,2,15.0,A (Ideal),Express,CPU,high
2026-05-05 21:53:14+00:00,89.45,42.84,42.375,2,17.0,A (Ideal),Express,CPU,high
2026-05-05 20:56:18+00:00,9.73,28.29,42.375,0,0.0,A (Ideal),Express,CPU,low
2026-05-05 20:56:21+00:00,10.04,28.94,42.375,0,3.0,A (Ideal),Express,CPU,low
2026-05-05 20:56:23+00:00,9.77,29.35,42.5,0,5.0,A (Ideal),Express,CPU,low
2026-05-05 20:56:25+00:00,9.87,30.21,42.5,0,7.0,A (Ideal),Express,CPU,low
2026-05-05 20:56:27+00:00,9.85,30.96,42.5,0,9.0,A (Ideal),Express,CPU,low
2026-05-05 20:56:29+00:00,9.87,31.12,42.5,0,11.0,A (Ideal),Express,CPU,low
2026-05-05 20:56:31+00:00,9.65,31.77,42.5,0,13.0,A (Ideal),Express,CPU,low
2026-05-05 20:56:33+00:00,11.19,32.57,42.5,0,15.0,A (Ideal),Express,CPU,low
2026-05-05 20:56:35+00:00,10.64,32.75,42.5,0,17.0,A (Ideal),Express,CPU,low
2026-05-05 21:22:47+00:00,9.63,46.21,42.375,1,0.0,A (Ideal),FastAPI,IO,high
2026-05-05 21:22:49+00:00,9.77,46.44,42.375,1,2.0,A (Ideal),FastAPI,IO,high
2026-05-05 21:22:51+00:00,9.61,46.18,42.375,2,4.0,A (Ideal),FastAPI,IO,high
2026-05-05 21:22:53+00:00,9.75,46.19,42.375,1,6.0,A (Ideal),FastAPI,IO,high
2026-05-05 21:22:55+00:00,9.73,46.07,42.375,1,8.0,A (Ideal),FastAPI,IO,high
2026-05-05 21:22:58+00:00,9.6,46.05,42.375,1,11.0,A (Ideal),FastAPI,IO,high
2026-05-05 21:23:00+00:00,9.65,46.07,42.5,1,13.0,A (Ideal),FastAPI,IO,high
2026-05-05 21:23:02+00:00,9.72,47.61,42.375,1,15.0,A (Ideal),FastAPI,IO,high
2026-05-05 21:23:04+00:00,9.69,48.67,42.5,1,17.0,A (Ideal),FastAPI,IO,high
2026-05-05 20:58:46+00:00,44.75,33.86,42.625,1,0.0,A (Ideal),Express,CPU,medium
2026-05-05 20:58:48+00:00,44.93,34.34,42.625,1,2.0,A (Ideal),Express,CPU,medium
2026-05-05 20:58:50+00:00,45.01,34.07,42.625,1,4.0,A (Ideal),Express,CPU,medium
2026-05-05 20:58:53+00:00,44.69,34.33,42.75,0,7.0,A (Ideal),Express,CPU,medium
2026-05-05 20:58:55+00:00,44.55,34.47,42.75,1,9.0,A (Ideal),Express,CPU,medium
2026-05-05 20:58:57+00:00,44.94,34.5,42.75,1,11.0,A (Ideal),Express,CPU,medium
2026-05-05 20:58:59+00:00,44.68,34.78,42.75,1,13.0,A (Ideal),Express,CPU,medium
2026-05-05 20:59:01+00:00,44.77,34.67,42.75,0,15.0,A (Ideal),Express,CPU,medium
2026-05-05 20:59:03+00:00,45.17,34.92,42.75,0,17.0,A (Ideal),Express,CPU,medium
2026-05-05 22:07:44+00:00,88.25,43.77,42.25,2,0.0,A (Ideal),Express,CPU,high
2026-05-05 22:07:46+00:00,88.07,43.95,42.375,3,2.0,A (Ideal),Express,CPU,high
2026-05-05 22:07:48+00:00,89.24,43.88,42.375,2,4.0,A (Ideal),Express,CPU,high
2026-05-05 22:07:50+00:00,87.16,44.32,42.375,2,6.0,A (Ideal),Express,CPU,high
2026-05-05 22:07:52+00:00,90.38,43.46,42.375,2,8.0,A (Ideal),Express,CPU,high
2026-05-05 22:07:54+00:00,90.63,43.71,42.375,2,10.0,A (Ideal),Express,CPU,high
2026-05-05 22:07:57+00:00,87.85,43.65,42.375,2,13.0,A (Ideal),Express,CPU,high
2026-05-05 22:07:59+00:00,91.12,43.26,42.375,2,15.0,A (Ideal),Express,CPU,high
2026-05-05 22:08:01+00:00,89.86,44.1,42.375,2,17.0,A (Ideal),Express,CPU,high
2026-05-05 20:38:27+00:00,9.66,44.5,42.625,1,0.0,A (Ideal),FastAPI,IO,high
2026-05-05 20:38:29+00:00,9.64,44.16,42.625,1,2.0,A (Ideal),FastAPI,IO,high
2026-05-05 20:38:31+00:00,9.65,44.28,42.75,2,4.0,A (Ideal),FastAPI,IO,high
2026-05-05 20:38:34+00:00,9.73,44.21,42.75,1,7.0,A (Ideal),FastAPI,IO,high
2026-05-05 20:38:36+00:00,9.72,44.19,42.75,0,9.0,A (Ideal),FastAPI,IO,high
2026-05-05 20:38:38+00:00,9.64,44.63,42.75,1,11.0,A (Ideal),FastAPI,IO,high
2026-05-05 20:38:40+00:00,9.63,44.21,42.75,1,13.0,A (Ideal),FastAPI,IO,high
2026-05-05 20:38:42+00:00,9.63,46.03,42.75,1,15.0,A (Ideal),FastAPI,IO,high
2026-05-05 20:38:44+00:00,9.59,47.46,42.75,2,17.0,A (Ideal),FastAPI,IO,high
2026-05-05 21:04:56+00:00,14.53,41.13,42.625,1,0.0,A (Ideal),FastAPI,CPU,medium
2026-05-05 21:04:58+00:00,14.49,41.14,42.625,0,2.0,A (Ideal),FastAPI,CPU,medium
2026-05-05 21:05:00+00:00,14.55,41.18,42.625,0,4.0,A (Ideal),FastAPI,CPU,medium
2026-05-05 21:05:02+00:00,14.51,41.23,42.625,0,6.0,A (Ideal),FastAPI,CPU,medium
2026-05-05 21:05:04+00:00,14.52,41.32,42.625,0,8.0,A (Ideal),FastAPI,CPU,medium
2026-05-05 21:05:06+00:00,14.68,41.35,42.625,0,10.0,A (Ideal),FastAPI,CPU,medium
2026-05-05 21:05:08+00:00,14.68,40.97,42.625,0,12.0,A (Ideal),FastAPI,CPU,medium
2026-05-05 21:05:11+00:00,14.47,41.25,42.625,0,15.0,A (Ideal),FastAPI,CPU,medium
2026-05-05 21:05:13+00:00,14.72,41.3,42.625,0,17.0,A (Ideal),FastAPI,CPU,medium
2026-05-05 22:14:30+00:00,9.72,44.29,41.75,1,0.0,A (Ideal),FastAPI,IO,high
2026-05-05 22:14:32+00:00,9.75,44.19,41.75,1,2.0,A (Ideal),FastAPI,IO,high
2026-05-05 22:14:34+00:00,9.74,44.16,41.75,1,4.0,A (Ideal),FastAPI,IO,high
2026-05-05 22:14:36+00:00,9.78,44.38,41.875,1,6.0,A (Ideal),FastAPI,IO,high
2026-05-05 22:14:38+00:00,9.82,44.21,41.875,1,8.0,A (Ideal),FastAPI,IO,high
2026-05-05 22:14:41+00:00,9.77,44.49,41.875,1,11.0,A (Ideal),FastAPI,IO,high
2026-05-05 22:14:43+00:00,9.75,44.4,41.875,1,13.0,A (Ideal),FastAPI,IO,high
2026-05-05 22:14:45+00:00,9.74,45.93,41.875,1,15.0,A (Ideal),FastAPI,IO,high
2026-05-05 22:14:47+00:00,9.63,47.58,41.875,1,17.0,A (Ideal),FastAPI,IO,high
2026-05-05 20:33:31+00:00,1.66,42.36,41.75,1,0.0,A (Ideal),FastAPI,IO,low
2026-05-05 20:33:34+00:00,1.65,42.28,41.75,1,3.0,A (Ideal),FastAPI,IO,low
2026-05-05 20:33:36+00:00,1.67,42.41,41.75,1,5.0,A (Ideal),FastAPI,IO,low
2026-05-05 20:33:38+00:00,1.69,42.84,41.875,1,7.0,A (Ideal),FastAPI,IO,low
2026-05-05 20:33:40+00:00,1.66,42.8,41.875,1,9.0,A (Ideal),FastAPI,IO,low
2026-05-05 20:33:42+00:00,1.65,43.02,41.875,1,11.0,A (Ideal),FastAPI,IO,low
2026-05-05 20:33:44+00:00,1.66,42.95,41.875,1,13.0,A (Ideal),FastAPI,IO,low
2026-05-05 20:33:46+00:00,1.65,43.39,41.875,1,15.0,A (Ideal),FastAPI,IO,low
2026-05-05 20:33:48+00:00,1.68,43.36,42.0,1,17.0,A (Ideal),FastAPI,IO,low
2026-05-05 22:00:57+00:00,6.19,35.44,42.125,1,0.0,A (Ideal),Express,IO,high
2026-05-05 22:00:59+00:00,5.46,36.03,42.125,1,2.0,A (Ideal),Express,IO,high
2026-05-05 22:01:02+00:00,5.38,36.24,42.125,1,5.0,A (Ideal),Express,IO,high
2026-05-05 22:01:04+00:00,6.61,36.67,42.125,1,7.0,A (Ideal),Express,IO,high
2026-05-05 22:01:06+00:00,5.02,36.69,42.125,1,9.0,A (Ideal),Express,IO,high
2026-05-05 22:01:08+00:00,6.45,36.97,42.125,1,11.0,A (Ideal),Express,IO,high
2026-05-05 22:01:10+00:00,4.58,36.88,42.125,1,13.0,A (Ideal),Express,IO,high
2026-05-05 22:01:12+00:00,5.03,36.77,42.125,1,15.0,A (Ideal),Express,IO,high
2026-05-05 22:01:14+00:00,6.32,37.1,42.125,1,17.0,A (Ideal),Express,IO,high
2026-05-05 21:05:33+00:00,6.17,43.29,42.625,1,0.0,A (Ideal),FastAPI,IO,medium
2026-05-05 21:05:35+00:00,6.22,43.79,42.625,1,2.0,A (Ideal),FastAPI,IO,medium
2026-05-05 21:05:37+00:00,6.19,44.23,42.625,1,4.0,A (Ideal),FastAPI,IO,medium
2026-05-05 21:05:39+00:00,6.23,44.13,42.625,1,6.0,A (Ideal),FastAPI,IO,medium
2026-05-05 21:05:41+00:00,6.36,44.15,42.625,1,8.0,A (Ideal),FastAPI,IO,medium
2026-05-05 21:05:43+00:00,6.2,44.0,42.625,1,10.0,A (Ideal),FastAPI,IO,medium
2026-05-05 21:05:45+00:00,6.33,44.24,42.625,1,12.0,A (Ideal),FastAPI,IO,medium
2026-05-05 21:05:47+00:00,6.34,44.13,42.625,1,14.0,A (Ideal),FastAPI,IO,medium
2026-05-05 21:05:50+00:00,6.21,44.21,42.625,1,17.0,A (Ideal),FastAPI,IO,medium
2026-05-05 21:38:47+00:00,6.14,35.4,42.25,1,0.0,A (Ideal),Express,IO,high
2026-05-05 21:38:50+00:00,5.51,36.38,42.25,1,3.0,A (Ideal),Express,IO,high
2026-05-05 21:38:52+00:00,5.33,36.23,42.25,1,5.0,A (Ideal),Express,IO,high
2026-05-05 21:38:54+00:00,6.95,36.61,42.25,1,7.0,A (Ideal),Express,IO,high
2026-05-05 21:38:56+00:00,4.89,36.68,42.25,1,9.0,A (Ideal),Express,IO,high
2026-05-05 21:38:58+00:00,6.81,36.67,42.25,1,11.0,A (Ideal),Express,IO,high
2026-05-05 21:39:00+00:00,4.64,37.0,42.25,1,13.0,A (Ideal),Express,IO,high
2026-05-05 21:39:02+00:00,5.28,36.89,42.25,1,15.0,A (Ideal),Express,IO,high
2026-05-05 21:39:04+00:00,6.19,36.9,42.25,1,17.0,A (Ideal),Express,IO,high
2026-05-05 20:43:23+00:00,6.21,43.07,42.625,1,0.0,A (Ideal),FastAPI,IO,medium
2026-05-05 20:43:25+00:00,6.19,43.84,42.625,1,2.0,A (Ideal),FastAPI,IO,medium
2026-05-05 20:43:27+00:00,6.18,44.05,42.625,1,4.0,A (Ideal),FastAPI,IO,medium
2026-05-05 20:43:29+00:00,6.21,44.06,42.625,2,6.0,A (Ideal),FastAPI,IO,medium
2026-05-05 20:43:31+00:00,6.35,44.18,42.625,2,8.0,A (Ideal),FastAPI,IO,medium
2026-05-05 20:43:33+00:00,6.18,44.27,42.625,1,10.0,A (Ideal),FastAPI,IO,medium
2026-05-05 20:43:35+00:00,6.32,44.33,42.75,1,12.0,A (Ideal),FastAPI,IO,medium
2026-05-05 20:43:37+00:00,6.22,43.88,42.625,1,14.0,A (Ideal),FastAPI,IO,medium
2026-05-05 20:43:39+00:00,6.2,43.96,42.625,1,16.0,A (Ideal),FastAPI,IO,medium
2026-05-05 21:41:52+00:00,14.7,41.54,42.125,0,0.0,A (Ideal),FastAPI,CPU,medium
2026-05-05 21:41:54+00:00,14.73,41.62,42.125,0,2.0,A (Ideal),FastAPI,CPU,medium
2026-05-05 21:41:56+00:00,14.84,41.37,42.125,0,4.0,A (Ideal),FastAPI,CPU,medium
2026-05-05 21:41:58+00:00,14.76,41.41,42.125,0,6.0,A (Ideal),FastAPI,CPU,medium
2026-05-05 21:42:01+00:00,14.68,41.2,42.125,0,9.0,A (Ideal),FastAPI,CPU,medium
2026-05-05 21:42:03+00:00,14.66,41.25,42.125,0,11.0,A (Ideal),FastAPI,CPU,medium
2026-05-05 21:42:05+00:00,14.73,41.29,42.125,0,13.0,A (Ideal),FastAPI,CPU,medium
2026-05-05 21:42:07+00:00,14.74,41.53,42.125,0,15.0,A (Ideal),FastAPI,CPU,medium
2026-05-05 21:42:09+00:00,14.74,41.6,42.125,0,17.0,A (Ideal),FastAPI,CPU,medium
2026-05-05 22:12:02+00:00,6.22,44.98,41.75,1,0.0,A (Ideal),FastAPI,IO,medium
2026-05-05 22:12:04+00:00,6.25,45.58,41.75,1,2.0,A (Ideal),FastAPI,IO,medium
2026-05-05 22:12:07+00:00,6.2,45.77,41.75,1,5.0,A (Ideal),FastAPI,IO,medium
2026-05-05 22:12:09+00:00,6.21,45.68,41.75,1,7.0,A (Ideal),FastAPI,IO,medium
2026-05-05 22:12:11+00:00,6.51,46.02,41.75,1,9.0,A (Ideal),FastAPI,IO,medium
2026-05-05 22:12:13+00:00,6.19,45.87,41.75,1,11.0,A (Ideal),FastAPI,IO,medium
2026-05-05 22:12:15+00:00,6.36,45.82,41.75,1,13.0,A (Ideal),FastAPI,IO,medium
2026-05-05 22:12:17+00:00,6.2,45.59,41.75,1,15.0,A (Ideal),FastAPI,IO,medium
2026-05-05 22:12:19+00:00,6.22,45.72,41.75,1,17.0,A (Ideal),FastAPI,IO,medium
2026-05-05 21:40:01+00:00,1.65,42.06,42.125,1,0.0,A (Ideal),FastAPI,IO,low
2026-05-05 21:40:03+00:00,1.64,42.28,42.125,1,2.0,A (Ideal),FastAPI,IO,low
2026-05-05 21:40:06+00:00,1.64,42.23,42.125,1,5.0,A (Ideal),FastAPI,IO,low
2026-05-05 21:40:08+00:00,1.66,42.39,42.125,1,7.0,A (Ideal),FastAPI,IO,low
2026-05-05 21:40:10+00:00,1.65,42.6,42.125,1,9.0,A (Ideal),FastAPI,IO,low
2026-05-05 21:40:12+00:00,1.67,42.78,42.125,1,11.0,A (Ideal),FastAPI,IO,low
2026-05-05 21:40:14+00:00,1.73,42.72,42.125,1,13.0,A (Ideal),FastAPI,IO,low
2026-05-05 21:40:16+00:00,1.64,43.11,42.125,1,15.0,A (Ideal),FastAPI,IO,low
2026-05-05 21:40:18+00:00,1.66,43.22,42.125,1,17.0,A (Ideal),FastAPI,IO,low
2026-05-05 21:08:37+00:00,91.87,43.48,43.125,2,0.0,A (Ideal),Express,CPU,high
2026-05-05 21:08:40+00:00,89.45,45.02,43.125,2,3.0,A (Ideal),Express,CPU,high
2026-05-05 21:08:42+00:00,91.02,44.21,43.125,2,5.0,A (Ideal),Express,CPU,high
2026-05-05 21:08:44+00:00,88.17,44.09,43.125,2,7.0,A (Ideal),Express,CPU,high
2026-05-05 21:08:46+00:00,87.89,43.86,43.125,2,9.0,A (Ideal),Express,CPU,high
2026-05-05 21:08:48+00:00,89.29,43.61,43.125,2,11.0,A (Ideal),Express,CPU,high
2026-05-05 21:08:50+00:00,88.02,43.68,43.125,2,13.0,A (Ideal),Express,CPU,high
2026-05-05 21:08:52+00:00,90.6,43.46,43.125,2,15.0,A (Ideal),Express,CPU,high
2026-05-05 21:08:55+00:00,89.89,43.87,43.25,2,18.0,A (Ideal),Express,CPU,high
2026-05-05 21:37:34+00:00,9.62,44.18,42.25,1,0.0,A (Ideal),FastAPI,IO,high
2026-05-05 21:37:36+00:00,9.82,44.09,42.25,1,2.0,A (Ideal),FastAPI,IO,high
2026-05-05 21:37:38+00:00,9.6,44.32,42.25,1,4.0,A (Ideal),FastAPI,IO,high
2026-05-05 21:37:40+00:00,9.69,44.5,42.25,1,6.0,A (Ideal),FastAPI,IO,high
2026-05-05 21:37:42+00:00,9.76,44.25,42.25,1,8.0,A (Ideal),FastAPI,IO,high
2026-05-05 21:37:44+00:00,9.59,44.4,42.375,1,10.0,A (Ideal),FastAPI,IO,high
2026-05-05 21:37:46+00:00,9.62,44.15,42.375,1,12.0,A (Ideal),FastAPI,IO,high
2026-05-05 21:37:48+00:00,9.67,46.12,42.375,1,14.0,A (Ideal),FastAPI,IO,high
2026-05-05 21:37:50+00:00,9.67,47.39,42.375,1,16.0,A (Ideal),FastAPI,IO,high
2026-05-05 22:18:49+00:00,14.66,43.31,41.5,0,0.0,A (Ideal),FastAPI,CPU,medium
2026-05-05 22:18:51+00:00,14.77,43.33,41.5,0,2.0,A (Ideal),FastAPI,CPU,medium
2026-05-05 22:18:53+00:00,14.64,43.36,41.625,0,4.0,A (Ideal),FastAPI,CPU,medium
2026-05-05 22:18:55+00:00,14.61,43.42,41.625,0,6.0,A (Ideal),FastAPI,CPU,medium
2026-05-05 22:18:57+00:00,14.7,43.8,41.625,1,8.0,A (Ideal),FastAPI,CPU,medium
2026-05-05 22:18:59+00:00,14.68,43.87,41.625,0,10.0,A (Ideal),FastAPI,CPU,medium
2026-05-05 22:19:01+00:00,14.79,43.46,41.625,1,12.0,A (Ideal),FastAPI,CPU,medium
2026-05-05 22:19:04+00:00,14.62,43.75,41.625,0,15.0,A (Ideal),FastAPI,CPU,medium
2026-05-05 22:19:06+00:00,14.72,43.75,41.625,0,17.0,A (Ideal),FastAPI,CPU,medium
2026-05-05 20:41:32+00:00,9.73,28.1,42.625,0,0.0,A (Ideal),Express,CPU,low
2026-05-05 20:41:34+00:00,10.01,28.97,42.625,1,2.0,A (Ideal),Express,CPU,low
2026-05-05 20:41:36+00:00,9.77,29.4,42.625,0,4.0,A (Ideal),Express,CPU,low
2026-05-05 20:41:38+00:00,9.82,30.11,42.625,0,6.0,A (Ideal),Express,CPU,low
2026-05-05 20:41:40+00:00,9.75,30.64,42.625,0,8.0,A (Ideal),Express,CPU,low
2026-05-05 20:41:42+00:00,9.74,31.05,42.625,0,10.0,A (Ideal),Express,CPU,low
2026-05-05 20:41:45+00:00,9.84,31.76,42.625,0,13.0,A (Ideal),Express,CPU,low
2026-05-05 20:41:47+00:00,11.15,32.76,42.625,0,15.0,A (Ideal),Express,CPU,low
2026-05-05 20:41:49+00:00,9.67,32.84,42.625,0,17.0,A (Ideal),Express,CPU,low
2026-05-05 20:37:13+00:00,3.91,32.91,42.625,1,0.0,A (Ideal),Express,IO,medium
2026-05-05 20:37:15+00:00,3.59,33.15,42.625,1,2.0,A (Ideal),Express,IO,medium
2026-05-05 20:37:17+00:00,5.42,35.17,42.625,2,4.0,A (Ideal),Express,IO,medium
2026-05-05 20:37:20+00:00,3.43,35.21,42.625,1,7.0,A (Ideal),Express,IO,medium
2026-05-05 20:37:22+00:00,3.42,35.34,42.625,1,9.0,A (Ideal),Express,IO,medium
2026-05-05 20:37:24+00:00,4.01,35.41,42.625,1,11.0,A (Ideal),Express,IO,medium
2026-05-05 20:37:26+00:00,3.81,35.7,42.625,1,13.0,A (Ideal),Express,IO,medium
2026-05-05 20:37:28+00:00,5.76,36.14,42.625,1,15.0,A (Ideal),Express,IO,medium
2026-05-05 20:37:30+00:00,3.25,35.95,42.625,1,17.0,A (Ideal),Express,IO,medium
2026-05-05 21:54:48+00:00,1.64,42.0,41.875,1,0.0,A (Ideal),FastAPI,IO,low
2026-05-05 21:54:50+00:00,1.64,42.14,41.875,1,2.0,A (Ideal),FastAPI,IO,low
2026-05-05 21:54:52+00:00,1.65,42.28,41.875,1,4.0,A (Ideal),FastAPI,IO,low
2026-05-05 21:54:54+00:00,1.69,42.49,41.875,1,6.0,A (Ideal),FastAPI,IO,low
2026-05-05 21:54:56+00:00,1.66,42.66,42.0,1,8.0,A (Ideal),FastAPI,IO,low
2026-05-05 21:54:58+00:00,1.65,42.88,42.0,1,10.0,A (Ideal),FastAPI,IO,low
2026-05-05 21:55:00+00:00,1.64,42.75,42.0,1,12.0,A (Ideal),FastAPI,IO,low
2026-05-05 21:55:03+00:00,1.64,43.14,42.0,1,15.0,A (Ideal),FastAPI,IO,low
2026-05-05 21:55:05+00:00,1.67,43.07,42.0,1,17.0,A (Ideal),FastAPI,IO,low
2026-05-05 20:51:23+00:00,45.58,34.44,42.75,1,0.0,A (Ideal),Express,CPU,medium
2026-05-05 20:51:25+00:00,45.16,34.14,42.75,0,2.0,A (Ideal),Express,CPU,medium
2026-05-05 20:51:27+00:00,45.19,34.35,42.75,1,4.0,A (Ideal),Express,CPU,medium
2026-05-05 20:51:29+00:00,44.32,34.21,42.875,0,6.0,A (Ideal),Express,CPU,medium
2026-05-05 20:51:31+00:00,44.51,34.77,42.875,1,8.0,A (Ideal),Express,CPU,medium
2026-05-05 20:51:34+00:00,44.55,34.3,42.875,1,11.0,A (Ideal),Express,CPU,medium
2026-05-05 20:51:36+00:00,44.48,34.69,42.875,0,13.0,A (Ideal),Express,CPU,medium
2026-05-05 20:51:38+00:00,45.71,41.37,42.875,1,15.0,A (Ideal),Express,CPU,medium
2026-05-05 20:51:40+00:00,46.24,41.45,42.875,0,17.0,A (Ideal),Express,CPU,medium
2026-05-05 21:09:14+00:00,6.72,35.43,42.875,1,0.0,A (Ideal),Express,IO,high
2026-05-05 21:09:16+00:00,7.24,35.91,42.875,1,2.0,A (Ideal),Express,IO,high
2026-05-05 21:09:19+00:00,5.33,36.3,43.0,1,5.0,A (Ideal),Express,IO,high
2026-05-05 21:09:21+00:00,6.58,36.4,43.0,1,7.0,A (Ideal),Express,IO,high
2026-05-05 21:09:23+00:00,4.92,36.42,43.0,1,9.0,A (Ideal),Express,IO,high
2026-05-05 21:09:25+00:00,6.5,36.65,43.0,1,11.0,A (Ideal),Express,IO,high
2026-05-05 21:09:27+00:00,4.71,36.79,43.0,1,13.0,A (Ideal),Express,IO,high
2026-05-05 21:09:29+00:00,5.22,36.32,43.0,1,15.0,A (Ideal),Express,IO,high
2026-05-05 21:09:31+00:00,6.49,36.63,43.0,1,17.0,A (Ideal),Express,IO,high
2026-05-05 22:20:03+00:00,45.31,33.64,41.625,1,0.0,A (Ideal),Express,CPU,medium
2026-05-05 22:20:05+00:00,45.86,33.72,41.75,1,2.0,A (Ideal),Express,CPU,medium
2026-05-05 22:20:07+00:00,45.61,34.08,41.75,1,4.0,A (Ideal),Express,CPU,medium
2026-05-05 22:20:09+00:00,45.22,34.04,41.75,0,6.0,A (Ideal),Express,CPU,medium
2026-05-05 22:20:11+00:00,45.2,34.28,41.75,1,8.0,A (Ideal),Express,CPU,medium
2026-05-05 22:20:13+00:00,45.29,34.15,41.75,1,10.0,A (Ideal),Express,CPU,medium
2026-05-05 22:20:15+00:00,45.46,34.7,41.75,1,12.0,A (Ideal),Express,CPU,medium
2026-05-05 22:20:18+00:00,44.92,34.5,41.75,1,15.0,A (Ideal),Express,CPU,medium
2026-05-05 22:20:20+00:00,45.64,34.56,41.75,0,17.0,A (Ideal),Express,CPU,medium
2026-05-05 21:25:52+00:00,10.05,28.07,42.25,0,0.0,A (Ideal),Express,CPU,low
2026-05-05 21:25:54+00:00,10.08,28.71,42.25,0,2.0,A (Ideal),Express,CPU,low
2026-05-05 21:25:56+00:00,9.87,29.07,42.375,0,4.0,A (Ideal),Express,CPU,low
2026-05-05 21:25:58+00:00,9.91,30.14,42.25,1,6.0,A (Ideal),Express,CPU,low
2026-05-05 21:26:00+00:00,9.8,30.63,42.25,0,8.0,A (Ideal),Express,CPU,low
2026-05-05 21:26:02+00:00,9.81,31.0,42.25,0,10.0,A (Ideal),Express,CPU,low
2026-05-05 21:26:04+00:00,9.7,31.59,42.25,0,12.0,A (Ideal),Express,CPU,low
2026-05-05 21:26:06+00:00,10.9,32.46,42.25,0,14.0,A (Ideal),Express,CPU,low
2026-05-05 21:26:09+00:00,9.72,32.53,42.25,0,17.0,A (Ideal),Express,CPU,low
2026-05-05 20:34:45+00:00,1.59,29.1,42.125,1,0.0,A (Ideal),Express,IO,low
2026-05-05 20:34:47+00:00,1.73,29.93,42.125,1,2.0,A (Ideal),Express,IO,low
2026-05-05 20:34:50+00:00,1.41,30.09,42.125,1,5.0,A (Ideal),Express,IO,low
2026-05-05 20:34:52+00:00,1.76,30.63,42.125,1,7.0,A (Ideal),Express,IO,low
2026-05-05 20:34:54+00:00,1.29,31.15,42.125,1,9.0,A (Ideal),Express,IO,low
2026-05-05 20:34:56+00:00,1.46,31.15,42.125,1,11.0,A (Ideal),Express,IO,low
2026-05-05 20:34:58+00:00,1.42,31.84,42.125,1,13.0,A (Ideal),Express,IO,low
2026-05-05 20:35:00+00:00,2.26,32.43,42.25,1,15.0,A (Ideal),Express,IO,low
2026-05-05 20:35:02+00:00,1.33,32.71,42.25,2,17.0,A (Ideal),Express,IO,low
2026-05-05 22:23:08+00:00,6.07,35.65,41.625,1,0.0,A (Ideal),Express,IO,high
2026-05-05 22:23:10+00:00,5.29,36.64,41.625,1,2.0,A (Ideal),Express,IO,high
2026-05-05 22:23:12+00:00,5.21,36.69,41.75,1,4.0,A (Ideal),Express,IO,high
2026-05-05 22:23:14+00:00,6.2,36.99,41.75,1,6.0,A (Ideal),Express,IO,high
2026-05-05 22:23:16+00:00,4.72,37.07,41.75,2,8.0,A (Ideal),Express,IO,high
2026-05-05 22:23:18+00:00,6.5,37.17,41.75,1,10.0,A (Ideal),Express,IO,high
2026-05-05 22:23:20+00:00,4.38,37.41,41.75,1,12.0,A (Ideal),Express,IO,high
2026-05-05 22:23:22+00:00,4.83,37.06,41.75,1,14.0,A (Ideal),Express,IO,high
2026-05-05 22:23:25+00:00,6.06,37.02,41.75,1,17.0,A (Ideal),Express,IO,high
2026-05-05 22:07:07+00:00,9.6,45.68,42.0,1,0.0,A (Ideal),FastAPI,IO,high
2026-05-05 22:07:09+00:00,9.65,46.18,42.0,1,2.0,A (Ideal),FastAPI,IO,high
2026-05-05 22:07:11+00:00,9.61,45.89,42.0,1,4.0,A (Ideal),FastAPI,IO,high
2026-05-05 22:07:13+00:00,9.68,46.11,42.125,1,6.0,A (Ideal),FastAPI,IO,high
2026-05-05 22:07:15+00:00,9.73,46.03,42.0,1,8.0,A (Ideal),FastAPI,IO,high
2026-05-05 22:07:17+00:00,9.64,46.57,42.0,1,10.0,A (Ideal),FastAPI,IO,high
2026-05-05 22:07:19+00:00,9.64,46.03,42.125,1,12.0,A (Ideal),FastAPI,IO,high
2026-05-05 22:07:22+00:00,9.64,47.78,42.125,1,15.0,A (Ideal),FastAPI,IO,high
2026-05-05 22:07:24+00:00,9.59,48.62,42.125,1,17.0,A (Ideal),FastAPI,IO,high
2026-05-05 21:59:43+00:00,9.52,44.16,42.0,1,0.0,A (Ideal),FastAPI,IO,high
2026-05-05 21:59:46+00:00,9.64,44.14,42.0,1,3.0,A (Ideal),FastAPI,IO,high
2026-05-05 21:59:48+00:00,9.51,44.51,42.0,1,5.0,A (Ideal),FastAPI,IO,high
2026-05-05 21:59:50+00:00,9.65,44.49,42.0,1,7.0,A (Ideal),FastAPI,IO,high
2026-05-05 21:59:52+00:00,9.63,44.29,42.0,1,9.0,A (Ideal),FastAPI,IO,high
2026-05-05 21:59:54+00:00,9.52,44.35,42.0,1,11.0,A (Ideal),FastAPI,IO,high
2026-05-05 21:59:56+00:00,9.48,44.76,42.0,1,13.0,A (Ideal),FastAPI,IO,high
2026-05-05 21:59:58+00:00,9.55,46.39,42.0,1,15.0,A (Ideal),FastAPI,IO,high
2026-05-05 22:00:00+00:00,9.65,48.04,42.0,1,17.0,A (Ideal),FastAPI,IO,high
2026-05-05 22:08:21+00:00,6.6,35.54,42.125,1,0.0,A (Ideal),Express,IO,high
2026-05-05 22:08:23+00:00,7.3,36.32,42.125,1,2.0,A (Ideal),Express,IO,high
2026-05-05 22:08:25+00:00,5.8,36.29,42.125,1,4.0,A (Ideal),Express,IO,high
2026-05-05 22:08:27+00:00,6.0,36.68,42.125,1,6.0,A (Ideal),Express,IO,high
2026-05-05 22:08:29+00:00,4.95,36.57,42.125,1,8.0,A (Ideal),Express,IO,high
2026-05-05 22:08:31+00:00,6.57,36.5,42.125,1,10.0,A (Ideal),Express,IO,high
2026-05-05 22:08:33+00:00,4.76,36.66,42.125,1,12.0,A (Ideal),Express,IO,high
2026-05-05 22:08:35+00:00,5.04,36.87,42.125,1,14.0,A (Ideal),Express,IO,high
2026-05-05 22:08:38+00:00,6.26,36.62,42.125,1,17.0,A (Ideal),Express,IO,high
2026-05-05 20:49:32+00:00,1.56,27.59,42.625,1,0.0,A (Ideal),Express,IO,low
2026-05-05 20:49:34+00:00,1.72,28.17,42.625,1,2.0,A (Ideal),Express,IO,low
2026-05-05 20:49:36+00:00,1.42,28.46,42.625,1,4.0,A (Ideal),Express,IO,low
2026-05-05 20:49:38+00:00,1.77,29.15,42.625,1,6.0,A (Ideal),Express,IO,low
2026-05-05 20:49:40+00:00,1.27,29.7,42.625,1,8.0,A (Ideal),Express,IO,low
2026-05-05 20:49:43+00:00,1.45,29.93,42.625,1,11.0,A (Ideal),Express,IO,low
2026-05-05 20:49:45+00:00,1.44,30.28,42.75,1,13.0,A (Ideal),Express,IO,low
2026-05-05 20:49:47+00:00,2.34,31.08,42.625,1,15.0,A (Ideal),Express,IO,low
2026-05-05 20:49:49+00:00,1.29,31.04,42.75,1,17.0,A (Ideal),Express,IO,low
2026-05-05 22:05:53+00:00,3.72,32.86,41.875,1,0.0,A (Ideal),Express,IO,medium
2026-05-05 22:05:55+00:00,3.13,33.95,41.875,1,2.0,A (Ideal),Express,IO,medium
2026-05-05 22:05:57+00:00,4.92,35.23,41.875,1,4.0,A (Ideal),Express,IO,medium
2026-05-05 22:05:59+00:00,3.15,35.17,41.875,1,6.0,A (Ideal),Express,IO,medium
2026-05-05 22:06:01+00:00,2.97,35.18,41.875,1,8.0,A (Ideal),Express,IO,medium
2026-05-05 22:06:03+00:00,3.76,35.45,41.875,1,10.0,A (Ideal),Express,IO,medium
2026-05-05 22:06:05+00:00,3.59,35.65,41.875,1,12.0,A (Ideal),Express,IO,medium
2026-05-05 22:06:08+00:00,3.55,36.59,41.875,1,15.0,A (Ideal),Express,IO,medium
2026-05-05 22:06:10+00:00,3.2,36.42,41.875,1,17.0,A (Ideal),Express,IO,medium
2026-05-05 21:03:05+00:00,1.65,43.97,42.5,1,0.0,A (Ideal),FastAPI,IO,low
2026-05-05 21:03:07+00:00,1.64,44.14,42.5,1,2.0,A (Ideal),FastAPI,IO,low
2026-05-05 21:03:09+00:00,1.65,44.07,42.625,1,4.0,A (Ideal),FastAPI,IO,low
2026-05-05 21:03:11+00:00,1.66,44.48,42.625,1,6.0,A (Ideal),FastAPI,IO,low
2026-05-05 21:03:13+00:00,1.66,44.4,42.625,1,8.0,A (Ideal),FastAPI,IO,low
2026-05-05 21:03:15+00:00,1.67,44.51,42.625,1,10.0,A (Ideal),FastAPI,IO,low
2026-05-05 21:03:18+00:00,1.66,44.67,42.625,1,13.0,A (Ideal),FastAPI,IO,low
2026-05-05 21:03:20+00:00,1.68,44.88,42.625,1,15.0,A (Ideal),FastAPI,IO,low
2026-05-05 21:03:22+00:00,1.68,45.07,42.625,1,17.0,A (Ideal),FastAPI,IO,low
2026-05-05 22:15:44+00:00,6.55,35.52,41.875,1,0.0,A (Ideal),Express,IO,high
2026-05-05 22:15:46+00:00,7.6,35.84,41.875,1,2.0,A (Ideal),Express,IO,high
2026-05-05 22:15:48+00:00,5.76,35.95,41.875,1,4.0,A (Ideal),Express,IO,high
2026-05-05 22:15:50+00:00,7.81,36.24,41.875,1,6.0,A (Ideal),Express,IO,high
2026-05-05 22:15:52+00:00,5.02,36.29,41.875,2,8.0,A (Ideal),Express,IO,high
2026-05-05 22:15:54+00:00,6.84,36.43,41.875,1,10.0,A (Ideal),Express,IO,high
2026-05-05 22:15:57+00:00,4.72,36.72,41.875,1,13.0,A (Ideal),Express,IO,high
2026-05-05 22:15:59+00:00,5.06,36.46,41.875,1,15.0,A (Ideal),Express,IO,high
2026-05-05 22:16:01+00:00,6.38,36.61,41.875,1,17.0,A (Ideal),Express,IO,high
2026-05-05 21:27:42+00:00,6.24,43.25,42.125,1,0.0,A (Ideal),FastAPI,IO,medium
2026-05-05 21:27:45+00:00,6.36,43.95,42.125,1,3.0,A (Ideal),FastAPI,IO,medium
2026-05-05 21:27:47+00:00,6.21,44.14,42.125,1,5.0,A (Ideal),FastAPI,IO,medium
2026-05-05 21:27:49+00:00,6.26,43.99,42.125,1,7.0,A (Ideal),FastAPI,IO,medium
2026-05-05 21:27:51+00:00,6.42,44.08,42.125,1,9.0,A (Ideal),FastAPI,IO,medium
2026-05-05 21:27:53+00:00,6.41,44.78,42.125,1,11.0,A (Ideal),FastAPI,IO,medium
2026-05-05 21:27:55+00:00,6.36,44.55,42.25,2,13.0,A (Ideal),FastAPI,IO,medium
2026-05-05 21:27:57+00:00,6.25,44.66,42.25,1,15.0,A (Ideal),FastAPI,IO,medium
2026-05-05 21:27:59+00:00,6.29,44.52,42.25,1,17.0,A (Ideal),FastAPI,IO,medium
2026-05-05 22:00:21+00:00,89.3,43.43,42.125,2,0.0,A (Ideal),Express,CPU,high
2026-05-05 22:00:23+00:00,88.1,43.8,42.25,2,2.0,A (Ideal),Express,CPU,high
2026-05-05 22:00:25+00:00,90.3,43.53,42.25,2,4.0,A (Ideal),Express,CPU,high
2026-05-05 22:00:27+00:00,89.38,43.55,42.25,3,6.0,A (Ideal),Express,CPU,high
2026-05-05 22:00:29+00:00,88.48,43.62,42.25,2,8.0,A (Ideal),Express,CPU,high
2026-05-05 22:00:31+00:00,90.38,42.99,42.25,2,10.0,A (Ideal),Express,CPU,high
2026-05-05 22:00:33+00:00,90.23,43.03,42.25,2,12.0,A (Ideal),Express,CPU,high
2026-05-05 22:00:35+00:00,90.84,44.17,42.375,1,14.0,A (Ideal),Express,CPU,high
2026-05-05 22:00:38+00:00,89.1,43.62,42.375,2,17.0,A (Ideal),Express,CPU,high
2026-05-05 22:16:58+00:00,1.69,42.05,41.75,1,0.0,A (Ideal),FastAPI,IO,low
2026-05-05 22:17:00+00:00,1.64,42.16,41.75,1,2.0,A (Ideal),FastAPI,IO,low
2026-05-05 22:17:02+00:00,1.64,42.27,41.75,1,4.0,A (Ideal),FastAPI,IO,low
2026-05-05 22:17:04+00:00,1.67,42.43,41.75,1,6.0,A (Ideal),FastAPI,IO,low
2026-05-05 22:17:06+00:00,1.64,42.58,41.75,1,8.0,A (Ideal),FastAPI,IO,low
2026-05-05 22:17:08+00:00,1.66,42.52,41.75,1,10.0,A (Ideal),FastAPI,IO,low
2026-05-05 22:17:10+00:00,1.66,42.7,41.625,1,12.0,A (Ideal),FastAPI,IO,low
2026-05-05 22:17:13+00:00,1.66,42.88,41.625,1,15.0,A (Ideal),FastAPI,IO,low
2026-05-05 22:17:15+00:00,1.67,43.0,41.625,2,17.0,A (Ideal),FastAPI,IO,low
2026-05-05 22:15:07+00:00,91.7,43.57,42.0,2,0.0,A (Ideal),Express,CPU,high
2026-05-05 22:15:09+00:00,88.27,43.78,42.0,2,2.0,A (Ideal),Express,CPU,high
2026-05-05 22:15:11+00:00,89.55,39.16,42.125,2,4.0,A (Ideal),Express,CPU,high
2026-05-05 22:15:13+00:00,88.85,39.46,42.125,2,6.0,A (Ideal),Express,CPU,high
2026-05-05 22:15:16+00:00,90.96,43.32,42.125,3,9.0,A (Ideal),Express,CPU,high
2026-05-05 22:15:18+00:00,91.87,43.11,42.125,2,11.0,A (Ideal),Express,CPU,high
2026-05-05 22:15:20+00:00,88.76,43.16,42.125,2,13.0,A (Ideal),Express,CPU,high
2026-05-05 22:15:22+00:00,90.05,42.59,42.125,2,15.0,A (Ideal),Express,CPU,high
2026-05-05 22:15:24+00:00,89.94,43.45,42.125,2,17.0,A (Ideal),Express,CPU,high
2026-05-05 21:00:37+00:00,9.66,44.16,42.625,1,0.0,A (Ideal),FastAPI,IO,high
2026-05-05 21:00:39+00:00,9.66,44.05,42.625,1,2.0,A (Ideal),FastAPI,IO,high
2026-05-05 21:00:41+00:00,9.61,44.42,42.625,1,4.0,A (Ideal),FastAPI,IO,high
2026-05-05 21:00:43+00:00,9.66,44.6,42.75,1,6.0,A (Ideal),FastAPI,IO,high
2026-05-05 21:00:46+00:00,9.76,44.51,42.75,1,9.0,A (Ideal),FastAPI,IO,high
2026-05-05 21:00:48+00:00,9.58,44.43,42.625,2,11.0,A (Ideal),FastAPI,IO,high
2026-05-05 21:00:50+00:00,9.69,44.46,42.75,1,13.0,A (Ideal),FastAPI,IO,high
2026-05-05 21:00:52+00:00,9.64,46.31,42.625,1,15.0,A (Ideal),FastAPI,IO,high
2026-05-05 21:00:54+00:00,9.66,47.72,42.75,1,17.0,A (Ideal),FastAPI,IO,high
2026-05-05 21:02:28+00:00,3.32,41.22,42.625,0,0.0,A (Ideal),FastAPI,CPU,low
2026-05-05 21:02:30+00:00,3.26,41.05,42.625,0,2.0,A (Ideal),FastAPI,CPU,low
2026-05-05 21:02:32+00:00,3.29,41.14,42.625,0,4.0,A (Ideal),FastAPI,CPU,low
2026-05-05 21:02:34+00:00,3.29,41.25,42.625,0,6.0,A (Ideal),FastAPI,CPU,low
2026-05-05 21:02:36+00:00,3.26,41.13,42.625,0,8.0,A (Ideal),FastAPI,CPU,low
2026-05-05 21:02:39+00:00,3.29,41.28,42.625,0,11.0,A (Ideal),FastAPI,CPU,low
2026-05-05 21:02:41+00:00,3.29,41.19,42.625,0,13.0,A (Ideal),FastAPI,CPU,low
2026-05-05 21:02:43+00:00,3.26,41.2,42.625,0,15.0,A (Ideal),FastAPI,CPU,low
2026-05-05 21:02:45+00:00,3.29,41.28,42.625,0,17.0,A (Ideal),FastAPI,CPU,low
2026-05-05 22:04:39+00:00,6.16,44.89,41.875,1,0.0,A (Ideal),FastAPI,IO,medium
2026-05-05 22:04:41+00:00,6.25,45.42,41.875,1,2.0,A (Ideal),FastAPI,IO,medium
2026-05-05 22:04:43+00:00,6.21,45.88,41.875,1,4.0,A (Ideal),FastAPI,IO,medium
2026-05-05 22:04:45+00:00,6.22,45.85,42.0,1,6.0,A (Ideal),FastAPI,IO,medium
2026-05-05 22:04:47+00:00,6.39,45.71,42.0,0,8.0,A (Ideal),FastAPI,IO,medium
2026-05-05 22:04:50+00:00,6.23,45.64,42.0,1,11.0,A (Ideal),FastAPI,IO,medium
2026-05-05 22:04:52+00:00,6.34,45.75,41.875,1,13.0,A (Ideal),FastAPI,IO,medium
2026-05-05 22:04:54+00:00,6.2,45.87,41.875,1,15.0,A (Ideal),FastAPI,IO,medium
2026-05-05 22:04:56+00:00,6.26,45.94,41.875,1,17.0,A (Ideal),FastAPI,IO,medium
2026-05-05 22:13:53+00:00,27.56,41.33,41.875,1,0.0,A (Ideal),FastAPI,CPU,high
2026-05-05 22:13:55+00:00,27.53,41.39,41.875,0,2.0,A (Ideal),FastAPI,CPU,high
2026-05-05 22:13:57+00:00,27.68,41.42,41.875,0,4.0,A (Ideal),FastAPI,CPU,high
2026-05-05 22:13:59+00:00,27.59,41.09,41.875,1,6.0,A (Ideal),FastAPI,CPU,high
2026-05-05 22:14:02+00:00,27.63,41.5,41.875,0,9.0,A (Ideal),FastAPI,CPU,high
2026-05-05 22:14:04+00:00,27.71,41.16,41.875,0,11.0,A (Ideal),FastAPI,CPU,high
2026-05-05 22:14:06+00:00,27.84,41.28,41.875,0,13.0,A (Ideal),FastAPI,CPU,high
2026-05-05 22:14:08+00:00,27.73,41.15,41.875,0,15.0,A (Ideal),FastAPI,CPU,high
2026-05-05 22:14:10+00:00,27.73,41.51,41.875,0,17.0,A (Ideal),FastAPI,CPU,high
2026-05-05 20:44:36+00:00,3.86,33.1,42.625,1,0.0,A (Ideal),Express,IO,medium
2026-05-05 20:44:39+00:00,3.45,33.71,42.625,1,3.0,A (Ideal),Express,IO,medium
2026-05-05 20:44:41+00:00,5.21,35.16,42.625,1,5.0,A (Ideal),Express,IO,medium
2026-05-05 20:44:43+00:00,3.14,35.62,42.625,1,7.0,A (Ideal),Express,IO,medium
2026-05-05 20:44:45+00:00,2.93,35.45,42.625,1,9.0,A (Ideal),Express,IO,medium
2026-05-05 20:44:47+00:00,3.68,35.71,42.625,1,11.0,A (Ideal),Express,IO,medium
2026-05-05 20:44:49+00:00,3.49,35.88,42.625,1,13.0,A (Ideal),Express,IO,medium
2026-05-05 20:44:51+00:00,3.58,36.14,42.625,1,15.0,A (Ideal),Express,IO,medium
2026-05-05 20:44:53+00:00,3.06,36.08,42.625,1,17.0,A (Ideal),Express,IO,medium
2026-05-05 22:08:58+00:00,3.27,41.26,42.0,0,0.0,A (Ideal),FastAPI,CPU,low
2026-05-05 22:09:00+00:00,3.28,41.14,42.0,0,2.0,A (Ideal),FastAPI,CPU,low
2026-05-05 22:09:02+00:00,3.28,41.22,42.0,0,4.0,A (Ideal),FastAPI,CPU,low
2026-05-05 22:09:04+00:00,3.26,41.31,42.0,0,6.0,A (Ideal),FastAPI,CPU,low
2026-05-05 22:09:06+00:00,3.25,41.17,42.0,0,8.0,A (Ideal),FastAPI,CPU,low
2026-05-05 22:09:08+00:00,3.25,41.27,42.0,0,10.0,A (Ideal),FastAPI,CPU,low
2026-05-05 22:09:10+00:00,3.28,41.4,42.0,0,12.0,A (Ideal),FastAPI,CPU,low
2026-05-05 22:09:12+00:00,3.27,41.18,42.0,0,14.0,A (Ideal),FastAPI,CPU,low
2026-05-05 22:09:14+00:00,3.28,41.3,42.0,0,16.0,A (Ideal),FastAPI,CPU,low
2026-05-05 21:09:51+00:00,3.3,41.2,42.875,0,0.0,A (Ideal),FastAPI,CPU,low
2026-05-05 21:09:53+00:00,3.31,41.11,42.875,0,2.0,A (Ideal),FastAPI,CPU,low
2026-05-05 21:09:55+00:00,3.29,41.29,42.875,0,4.0,A (Ideal),FastAPI,CPU,low
2026-05-05 21:09:58+00:00,3.32,41.56,42.875,0,7.0,A (Ideal),FastAPI,CPU,low
2026-05-05 21:10:00+00:00,3.41,41.18,42.875,0,9.0,A (Ideal),FastAPI,CPU,low
2026-05-05 21:10:02+00:00,3.34,41.3,42.875,0,11.0,A (Ideal),FastAPI,CPU,low
2026-05-05 21:10:04+00:00,3.33,41.18,42.875,0,13.0,A (Ideal),FastAPI,CPU,low
2026-05-05 21:10:06+00:00,3.33,41.28,42.875,0,15.0,A (Ideal),FastAPI,CPU,low
2026-05-05 21:10:08+00:00,3.31,41.12,42.875,0,17.0,A (Ideal),FastAPI,CPU,low
2026-05-05 21:04:19+00:00,1.56,27.97,42.625,1,0.0,A (Ideal),Express,IO,low
2026-05-05 21:04:21+00:00,1.74,28.48,42.625,1,2.0,A (Ideal),Express,IO,low
2026-05-05 21:04:23+00:00,1.42,28.69,42.625,1,4.0,A (Ideal),Express,IO,low
2026-05-05 21:04:25+00:00,1.79,28.95,42.625,1,6.0,A (Ideal),Express,IO,low
2026-05-05 21:04:27+00:00,1.3,29.39,42.625,1,8.0,A (Ideal),Express,IO,low
2026-05-05 21:04:29+00:00,1.47,29.82,42.625,1,10.0,A (Ideal),Express,IO,low
2026-05-05 21:04:31+00:00,1.45,30.34,42.625,1,12.0,A (Ideal),Express,IO,low
2026-05-05 21:04:34+00:00,2.29,30.91,42.625,1,15.0,A (Ideal),Express,IO,low
2026-05-05 21:04:36+00:00,1.34,30.96,42.625,1,17.0,A (Ideal),Express,IO,low
2026-05-05 21:00:00+00:00,28.46,41.52,42.75,0,0.0,A (Ideal),FastAPI,CPU,high
2026-05-05 21:00:02+00:00,28.63,41.37,42.75,0,2.0,A (Ideal),FastAPI,CPU,high
2026-05-05 21:00:04+00:00,28.75,41.26,42.75,0,4.0,A (Ideal),FastAPI,CPU,high
2026-05-05 21:00:07+00:00,28.61,41.41,42.75,1,7.0,A (Ideal),FastAPI,CPU,high
2026-05-05 21:00:09+00:00,28.64,41.53,42.625,0,9.0,A (Ideal),FastAPI,CPU,high
2026-05-05 21:00:11+00:00,28.57,41.4,42.75,0,11.0,A (Ideal),FastAPI,CPU,high
2026-05-05 21:00:13+00:00,28.58,41.3,42.75,0,13.0,A (Ideal),FastAPI,CPU,high
2026-05-05 21:00:15+00:00,28.76,41.71,42.75,0,15.0,A (Ideal),FastAPI,CPU,high
2026-05-05 21:00:17+00:00,28.6,41.3,42.75,1,17.0,A (Ideal),FastAPI,CPU,high
2026-05-05 21:16:01+00:00,91.6,42.6,42.625,2,0.0,A (Ideal),Express,CPU,high
2026-05-05 21:16:03+00:00,87.95,44.66,42.625,2,2.0,A (Ideal),Express,CPU,high
2026-05-05 21:16:05+00:00,89.75,43.84,42.625,2,4.0,A (Ideal),Express,CPU,high
2026-05-05 21:16:07+00:00,88.77,43.94,42.625,1,6.0,A (Ideal),Express,CPU,high
2026-05-05 21:16:09+00:00,88.31,39.42,42.625,2,8.0,A (Ideal),Express,CPU,high
2026-05-05 21:16:11+00:00,90.0,42.86,42.625,2,10.0,A (Ideal),Express,CPU,high
2026-05-05 21:16:14+00:00,90.02,43.26,42.625,2,13.0,A (Ideal),Express,CPU,high
2026-05-05 21:16:16+00:00,91.24,43.39,42.625,2,15.0,A (Ideal),Express,CPU,high
2026-05-05 21:16:18+00:00,90.64,44.11,42.625,2,17.0,A (Ideal),Express,CPU,high
2026-05-05 21:33:52+00:00,1.55,27.58,42.125,1,0.0,A (Ideal),Express,IO,low
2026-05-05 21:33:54+00:00,1.72,28.14,42.125,1,2.0,A (Ideal),Express,IO,low
2026-05-05 21:33:56+00:00,1.43,28.54,42.125,1,4.0,A (Ideal),Express,IO,low
2026-05-05 21:33:58+00:00,1.78,29.04,42.125,1,6.0,A (Ideal),Express,IO,low
2026-05-05 21:34:00+00:00,1.29,29.56,42.125,1,8.0,A (Ideal),Express,IO,low
2026-05-05 21:34:02+00:00,1.46,29.81,42.125,1,10.0,A (Ideal),Express,IO,low
2026-05-05 21:34:05+00:00,1.43,30.09,42.125,1,13.0,A (Ideal),Express,IO,low
2026-05-05 21:34:07+00:00,2.39,30.75,42.125,1,15.0,A (Ideal),Express,IO,low
2026-05-05 21:34:09+00:00,1.37,31.07,42.125,1,17.0,A (Ideal),Express,IO,low
2026-05-05 21:51:43+00:00,27.7,41.57,42.125,0,0.0,A (Ideal),FastAPI,CPU,high
2026-05-05 21:51:45+00:00,27.83,41.74,42.125,0,2.0,A (Ideal),FastAPI,CPU,high
2026-05-05 21:51:47+00:00,27.56,41.67,42.125,0,4.0,A (Ideal),FastAPI,CPU,high
2026-05-05 21:51:49+00:00,27.48,41.32,42.125,0,6.0,A (Ideal),FastAPI,CPU,high
2026-05-05 21:51:52+00:00,27.56,41.44,42.125,0,9.0,A (Ideal),FastAPI,CPU,high
2026-05-05 21:51:54+00:00,27.73,41.35,42.125,0,11.0,A (Ideal),FastAPI,CPU,high
2026-05-05 21:51:56+00:00,27.65,41.71,42.125,0,13.0,A (Ideal),FastAPI,CPU,high
2026-05-05 21:51:58+00:00,27.67,41.31,42.125,0,15.0,A (Ideal),FastAPI,CPU,high
2026-05-05 21:52:00+00:00,27.59,41.46,42.125,0,17.0,A (Ideal),FastAPI,CPU,high
2026-05-05 21:32:01+00:00,3.29,41.12,42.25,0,0.0,A (Ideal),FastAPI,CPU,low
2026-05-05 21:32:03+00:00,3.27,40.98,42.25,0,2.0,A (Ideal),FastAPI,CPU,low
2026-05-05 21:32:05+00:00,3.29,41.05,42.25,0,4.0,A (Ideal),FastAPI,CPU,low
2026-05-05 21:32:07+00:00,3.28,41.26,42.25,0,6.0,A (Ideal),FastAPI,CPU,low
2026-05-05 21:32:10+00:00,3.36,41.01,42.25,0,9.0,A (Ideal),FastAPI,CPU,low
2026-05-05 21:32:12+00:00,3.23,41.19,42.25,0,11.0,A (Ideal),FastAPI,CPU,low
2026-05-05 21:32:14+00:00,3.28,41.09,42.375,0,13.0,A (Ideal),FastAPI,CPU,low
2026-05-05 21:32:16+00:00,3.3,41.39,42.25,0,15.0,A (Ideal),FastAPI,CPU,low
2026-05-05 21:32:18+00:00,3.31,41.26,42.375,0,17.0,A (Ideal),FastAPI,CPU,low
2026-05-05 20:53:51+00:00,88.49,43.45,42.875,2,0.0,A (Ideal),Express,CPU,high
2026-05-05 20:53:53+00:00,89.83,43.35,42.875,3,2.0,A (Ideal),Express,CPU,high
2026-05-05 20:53:55+00:00,90.91,43.82,42.875,3,4.0,A (Ideal),Express,CPU,high
2026-05-05 20:53:57+00:00,89.67,43.79,42.875,2,6.0,A (Ideal),Express,CPU,high
2026-05-05 20:53:59+00:00,88.81,38.7,42.875,3,8.0,A (Ideal),Express,CPU,high
2026-05-05 20:54:01+00:00,91.25,42.55,42.875,2,10.0,A (Ideal),Express,CPU,high
2026-05-05 20:54:04+00:00,91.7,43.44,43.0,1,13.0,A (Ideal),Express,CPU,high
2026-05-05 20:54:06+00:00,89.51,43.79,43.0,2,15.0,A (Ideal),Express,CPU,high
2026-05-05 20:54:08+00:00,90.32,42.69,43.0,2,17.0,A (Ideal),Express,CPU,high
2026-05-05 21:18:28+00:00,9.91,28.19,42.375,0,0.0,A (Ideal),Express,CPU,low
2026-05-05 21:18:31+00:00,10.28,28.84,42.375,0,3.0,A (Ideal),Express,CPU,low
2026-05-05 21:18:33+00:00,10.04,29.11,42.375,0,5.0,A (Ideal),Express,CPU,low
2026-05-05 21:18:35+00:00,10.07,29.67,42.375,0,7.0,A (Ideal),Express,CPU,low
2026-05-05 21:18:37+00:00,9.88,30.86,42.375,0,9.0,A (Ideal),Express,CPU,low
2026-05-05 21:18:39+00:00,10.11,31.5,42.375,0,11.0,A (Ideal),Express,CPU,low
2026-05-05 21:18:41+00:00,9.85,31.62,42.375,0,13.0,A (Ideal),Express,CPU,low
2026-05-05 21:18:43+00:00,11.22,32.94,42.375,0,15.0,A (Ideal),Express,CPU,low
2026-05-05 21:18:45+00:00,9.87,32.77,42.375,1,17.0,A (Ideal),Express,CPU,low
2026-05-05 20:50:46+00:00,6.2,43.11,42.625,1,0.0,A (Ideal),FastAPI,IO,medium
2026-05-05 20:50:48+00:00,6.19,43.86,42.625,1,2.0,A (Ideal),FastAPI,IO,medium
2026-05-05 20:50:50+00:00,6.18,44.08,42.625,1,4.0,A (Ideal),FastAPI,IO,medium
2026-05-05 20:50:52+00:00,6.26,44.22,42.625,1,6.0,A (Ideal),FastAPI,IO,medium
2026-05-05 20:50:54+00:00,6.34,44.26,42.625,1,8.0,A (Ideal),FastAPI,IO,medium
2026-05-05 20:50:56+00:00,6.22,44.36,42.625,1,10.0,A (Ideal),FastAPI,IO,medium
2026-05-05 20:50:59+00:00,6.33,44.32,42.625,1,13.0,A (Ideal),FastAPI,IO,medium
2026-05-05 20:51:01+00:00,6.19,44.69,42.625,1,15.0,A (Ideal),FastAPI,IO,medium
2026-05-05 20:51:03+00:00,6.23,44.29,42.625,1,17.0,A (Ideal),FastAPI,IO,medium
2026-05-05 21:24:01+00:00,6.65,35.51,42.375,1,0.0,A (Ideal),Express,IO,high
2026-05-05 21:24:03+00:00,7.7,36.04,42.5,1,2.0,A (Ideal),Express,IO,high
2026-05-05 21:24:05+00:00,5.85,36.11,42.5,1,4.0,A (Ideal),Express,IO,high
2026-05-05 21:24:07+00:00,7.73,36.36,42.5,1,6.0,A (Ideal),Express,IO,high
2026-05-05 21:24:09+00:00,4.92,36.28,42.5,1,8.0,A (Ideal),Express,IO,high
2026-05-05 21:24:11+00:00,7.09,36.84,42.5,1,10.0,A (Ideal),Express,IO,high
2026-05-05 21:24:14+00:00,4.71,36.77,42.5,1,13.0,A (Ideal),Express,IO,high
2026-05-05 21:24:16+00:00,5.16,36.82,42.5,1,15.0,A (Ideal),Express,IO,high
2026-05-05 21:24:18+00:00,6.35,36.94,42.5,1,17.0,A (Ideal),Express,IO,high
2026-05-05 20:58:09+00:00,6.18,45.04,42.375,1,0.0,A (Ideal),FastAPI,IO,medium
2026-05-05 20:58:11+00:00,6.27,45.64,42.375,1,2.0,A (Ideal),FastAPI,IO,medium
2026-05-05 20:58:13+00:00,6.2,45.8,42.375,1,4.0,A (Ideal),FastAPI,IO,medium
2026-05-05 20:58:16+00:00,6.37,45.69,42.375,1,7.0,A (Ideal),FastAPI,IO,medium
2026-05-05 20:58:18+00:00,6.41,45.71,42.5,0,9.0,A (Ideal),FastAPI,IO,medium
2026-05-05 20:58:20+00:00,6.22,46.05,42.375,1,11.0,A (Ideal),FastAPI,IO,medium
2026-05-05 20:58:22+00:00,6.36,45.92,42.375,1,13.0,A (Ideal),FastAPI,IO,medium
2026-05-05 20:58:24+00:00,6.22,45.79,42.375,1,15.0,A (Ideal),FastAPI,IO,medium
2026-05-05 20:58:26+00:00,6.21,46.13,42.5,1,17.0,A (Ideal),FastAPI,IO,medium
2026-05-05 21:48:38+00:00,1.56,27.75,41.875,2,0.0,A (Ideal),Express,IO,low
2026-05-05 21:48:40+00:00,1.74,28.16,41.875,1,2.0,A (Ideal),Express,IO,low
2026-05-05 21:48:43+00:00,1.43,28.3,42.0,1,5.0,A (Ideal),Express,IO,low
2026-05-05 21:48:45+00:00,1.8,29.1,42.0,1,7.0,A (Ideal),Express,IO,low
2026-05-05 21:48:47+00:00,1.28,29.5,42.0,1,9.0,A (Ideal),Express,IO,low
2026-05-05 21:48:49+00:00,1.46,29.82,42.0,1,11.0,A (Ideal),Express,IO,low
2026-05-05 21:48:51+00:00,1.43,30.38,42.0,1,13.0,A (Ideal),Express,IO,low
2026-05-05 21:48:53+00:00,2.27,30.92,42.0,1,15.0,A (Ideal),Express,IO,low
2026-05-05 21:48:55+00:00,1.34,31.2,42.0,1,17.0,A (Ideal),Express,IO,low
2026-05-05 20:52:00+00:00,3.92,32.69,42.625,1,0.0,A (Ideal),Express,IO,medium
2026-05-05 20:52:02+00:00,3.5,33.6,42.625,2,2.0,A (Ideal),Express,IO,medium
2026-05-05 20:52:04+00:00,5.28,35.04,42.625,1,4.0,A (Ideal),Express,IO,medium
2026-05-05 20:52:06+00:00,3.19,35.24,42.625,1,6.0,A (Ideal),Express,IO,medium
2026-05-05 20:52:08+00:00,3.01,35.34,42.625,1,8.0,A (Ideal),Express,IO,medium
2026-05-05 20:52:10+00:00,3.78,35.3,42.625,1,10.0,A (Ideal),Express,IO,medium
2026-05-05 20:52:12+00:00,3.5,35.7,42.625,1,12.0,A (Ideal),Express,IO,medium
2026-05-05 20:52:14+00:00,3.57,36.35,42.625,1,14.0,A (Ideal),Express,IO,medium
2026-05-05 20:52:17+00:00,3.09,36.3,42.625,1,17.0,A (Ideal),Express,IO,medium
2026-05-05 21:46:11+00:00,6.26,35.45,42.125,1,0.0,A (Ideal),Express,IO,high
2026-05-05 21:46:13+00:00,5.37,36.47,42.125,1,2.0,A (Ideal),Express,IO,high
2026-05-05 21:46:15+00:00,5.43,36.51,42.25,1,4.0,A (Ideal),Express,IO,high
2026-05-05 21:46:17+00:00,6.83,36.62,42.25,1,6.0,A (Ideal),Express,IO,high
2026-05-05 21:46:19+00:00,5.05,36.78,42.25,1,8.0,A (Ideal),Express,IO,high
2026-05-05 21:46:21+00:00,6.66,37.4,42.25,1,10.0,A (Ideal),Express,IO,high
2026-05-05 21:46:23+00:00,4.57,37.21,42.25,1,12.0,A (Ideal),Express,IO,high
2026-05-05 21:46:25+00:00,5.0,36.96,42.25,1,14.0,A (Ideal),Express,IO,high
2026-05-05 21:46:28+00:00,6.17,37.12,42.25,1,17.0,A (Ideal),Express,IO,high
2026-05-05 21:30:47+00:00,91.46,42.84,42.5,2,0.0,A (Ideal),Express,CPU,high
2026-05-05 21:30:49+00:00,89.33,44.33,42.5,2,2.0,A (Ideal),Express,CPU,high
2026-05-05 21:30:52+00:00,91.0,43.64,42.5,2,5.0,A (Ideal),Express,CPU,high
2026-05-05 21:30:54+00:00,89.69,43.9,42.625,1,7.0,A (Ideal),Express,CPU,high
2026-05-05 21:30:56+00:00,88.52,43.2,42.625,2,9.0,A (Ideal),Express,CPU,high
2026-05-05 21:30:58+00:00,90.43,43.06,42.625,3,11.0,A (Ideal),Express,CPU,high
2026-05-05 21:31:00+00:00,88.54,42.95,42.625,2,13.0,A (Ideal),Express,CPU,high
2026-05-05 21:31:02+00:00,91.21,43.34,42.625,2,15.0,A (Ideal),Express,CPU,high
2026-05-05 21:31:04+00:00,90.06,43.48,42.625,1,17.0,A (Ideal),Express,CPU,high
2026-05-05 22:05:16+00:00,44.74,33.94,42.0,0,0.0,A (Ideal),Express,CPU,medium
2026-05-05 22:05:18+00:00,45.02,33.92,42.0,1,2.0,A (Ideal),Express,CPU,medium
2026-05-05 22:05:20+00:00,44.94,34.31,42.0,1,4.0,A (Ideal),Express,CPU,medium
2026-05-05 22:05:22+00:00,44.2,34.36,42.0,1,6.0,A (Ideal),Express,CPU,medium
2026-05-05 22:05:24+00:00,44.3,34.59,42.125,1,8.0,A (Ideal),Express,CPU,medium
2026-05-05 22:05:27+00:00,44.27,34.46,42.125,1,11.0,A (Ideal),Express,CPU,medium
2026-05-05 22:05:29+00:00,44.38,34.64,42.125,0,13.0,A (Ideal),Express,CPU,medium
2026-05-05 22:05:31+00:00,44.64,34.88,42.0,1,15.0,A (Ideal),Express,CPU,medium
2026-05-05 22:05:33+00:00,44.76,34.49,42.125,1,17.0,A (Ideal),Express,CPU,medium
2026-05-05 21:46:48+00:00,3.26,41.17,42.125,0,0.0,A (Ideal),FastAPI,CPU,low
2026-05-05 21:46:50+00:00,3.24,41.02,42.125,0,2.0,A (Ideal),FastAPI,CPU,low
2026-05-05 21:46:52+00:00,3.26,41.07,42.125,0,4.0,A (Ideal),FastAPI,CPU,low
2026-05-05 21:46:54+00:00,3.29,41.16,42.125,0,6.0,A (Ideal),FastAPI,CPU,low
2026-05-05 21:46:56+00:00,3.24,41.03,42.125,0,8.0,A (Ideal),FastAPI,CPU,low
2026-05-05 21:46:58+00:00,3.24,41.2,42.125,0,10.0,A (Ideal),FastAPI,CPU,low
2026-05-05 21:47:00+00:00,3.32,41.07,42.125,0,12.0,A (Ideal),FastAPI,CPU,low
2026-05-05 21:47:02+00:00,3.3,41.18,42.125,0,14.0,A (Ideal),FastAPI,CPU,low
2026-05-05 21:47:04+00:00,3.36,41.24,42.125,0,16.0,A (Ideal),FastAPI,CPU,low
2026-05-05 21:29:33+00:00,28.84,41.38,42.375,0,0.0,A (Ideal),FastAPI,CPU,high
2026-05-05 21:29:35+00:00,28.99,41.29,42.375,1,2.0,A (Ideal),FastAPI,CPU,high
2026-05-05 21:29:38+00:00,29.15,41.37,42.375,0,5.0,A (Ideal),FastAPI,CPU,high
2026-05-05 21:29:40+00:00,28.91,41.52,42.375,0,7.0,A (Ideal),FastAPI,CPU,high
2026-05-05 21:29:42+00:00,28.75,41.66,42.375,0,9.0,A (Ideal),FastAPI,CPU,high
2026-05-05 21:29:44+00:00,29.04,41.39,42.375,0,11.0,A (Ideal),FastAPI,CPU,high
2026-05-05 21:29:46+00:00,29.07,41.36,42.375,0,13.0,A (Ideal),FastAPI,CPU,high
2026-05-05 21:29:48+00:00,29.17,41.25,42.375,1,15.0,A (Ideal),FastAPI,CPU,high
2026-05-05 21:29:50+00:00,28.91,41.31,42.375,0,17.0,A (Ideal),FastAPI,CPU,high
2026-05-05 20:55:41+00:00,1.64,42.17,42.5,1,0.0,A (Ideal),FastAPI,IO,low
2026-05-05 20:55:44+00:00,1.65,42.13,42.5,1,3.0,A (Ideal),FastAPI,IO,low
2026-05-05 20:55:46+00:00,1.67,42.32,42.5,1,5.0,A (Ideal),FastAPI,IO,low
2026-05-05 20:55:48+00:00,1.69,42.25,42.5,1,7.0,A (Ideal),FastAPI,IO,low
2026-05-05 20:55:50+00:00,1.65,42.69,42.5,1,9.0,A (Ideal),FastAPI,IO,low
2026-05-05 20:55:52+00:00,1.67,42.88,42.5,1,11.0,A (Ideal),FastAPI,IO,low
2026-05-05 20:55:54+00:00,1.67,42.81,42.5,1,13.0,A (Ideal),FastAPI,IO,low
2026-05-05 20:55:56+00:00,1.67,43.2,42.5,1,15.0,A (Ideal),FastAPI,IO,low
2026-05-05 20:55:58+00:00,1.66,43.16,42.625,1,17.0,A (Ideal),FastAPI,IO,low
2026-05-05 21:51:06+00:00,3.93,32.75,42.0,1,0.0,A (Ideal),Express,IO,medium
2026-05-05 21:51:08+00:00,3.51,33.46,42.0,1,2.0,A (Ideal),Express,IO,medium
2026-05-05 21:51:10+00:00,5.26,35.08,42.0,1,4.0,A (Ideal),Express,IO,medium
2026-05-05 21:51:13+00:00,3.17,35.43,42.0,1,7.0,A (Ideal),Express,IO,medium
2026-05-05 21:51:15+00:00,2.98,35.44,42.125,1,9.0,A (Ideal),Express,IO,medium
2026-05-05 21:51:17+00:00,3.8,35.83,42.125,1,11.0,A (Ideal),Express,IO,medium
2026-05-05 21:51:19+00:00,3.46,35.77,42.125,1,13.0,A (Ideal),Express,IO,medium
2026-05-05 21:51:21+00:00,3.59,36.31,42.125,1,15.0,A (Ideal),Express,IO,medium
2026-05-05 21:51:23+00:00,3.15,36.25,42.125,1,17.0,A (Ideal),Express,IO,medium
2026-05-05 20:35:59+00:00,6.27,43.2,42.5,1,0.0,A (Ideal),FastAPI,IO,medium
2026-05-05 20:36:01+00:00,6.3,44.08,42.5,2,2.0,A (Ideal),FastAPI,IO,medium
2026-05-05 20:36:04+00:00,7.37,44.42,42.5,1,5.0,A (Ideal),FastAPI,IO,medium
2026-05-05 20:36:06+00:00,7.96,44.32,42.625,1,7.0,A (Ideal),FastAPI,IO,medium
2026-05-05 20:36:08+00:00,7.38,44.16,42.625,0,9.0,A (Ideal),FastAPI,IO,medium
2026-05-05 20:36:10+00:00,6.37,44.67,42.5,1,11.0,A (Ideal),FastAPI,IO,medium
2026-05-05 20:36:12+00:00,7.06,44.44,42.5,1,13.0,A (Ideal),FastAPI,IO,medium
2026-05-05 20:36:14+00:00,6.46,44.26,42.5,1,15.0,A (Ideal),FastAPI,IO,medium
2026-05-05 20:36:16+00:00,6.56,44.21,42.5,1,17.0,A (Ideal),FastAPI,IO,medium
2026-05-05 21:19:05+00:00,1.56,27.62,42.25,1,0.0,A (Ideal),Express,IO,low
2026-05-05 21:19:07+00:00,1.74,28.4,42.25,1,2.0,A (Ideal),Express,IO,low
2026-05-05 21:19:10+00:00,1.43,28.56,42.25,1,5.0,A (Ideal),Express,IO,low
2026-05-05 21:19:12+00:00,1.77,29.07,42.25,1,7.0,A (Ideal),Express,IO,low
2026-05-05 21:19:14+00:00,1.29,29.53,42.25,1,9.0,A (Ideal),Express,IO,low
2026-05-05 21:19:16+00:00,1.47,29.75,42.375,1,11.0,A (Ideal),Express,IO,low
2026-05-05 21:19:18+00:00,1.43,30.21,42.375,1,13.0,A (Ideal),Express,IO,low
2026-05-05 21:19:20+00:00,2.3,30.99,42.375,1,15.0,A (Ideal),Express,IO,low
2026-05-05 21:19:22+00:00,1.35,31.01,42.375,1,17.0,A (Ideal),Express,IO,low
2026-05-05 20:40:18+00:00,3.25,41.24,42.625,0,0.0,A (Ideal),FastAPI,CPU,low
2026-05-05 20:40:20+00:00,3.25,41.08,42.625,0,2.0,A (Ideal),FastAPI,CPU,low
2026-05-05 20:40:22+00:00,3.25,41.2,42.625,0,4.0,A (Ideal),FastAPI,CPU,low
2026-05-05 20:40:24+00:00,3.3,41.14,42.625,0,6.0,A (Ideal),FastAPI,CPU,low
2026-05-05 20:40:26+00:00,3.25,41.25,42.625,0,8.0,A (Ideal),FastAPI,CPU,low
2026-05-05 20:40:29+00:00,3.29,41.64,42.625,0,11.0,A (Ideal),FastAPI,CPU,low
2026-05-05 20:40:31+00:00,3.26,41.16,42.625,0,13.0,A (Ideal),FastAPI,CPU,low
2026-05-05 20:40:33+00:00,3.22,41.21,42.625,0,15.0,A (Ideal),FastAPI,CPU,low
2026-05-05 20:40:35+00:00,3.25,41.1,42.75,0,17.0,A (Ideal),FastAPI,CPU,low
2026-05-05 21:28:56+00:00,3.77,32.95,42.25,1,0.0,A (Ideal),Express,IO,medium
2026-05-05 21:28:58+00:00,3.14,34.09,42.25,1,2.0,A (Ideal),Express,IO,medium
2026-05-05 21:29:01+00:00,5.09,35.11,42.25,1,5.0,A (Ideal),Express,IO,medium
2026-05-05 21:29:03+00:00,3.16,35.17,42.25,1,7.0,A (Ideal),Express,IO,medium
2026-05-05 21:29:05+00:00,3.11,35.03,42.25,1,9.0,A (Ideal),Express,IO,medium
2026-05-05 21:29:07+00:00,3.8,35.59,42.375,1,11.0,A (Ideal),Express,IO,medium
2026-05-05 21:29:09+00:00,3.69,36.11,42.375,1,13.0,A (Ideal),Express,IO,medium
2026-05-05 21:29:11+00:00,3.48,36.24,42.375,1,15.0,A (Ideal),Express,IO,medium
2026-05-05 21:29:13+00:00,3.16,36.44,42.25,2,17.0,A (Ideal),Express,IO,medium
2026-05-05 22:02:11+00:00,1.67,42.21,41.875,1,0.0,A (Ideal),FastAPI,IO,low
2026-05-05 22:02:13+00:00,1.65,42.12,41.875,1,2.0,A (Ideal),FastAPI,IO,low
2026-05-05 22:02:15+00:00,1.64,42.33,41.875,1,4.0,A (Ideal),FastAPI,IO,low
2026-05-05 22:02:18+00:00,1.67,42.28,41.875,1,7.0,A (Ideal),FastAPI,IO,low
2026-05-05 22:02:20+00:00,1.65,42.73,41.875,1,9.0,A (Ideal),FastAPI,IO,low
2026-05-05 22:02:22+00:00,1.69,42.67,41.875,1,11.0,A (Ideal),FastAPI,IO,low
2026-05-05 22:02:24+00:00,1.63,42.87,41.875,1,13.0,A (Ideal),FastAPI,IO,low
2026-05-05 22:02:26+00:00,1.64,42.93,41.875,1,15.0,A (Ideal),FastAPI,IO,low
2026-05-05 22:02:28+00:00,1.68,43.09,41.875,1,17.0,A (Ideal),FastAPI,IO,low
2026-05-05 22:22:31+00:00,91.55,42.79,41.875,2,0.0,A (Ideal),Express,CPU,high
2026-05-05 22:22:33+00:00,88.33,44.03,41.875,3,2.0,A (Ideal),Express,CPU,high
2026-05-05 22:22:35+00:00,89.66,43.35,41.875,2,4.0,A (Ideal),Express,CPU,high
2026-05-05 22:22:37+00:00,88.22,43.63,42.0,2,6.0,A (Ideal),Express,CPU,high
2026-05-05 22:22:39+00:00,88.68,42.95,42.0,3,8.0,A (Ideal),Express,CPU,high
2026-05-05 22:22:41+00:00,91.02,42.74,42.0,3,10.0,A (Ideal),Express,CPU,high
2026-05-05 22:22:44+00:00,88.96,42.93,42.0,3,13.0,A (Ideal),Express,CPU,high
2026-05-05 22:22:46+00:00,89.79,43.57,42.0,1,15.0,A (Ideal),Express,CPU,high
2026-05-05 22:22:48+00:00,89.56,43.21,42.0,2,17.0,A (Ideal),Express,CPU,high
2026-05-05 20:45:13+00:00,27.59,41.43,42.625,0,0.0,A (Ideal),FastAPI,CPU,high
2026-05-05 20:45:16+00:00,27.76,41.35,42.75,1,3.0,A (Ideal),FastAPI,CPU,high
2026-05-05 20:45:18+00:00,27.82,41.14,42.75,0,5.0,A (Ideal),FastAPI,CPU,high
2026-05-05 20:45:20+00:00,27.63,41.54,42.75,0,7.0,A (Ideal),FastAPI,CPU,high
2026-05-05 20:45:22+00:00,27.64,41.31,42.75,1,9.0,A (Ideal),FastAPI,CPU,high
2026-05-05 20:45:24+00:00,27.78,41.13,42.75,0,11.0,A (Ideal),FastAPI,CPU,high
2026-05-05 20:45:26+00:00,27.53,41.09,42.75,0,13.0,A (Ideal),FastAPI,CPU,high
2026-05-05 20:45:28+00:00,27.87,41.48,42.75,0,15.0,A (Ideal),FastAPI,CPU,high
2026-05-05 20:45:30+00:00,27.93,41.41,42.75,0,17.0,A (Ideal),FastAPI,CPU,high
2026-05-05 20:39:41+00:00,6.47,35.61,42.75,1,0.0,A (Ideal),Express,IO,high
2026-05-05 20:39:43+00:00,7.37,35.98,42.75,1,2.0,A (Ideal),Express,IO,high
2026-05-05 20:39:45+00:00,5.69,36.33,42.75,1,4.0,A (Ideal),Express,IO,high
2026-05-05 20:39:47+00:00,7.83,36.54,42.75,1,6.0,A (Ideal),Express,IO,high
2026-05-05 20:39:49+00:00,4.79,36.59,42.75,1,8.0,A (Ideal),Express,IO,high
2026-05-05 20:39:52+00:00,6.62,36.77,42.75,1,11.0,A (Ideal),Express,IO,high
2026-05-05 20:39:54+00:00,4.61,36.91,42.75,1,13.0,A (Ideal),Express,IO,high
2026-05-05 20:39:56+00:00,4.98,36.61,42.875,1,15.0,A (Ideal),Express,IO,high
2026-05-05 20:39:58+00:00,6.25,36.88,42.875,1,17.0,A (Ideal),Express,IO,high
2026-05-05 20:32:55+00:00,3.25,64.99,41.375,0,0.0,A (Ideal),FastAPI,CPU,low
2026-05-05 20:32:57+00:00,3.27,65.07,41.5,0,2.0,A (Ideal),FastAPI,CPU,low
2026-05-05 20:32:59+00:00,3.24,64.93,41.5,1,4.0,A (Ideal),FastAPI,CPU,low
2026-05-05 20:33:01+00:00,3.26,65.01,41.5,0,6.0,A (Ideal),FastAPI,CPU,low
2026-05-05 20:33:03+00:00,3.24,64.91,41.625,0,8.0,A (Ideal),FastAPI,CPU,low
2026-05-05 20:33:05+00:00,3.27,65.14,41.625,0,10.0,A (Ideal),FastAPI,CPU,low
2026-05-05 20:33:07+00:00,3.24,64.99,41.625,0,12.0,A (Ideal),FastAPI,CPU,low
2026-05-05 20:33:09+00:00,3.27,65.11,41.625,0,14.0,A (Ideal),FastAPI,CPU,low
2026-05-05 20:33:11+00:00,3.39,64.94,41.75,0,16.0,A (Ideal),FastAPI,CPU,low
2026-05-05 21:43:06+00:00,45.9,33.42,42.25,1,0.0,A (Ideal),Express,CPU,medium
2026-05-05 21:43:08+00:00,46.15,33.95,42.25,1,2.0,A (Ideal),Express,CPU,medium
2026-05-05 21:43:10+00:00,45.87,33.93,42.25,0,4.0,A (Ideal),Express,CPU,medium
2026-05-05 21:43:12+00:00,45.14,34.3,42.25,1,6.0,A (Ideal),Express,CPU,medium
2026-05-05 21:43:15+00:00,45.37,34.39,42.25,1,9.0,A (Ideal),Express,CPU,medium
2026-05-05 21:43:17+00:00,45.4,34.36,42.25,0,11.0,A (Ideal),Express,CPU,medium
2026-05-05 21:43:19+00:00,45.6,34.77,42.25,1,13.0,A (Ideal),Express,CPU,medium
2026-05-05 21:43:21+00:00,45.42,34.76,42.375,1,15.0,A (Ideal),Express,CPU,medium
2026-05-05 21:43:23+00:00,45.75,34.6,42.375,1,17.0,A (Ideal),Express,CPU,medium
2026-05-05 20:37:50+00:00,28.21,41.36,42.625,1,0.0,A (Ideal),FastAPI,CPU,high
2026-05-05 20:37:52+00:00,28.17,41.49,42.75,0,2.0,A (Ideal),FastAPI,CPU,high
2026-05-05 20:37:54+00:00,27.87,41.29,42.75,0,4.0,A (Ideal),FastAPI,CPU,high
2026-05-05 20:37:57+00:00,28.4,41.45,42.75,0,7.0,A (Ideal),FastAPI,CPU,high
2026-05-05 20:37:59+00:00,28.05,41.26,42.75,0,9.0,A (Ideal),FastAPI,CPU,high
2026-05-05 20:38:01+00:00,28.18,41.15,42.75,0,11.0,A (Ideal),FastAPI,CPU,high
2026-05-05 20:38:03+00:00,28.04,41.45,42.75,1,13.0,A (Ideal),FastAPI,CPU,high
2026-05-05 20:38:05+00:00,28.0,41.38,42.75,0,15.0,A (Ideal),FastAPI,CPU,high
2026-05-05 20:38:07+00:00,28.6,41.49,42.75,0,17.0,A (Ideal),FastAPI,CPU,high
2026-05-05 20:42:09+00:00,1.57,27.57,42.625,1,0.0,A (Ideal),Express,IO,low
2026-05-05 20:42:11+00:00,1.74,28.25,42.625,1,2.0,A (Ideal),Express,IO,low
2026-05-05 20:42:13+00:00,1.43,28.41,42.625,1,4.0,A (Ideal),Express,IO,low
2026-05-05 20:42:15+00:00,1.8,28.89,42.625,1,6.0,A (Ideal),Express,IO,low
2026-05-05 20:42:17+00:00,1.29,29.37,42.625,1,8.0,A (Ideal),Express,IO,low
2026-05-05 20:42:19+00:00,1.47,29.62,42.625,1,10.0,A (Ideal),Express,IO,low
2026-05-05 20:42:21+00:00,1.41,30.29,42.625,1,12.0,A (Ideal),Express,IO,low
2026-05-05 20:42:24+00:00,2.28,30.85,42.625,1,15.0,A (Ideal),Express,IO,low
2026-05-05 20:42:26+00:00,1.34,30.93,42.625,1,17.0,A (Ideal),Express,IO,low
2026-05-05 21:41:15+00:00,1.55,27.7,42.125,1,0.0,A (Ideal),Express,IO,low
2026-05-05 21:41:17+00:00,1.73,28.14,42.125,1,2.0,A (Ideal),Express,IO,low
2026-05-05 21:41:19+00:00,1.42,28.41,42.125,1,4.0,A (Ideal),Express,IO,low
2026-05-05 21:41:22+00:00,1.8,28.9,42.125,1,7.0,A (Ideal),Express,IO,low
2026-05-05 21:41:24+00:00,1.29,29.41,42.125,1,9.0,A (Ideal),Express,IO,low
2026-05-05 21:41:26+00:00,1.46,29.61,42.125,1,11.0,A (Ideal),Express,IO,low
2026-05-05 21:41:28+00:00,1.44,30.23,42.125,1,13.0,A (Ideal),Express,IO,low
2026-05-05 21:41:30+00:00,2.26,30.86,42.125,1,15.0,A (Ideal),Express,IO,low
2026-05-05 21:41:32+00:00,1.33,30.93,42.125,1,17.0,A (Ideal),Express,IO,low
2026-05-05 21:12:56+00:00,6.13,43.41,42.625,1,0.0,A (Ideal),FastAPI,IO,medium
2026-05-05 21:12:58+00:00,6.27,43.86,42.625,1,2.0,A (Ideal),FastAPI,IO,medium
2026-05-05 21:13:00+00:00,6.17,44.32,42.625,1,4.0,A (Ideal),FastAPI,IO,medium
2026-05-05 21:13:02+00:00,6.16,44.52,42.625,1,6.0,A (Ideal),FastAPI,IO,medium
2026-05-05 21:13:04+00:00,6.36,44.03,42.625,1,8.0,A (Ideal),FastAPI,IO,medium
2026-05-05 21:13:06+00:00,6.21,44.61,42.625,1,10.0,A (Ideal),FastAPI,IO,medium
2026-05-05 21:13:09+00:00,6.31,44.72,42.625,1,13.0,A (Ideal),FastAPI,IO,medium
2026-05-05 21:13:11+00:00,6.19,44.47,42.625,1,15.0,A (Ideal),FastAPI,IO,medium
2026-05-05 21:13:13+00:00,6.24,44.25,42.625,1,17.0,A (Ideal),FastAPI,IO,medium
2026-05-05 20:35:22+00:00,14.78,41.03,42.375,0,0.0,A (Ideal),FastAPI,CPU,medium
2026-05-05 20:35:25+00:00,14.8,41.09,42.375,0,3.0,A (Ideal),FastAPI,CPU,medium
2026-05-05 20:35:27+00:00,14.61,41.12,42.375,0,5.0,A (Ideal),FastAPI,CPU,medium
2026-05-05 20:35:29+00:00,14.67,41.49,42.375,0,7.0,A (Ideal),FastAPI,CPU,medium
2026-05-05 20:35:31+00:00,14.81,41.12,42.375,0,9.0,A (Ideal),FastAPI,CPU,medium
2026-05-05 20:35:33+00:00,15.8,41.4,42.625,0,11.0,A (Ideal),FastAPI,CPU,medium
2026-05-05 20:35:35+00:00,15.31,41.14,42.75,0,13.0,A (Ideal),FastAPI,CPU,medium
2026-05-05 20:35:37+00:00,14.78,41.24,42.625,0,15.0,A (Ideal),FastAPI,CPU,medium
2026-05-05 20:35:39+00:00,15.04,41.02,42.625,0,17.0,A (Ideal),FastAPI,CPU,medium
2026-05-05 21:13:33+00:00,46.0,39.7,42.625,1,0.0,A (Ideal),Express,CPU,medium
2026-05-05 21:13:35+00:00,44.82,36.36,42.625,1,2.0,A (Ideal),Express,CPU,medium
2026-05-05 21:13:37+00:00,44.74,36.44,42.625,1,4.0,A (Ideal),Express,CPU,medium
2026-05-05 21:13:39+00:00,44.52,36.54,42.625,1,6.0,A (Ideal),Express,CPU,medium
2026-05-05 21:13:41+00:00,44.52,35.97,42.625,1,8.0,A (Ideal),Express,CPU,medium
2026-05-05 21:13:44+00:00,44.48,36.12,42.625,0,11.0,A (Ideal),Express,CPU,medium
2026-05-05 21:13:46+00:00,44.56,36.07,42.625,1,13.0,A (Ideal),Express,CPU,medium
2026-05-05 21:13:48+00:00,44.61,36.19,42.625,1,15.0,A (Ideal),Express,CPU,medium
2026-05-05 21:13:50+00:00,45.08,36.06,42.625,1,17.0,A (Ideal),Express,CPU,medium
2026-05-05 21:11:42+00:00,1.56,27.69,42.625,1,0.0,A (Ideal),Express,IO,low
2026-05-05 21:11:44+00:00,1.74,28.07,42.625,1,2.0,A (Ideal),Express,IO,low
2026-05-05 21:11:46+00:00,1.43,28.23,42.625,1,4.0,A (Ideal),Express,IO,low
2026-05-05 21:11:48+00:00,1.79,29.03,42.625,1,6.0,A (Ideal),Express,IO,low
2026-05-05 21:11:51+00:00,1.29,29.38,42.625,1,9.0,A (Ideal),Express,IO,low
2026-05-05 21:11:53+00:00,1.47,29.89,42.625,1,11.0,A (Ideal),Express,IO,low
2026-05-05 21:11:55+00:00,1.45,30.2,42.625,1,13.0,A (Ideal),Express,IO,low
2026-05-05 21:11:57+00:00,2.32,30.86,42.625,1,15.0,A (Ideal),Express,IO,low
2026-05-05 21:11:59+00:00,1.29,30.98,42.625,1,17.0,A (Ideal),Express,IO,low
2026-05-05 21:20:56+00:00,45.38,39.61,42.5,1,0.0,A (Ideal),Express,CPU,medium
2026-05-05 21:20:58+00:00,44.67,36.31,42.5,1,2.0,A (Ideal),Express,CPU,medium
2026-05-05 21:21:00+00:00,45.19,36.47,42.5,0,4.0,A (Ideal),Express,CPU,medium
2026-05-05 21:21:03+00:00,44.82,36.21,42.5,1,7.0,A (Ideal),Express,CPU,medium
2026-05-05 21:21:05+00:00,44.48,36.16,42.5,1,9.0,A (Ideal),Express,CPU,medium
2026-05-05 21:21:07+00:00,45.03,36.21,42.5,1,11.0,A (Ideal),Express,CPU,medium
2026-05-05 21:21:09+00:00,44.66,36.25,42.5,1,13.0,A (Ideal),Express,CPU,medium
2026-05-05 21:21:11+00:00,44.75,36.03,42.625,1,15.0,A (Ideal),Express,CPU,medium
2026-05-05 21:21:13+00:00,44.93,36.61,42.625,1,17.0,A (Ideal),Express,CPU,medium
2026-05-05 21:35:06+00:00,6.16,45.02,42.125,1,0.0,A (Ideal),FastAPI,IO,medium
2026-05-05 21:35:08+00:00,6.24,45.54,42.125,1,2.0,A (Ideal),FastAPI,IO,medium
2026-05-05 21:35:10+00:00,6.19,46.02,42.125,1,4.0,A (Ideal),FastAPI,IO,medium
2026-05-05 21:35:12+00:00,6.23,45.61,42.125,1,6.0,A (Ideal),FastAPI,IO,medium
2026-05-05 21:35:14+00:00,6.4,45.7,42.125,1,8.0,A (Ideal),FastAPI,IO,medium
2026-05-05 21:35:16+00:00,6.22,46.06,42.125,1,10.0,A (Ideal),FastAPI,IO,medium
2026-05-05 21:35:18+00:00,6.37,45.91,42.125,2,12.0,A (Ideal),FastAPI,IO,medium
2026-05-05 21:35:20+00:00,6.21,45.86,42.125,1,14.0,A (Ideal),FastAPI,IO,medium
2026-05-05 21:35:23+00:00,6.23,46.22,42.125,1,17.0,A (Ideal),FastAPI,IO,medium
2026-05-05 22:11:25+00:00,14.79,43.4,41.75,0,0.0,A (Ideal),FastAPI,CPU,medium
2026-05-05 22:11:27+00:00,14.85,43.45,41.75,0,2.0,A (Ideal),FastAPI,CPU,medium
2026-05-05 22:11:30+00:00,14.89,43.42,41.75,1,5.0,A (Ideal),FastAPI,CPU,medium
2026-05-05 22:11:32+00:00,14.94,43.23,41.875,0,7.0,A (Ideal),FastAPI,CPU,medium
2026-05-05 22:11:34+00:00,14.77,43.66,41.875,0,9.0,A (Ideal),FastAPI,CPU,medium
2026-05-05 22:11:36+00:00,15.03,43.48,41.875,0,11.0,A (Ideal),FastAPI,CPU,medium
2026-05-05 22:11:38+00:00,14.82,43.54,41.875,0,13.0,A (Ideal),FastAPI,CPU,medium
2026-05-05 22:11:40+00:00,14.93,43.57,41.875,0,15.0,A (Ideal),FastAPI,CPU,medium
2026-05-05 22:11:42+00:00,14.83,43.59,41.875,0,17.0,A (Ideal),FastAPI,CPU,medium
2026-05-05 22:12:39+00:00,45.11,33.52,41.875,1,0.0,A (Ideal),Express,CPU,medium
2026-05-05 22:12:41+00:00,45.28,33.96,41.875,1,2.0,A (Ideal),Express,CPU,medium
2026-05-05 22:12:43+00:00,45.29,34.02,41.875,1,4.0,A (Ideal),Express,CPU,medium
2026-05-05 22:12:46+00:00,44.66,34.57,41.875,1,7.0,A (Ideal),Express,CPU,medium
2026-05-05 22:12:48+00:00,44.69,34.5,41.875,0,9.0,A (Ideal),Express,CPU,medium
2026-05-05 22:12:50+00:00,45.02,34.57,41.875,1,11.0,A (Ideal),Express,CPU,medium
2026-05-05 22:12:52+00:00,44.79,34.65,42.0,1,13.0,A (Ideal),Express,CPU,medium
2026-05-05 22:12:54+00:00,45.18,34.71,42.0,1,15.0,A (Ideal),Express,CPU,medium
2026-05-05 22:12:56+00:00,45.51,34.7,42.0,1,17.0,A (Ideal),Express,CPU,medium
2026-05-05 20:50:09+00:00,15.02,41.48,42.625,0,0.0,A (Ideal),FastAPI,CPU,medium
2026-05-05 20:50:11+00:00,15.1,41.28,42.625,0,2.0,A (Ideal),FastAPI,CPU,medium
2026-05-05 20:50:13+00:00,15.05,41.1,42.625,0,4.0,A (Ideal),FastAPI,CPU,medium
2026-05-05 20:50:15+00:00,14.82,41.12,42.625,0,6.0,A (Ideal),FastAPI,CPU,medium
2026-05-05 20:50:17+00:00,15.14,41.46,42.625,0,8.0,A (Ideal),FastAPI,CPU,medium
2026-05-05 20:50:20+00:00,15.06,41.32,42.75,0,11.0,A (Ideal),FastAPI,CPU,medium
2026-05-05 20:50:22+00:00,15.17,41.34,42.75,0,13.0,A (Ideal),FastAPI,CPU,medium
2026-05-05 20:50:24+00:00,15.01,41.45,42.75,0,15.0,A (Ideal),FastAPI,CPU,medium
2026-05-05 20:50:26+00:00,15.09,41.01,42.625,0,17.0,A (Ideal),FastAPI,CPU,medium
2026-05-05 21:25:15+00:00,1.68,41.93,42.375,1,0.0,A (Ideal),FastAPI,IO,low
2026-05-05 21:25:17+00:00,1.63,42.02,42.375,1,2.0,A (Ideal),FastAPI,IO,low
2026-05-05 21:25:19+00:00,1.66,42.22,42.375,1,4.0,A (Ideal),FastAPI,IO,low
2026-05-05 21:25:21+00:00,1.68,42.4,42.375,1,6.0,A (Ideal),FastAPI,IO,low
2026-05-05 21:25:23+00:00,1.67,42.58,42.375,1,8.0,A (Ideal),FastAPI,IO,low
2026-05-05 21:25:25+00:00,1.66,42.54,42.375,1,10.0,A (Ideal),FastAPI,IO,low
2026-05-05 21:25:27+00:00,1.64,42.73,42.375,1,12.0,A (Ideal),FastAPI,IO,low
2026-05-05 21:25:30+00:00,1.66,43.16,42.375,1,15.0,A (Ideal),FastAPI,IO,low
2026-05-05 21:25:32+00:00,1.66,43.03,42.375,1,17.0,A (Ideal),FastAPI,IO,low
2026-05-05 21:24:38+00:00,3.29,41.16,42.375,0,0.0,A (Ideal),FastAPI,CPU,low
2026-05-05 21:24:40+00:00,3.25,41.0,42.375,0,2.0,A (Ideal),FastAPI,CPU,low
2026-05-05 21:24:42+00:00,3.23,41.24,42.375,0,4.0,A (Ideal),FastAPI,CPU,low
2026-05-05 21:24:44+00:00,3.26,41.52,42.375,0,6.0,A (Ideal),FastAPI,CPU,low
2026-05-05 21:24:46+00:00,3.27,41.14,42.375,0,8.0,A (Ideal),FastAPI,CPU,low
2026-05-05 21:24:48+00:00,3.23,41.29,42.375,0,10.0,A (Ideal),FastAPI,CPU,low
2026-05-05 21:24:51+00:00,3.25,41.15,42.375,0,13.0,A (Ideal),FastAPI,CPU,low
2026-05-05 21:24:53+00:00,3.23,41.27,42.375,0,15.0,A (Ideal),FastAPI,CPU,low
2026-05-05 21:24:55+00:00,3.24,41.14,42.375,0,17.0,A (Ideal),FastAPI,CPU,low
2026-05-05 20:57:32+00:00,14.56,41.47,42.5,0,0.0,A (Ideal),FastAPI,CPU,medium
2026-05-05 20:57:34+00:00,14.56,41.28,42.5,0,2.0,A (Ideal),FastAPI,CPU,medium
2026-05-05 20:57:37+00:00,14.72,41.6,42.5,0,5.0,A (Ideal),FastAPI,CPU,medium
2026-05-05 20:57:39+00:00,14.65,41.14,42.5,0,7.0,A (Ideal),FastAPI,CPU,medium
2026-05-05 20:57:41+00:00,14.72,41.12,42.5,0,9.0,A (Ideal),FastAPI,CPU,medium
2026-05-05 20:57:43+00:00,14.75,41.18,42.5,0,11.0,A (Ideal),FastAPI,CPU,medium
2026-05-05 20:57:45+00:00,14.66,41.1,42.5,0,13.0,A (Ideal),FastAPI,CPU,medium
2026-05-05 20:57:47+00:00,14.62,41.36,42.5,0,15.0,A (Ideal),FastAPI,CPU,medium
2026-05-05 20:57:49+00:00,14.64,41.18,42.5,0,17.0,A (Ideal),FastAPI,CPU,medium
2026-05-05 21:54:11+00:00,3.33,41.06,42.0,0,0.0,A (Ideal),FastAPI,CPU,low
2026-05-05 21:54:13+00:00,3.27,41.19,42.0,0,2.0,A (Ideal),FastAPI,CPU,low
2026-05-05 21:54:15+00:00,3.28,41.29,42.0,0,4.0,A (Ideal),FastAPI,CPU,low
2026-05-05 21:54:17+00:00,3.27,41.17,42.0,0,6.0,A (Ideal),FastAPI,CPU,low
2026-05-05 21:54:19+00:00,3.35,41.52,42.0,0,8.0,A (Ideal),FastAPI,CPU,low
2026-05-05 21:54:21+00:00,3.29,41.19,42.0,0,10.0,A (Ideal),FastAPI,CPU,low
2026-05-05 21:54:24+00:00,3.29,41.25,42.0,1,13.0,A (Ideal),FastAPI,CPU,low
2026-05-05 21:54:26+00:00,3.29,41.29,42.0,0,15.0,A (Ideal),FastAPI,CPU,low
2026-05-05 21:54:28+00:00,3.3,41.16,42.0,0,17.0,A (Ideal),FastAPI,CPU,low
2026-05-05 22:19:26+00:00,6.14,45.3,41.5,2,0.0,A (Ideal),FastAPI,IO,medium
2026-05-05 22:19:28+00:00,6.29,45.63,41.5,1,2.0,A (Ideal),FastAPI,IO,medium
2026-05-05 22:19:30+00:00,6.15,45.75,41.5,1,4.0,A (Ideal),FastAPI,IO,medium
2026-05-05 22:19:32+00:00,6.15,45.81,41.625,1,6.0,A (Ideal),FastAPI,IO,medium
2026-05-05 22:19:34+00:00,6.35,45.91,41.625,1,8.0,A (Ideal),FastAPI,IO,medium
2026-05-05 22:19:36+00:00,6.21,45.73,41.625,1,10.0,A (Ideal),FastAPI,IO,medium
2026-05-05 22:19:38+00:00,6.31,45.83,41.625,1,12.0,A (Ideal),FastAPI,IO,medium
2026-05-05 22:19:40+00:00,6.19,45.93,41.625,1,14.0,A (Ideal),FastAPI,IO,medium
2026-05-05 22:19:43+00:00,6.17,46.03,41.625,1,17.0,A (Ideal),FastAPI,IO,medium
2026-05-05 21:34:29+00:00,14.67,41.32,42.125,0,0.0,A (Ideal),FastAPI,CPU,medium
2026-05-05 21:34:31+00:00,14.69,41.11,42.125,0,2.0,A (Ideal),FastAPI,CPU,medium
2026-05-05 21:34:33+00:00,14.68,41.2,42.25,1,4.0,A (Ideal),FastAPI,CPU,medium
2026-05-05 21:34:35+00:00,14.65,41.14,42.25,0,6.0,A (Ideal),FastAPI,CPU,medium
2026-05-05 21:34:37+00:00,14.65,41.41,42.25,0,8.0,A (Ideal),FastAPI,CPU,medium
2026-05-05 21:34:39+00:00,14.64,41.25,42.25,0,10.0,A (Ideal),FastAPI,CPU,medium
2026-05-05 21:34:42+00:00,14.72,41.25,42.25,0,13.0,A (Ideal),FastAPI,CPU,medium
2026-05-05 21:34:44+00:00,14.71,41.42,42.25,0,15.0,A (Ideal),FastAPI,CPU,medium
2026-05-05 21:34:46+00:00,14.57,41.45,42.25,0,17.0,A (Ideal),FastAPI,CPU,medium
2026-05-05 22:13:16+00:00,3.81,32.62,41.75,1,0.0,A (Ideal),Express,IO,medium
2026-05-05 22:13:18+00:00,3.38,33.3,41.75,1,2.0,A (Ideal),Express,IO,medium
2026-05-05 22:13:20+00:00,5.24,35.03,41.75,1,4.0,A (Ideal),Express,IO,medium
2026-05-05 22:13:22+00:00,3.33,34.71,41.75,1,6.0,A (Ideal),Express,IO,medium
2026-05-05 22:13:25+00:00,3.31,34.96,41.75,1,9.0,A (Ideal),Express,IO,medium
2026-05-05 22:13:27+00:00,3.87,35.41,41.75,1,11.0,A (Ideal),Express,IO,medium
2026-05-05 22:13:29+00:00,3.68,35.41,41.75,1,13.0,A (Ideal),Express,IO,medium
2026-05-05 22:13:31+00:00,5.64,35.85,41.75,1,15.0,A (Ideal),Express,IO,medium
2026-05-05 22:13:33+00:00,3.28,35.84,41.75,1,17.0,A (Ideal),Express,IO,medium
2026-05-05 21:11:05+00:00,9.87,28.09,42.75,0,0.0,A (Ideal),Express,CPU,low
2026-05-05 21:11:07+00:00,10.18,28.79,42.75,0,2.0,A (Ideal),Express,CPU,low
2026-05-05 21:11:09+00:00,9.98,28.96,42.75,0,4.0,A (Ideal),Express,CPU,low
2026-05-05 21:11:12+00:00,9.97,30.01,42.75,0,7.0,A (Ideal),Express,CPU,low
2026-05-05 21:11:14+00:00,10.0,30.52,42.75,0,9.0,A (Ideal),Express,CPU,low
2026-05-05 21:11:16+00:00,9.87,30.88,42.75,0,11.0,A (Ideal),Express,CPU,low
2026-05-05 21:11:18+00:00,9.79,31.63,42.75,0,13.0,A (Ideal),Express,CPU,low
2026-05-05 21:11:20+00:00,11.28,32.87,42.75,1,15.0,A (Ideal),Express,CPU,low
2026-05-05 21:11:22+00:00,9.63,32.83,42.875,0,17.0,A (Ideal),Express,CPU,low
2026-05-05 20:42:46+00:00,14.65,41.32,42.625,0,0.0,A (Ideal),FastAPI,CPU,medium
2026-05-05 20:42:48+00:00,14.63,41.6,42.75,0,2.0,A (Ideal),FastAPI,CPU,medium
2026-05-05 20:42:50+00:00,14.68,41.39,42.625,0,4.0,A (Ideal),FastAPI,CPU,medium
2026-05-05 20:42:52+00:00,14.81,41.46,42.625,0,6.0,A (Ideal),FastAPI,CPU,medium
2026-05-05 20:42:54+00:00,14.59,41.38,42.625,0,8.0,A (Ideal),FastAPI,CPU,medium
2026-05-05 20:42:56+00:00,14.45,41.57,42.75,0,10.0,A (Ideal),FastAPI,CPU,medium
2026-05-05 20:42:58+00:00,14.62,41.26,42.75,0,12.0,A (Ideal),FastAPI,CPU,medium
2026-05-05 20:43:00+00:00,14.6,41.27,42.75,0,14.0,A (Ideal),FastAPI,CPU,medium
2026-05-05 20:43:03+00:00,14.56,41.31,42.75,0,17.0,A (Ideal),FastAPI,CPU,medium
2026-05-05 21:27:06+00:00,14.82,41.19,42.125,0,0.0,A (Ideal),FastAPI,CPU,medium
2026-05-05 21:27:08+00:00,14.81,41.57,42.125,0,2.0,A (Ideal),FastAPI,CPU,medium
2026-05-05 21:27:10+00:00,14.85,41.12,42.125,0,4.0,A (Ideal),FastAPI,CPU,medium
2026-05-05 21:27:12+00:00,14.87,41.18,42.125,0,6.0,A (Ideal),FastAPI,CPU,medium
2026-05-05 21:27:14+00:00,14.8,41.23,42.125,0,8.0,A (Ideal),FastAPI,CPU,medium
2026-05-05 21:27:16+00:00,15.05,41.5,42.125,0,10.0,A (Ideal),FastAPI,CPU,medium
2026-05-05 21:27:18+00:00,14.84,41.41,42.125,0,12.0,A (Ideal),FastAPI,CPU,medium
2026-05-05 21:27:20+00:00,14.82,41.46,42.25,0,14.0,A (Ideal),FastAPI,CPU,medium
2026-05-05 21:27:23+00:00,14.85,41.16,42.25,0,17.0,A (Ideal),FastAPI,CPU,medium
2026-05-05 21:35:43+00:00,45.21,33.56,42.25,1,0.0,A (Ideal),Express,CPU,medium
2026-05-05 21:35:45+00:00,45.58,33.9,42.25,1,2.0,A (Ideal),Express,CPU,medium
2026-05-05 21:35:47+00:00,45.85,33.73,42.25,1,4.0,A (Ideal),Express,CPU,medium
2026-05-05 21:35:49+00:00,45.26,34.07,42.25,1,6.0,A (Ideal),Express,CPU,medium
2026-05-05 21:35:51+00:00,45.12,34.39,42.375,1,8.0,A (Ideal),Express,CPU,medium
2026-05-05 21:35:53+00:00,45.03,34.39,42.375,1,10.0,A (Ideal),Express,CPU,medium
2026-05-05 21:35:55+00:00,45.05,34.59,42.375,1,12.0,A (Ideal),Express,CPU,medium
2026-05-05 21:35:58+00:00,45.02,34.56,42.375,1,15.0,A (Ideal),Express,CPU,medium
2026-05-05 21:36:00+00:00,45.71,34.53,42.375,1,17.0,A (Ideal),Express,CPU,medium
2026-05-05 20:47:04+00:00,6.53,35.64,42.75,1,0.0,A (Ideal),Express,IO,high
2026-05-05 20:47:06+00:00,8.07,36.39,42.75,1,2.0,A (Ideal),Express,IO,high
2026-05-05 20:47:09+00:00,5.55,36.42,42.75,1,5.0,A (Ideal),Express,IO,high
2026-05-05 20:47:11+00:00,6.69,36.64,42.75,1,7.0,A (Ideal),Express,IO,high
2026-05-05 20:47:13+00:00,4.86,36.75,42.75,1,9.0,A (Ideal),Express,IO,high
2026-05-05 20:47:15+00:00,6.54,36.87,42.75,1,11.0,A (Ideal),Express,IO,high
2026-05-05 20:47:17+00:00,4.68,36.88,42.875,1,13.0,A (Ideal),Express,IO,high
2026-05-05 20:47:19+00:00,5.02,36.8,42.875,1,15.0,A (Ideal),Express,IO,high
2026-05-05 20:47:21+00:00,6.24,36.88,42.875,1,17.0,A (Ideal),Express,IO,high
2026-05-05 22:04:02+00:00,14.64,41.09,41.875,0,0.0,A (Ideal),FastAPI,CPU,medium
2026-05-05 22:04:04+00:00,14.75,41.38,41.875,0,2.0,A (Ideal),FastAPI,CPU,medium
2026-05-05 22:04:06+00:00,14.71,41.16,41.875,0,4.0,A (Ideal),FastAPI,CPU,medium
2026-05-05 22:04:08+00:00,14.68,41.2,41.875,0,6.0,A (Ideal),FastAPI,CPU,medium
2026-05-05 22:04:10+00:00,14.69,41.23,41.875,0,8.0,A (Ideal),FastAPI,CPU,medium
2026-05-05 22:04:13+00:00,14.87,41.5,41.875,0,11.0,A (Ideal),FastAPI,CPU,medium
2026-05-05 22:04:15+00:00,14.73,41.01,41.875,0,13.0,A (Ideal),FastAPI,CPU,medium
2026-05-05 22:04:17+00:00,14.81,41.27,42.0,0,15.0,A (Ideal),FastAPI,CPU,medium
2026-05-05 22:04:19+00:00,14.77,41.4,42.0,0,17.0,A (Ideal),FastAPI,CPU,medium
2026-05-05 21:36:20+00:00,3.95,32.92,42.125,1,0.0,A (Ideal),Express,IO,medium
2026-05-05 21:36:22+00:00,3.46,33.69,42.125,1,2.0,A (Ideal),Express,IO,medium
2026-05-05 21:36:24+00:00,5.19,35.65,42.25,1,4.0,A (Ideal),Express,IO,medium
2026-05-05 21:36:26+00:00,3.26,35.62,42.25,1,6.0,A (Ideal),Express,IO,medium
2026-05-05 21:36:28+00:00,3.03,35.61,42.25,1,8.0,A (Ideal),Express,IO,medium
2026-05-05 21:36:30+00:00,3.76,35.58,42.125,1,10.0,A (Ideal),Express,IO,medium
2026-05-05 21:36:32+00:00,3.5,35.79,42.125,1,12.0,A (Ideal),Express,IO,medium
2026-05-05 21:36:34+00:00,3.59,36.27,42.125,1,14.0,A (Ideal),Express,IO,medium
2026-05-05 21:36:37+00:00,3.15,36.11,42.125,1,17.0,A (Ideal),Express,IO,medium
2026-05-05 21:48:01+00:00,9.81,27.98,42.0,0,0.0,A (Ideal),Express,CPU,low
2026-05-05 21:48:04+00:00,10.08,28.75,42.0,0,3.0,A (Ideal),Express,CPU,low
2026-05-05 21:48:06+00:00,9.88,28.97,42.125,0,5.0,A (Ideal),Express,CPU,low
2026-05-05 21:48:08+00:00,9.89,30.04,42.125,0,7.0,A (Ideal),Express,CPU,low
2026-05-05 21:48:10+00:00,9.86,30.73,42.125,0,9.0,A (Ideal),Express,CPU,low
2026-05-05 21:48:12+00:00,9.89,31.03,42.0,0,11.0,A (Ideal),Express,CPU,low
2026-05-05 21:48:14+00:00,9.72,31.36,42.0,0,13.0,A (Ideal),Express,CPU,low
2026-05-05 21:48:16+00:00,11.33,32.74,42.0,0,15.0,A (Ideal),Express,CPU,low
2026-05-05 21:48:18+00:00,9.77,32.94,42.0,0,17.0,A (Ideal),Express,CPU,low
2026-05-05 21:30:10+00:00,9.6,43.96,42.375,1,0.0,A (Ideal),FastAPI,IO,high
2026-05-05 21:30:12+00:00,9.73,44.39,42.375,1,2.0,A (Ideal),FastAPI,IO,high
2026-05-05 21:30:14+00:00,9.59,44.2,42.375,1,4.0,A (Ideal),FastAPI,IO,high
2026-05-05 21:30:17+00:00,9.63,44.35,42.375,1,7.0,A (Ideal),FastAPI,IO,high
2026-05-05 21:30:19+00:00,9.65,44.34,42.375,1,9.0,A (Ideal),FastAPI,IO,high
2026-05-05 21:30:21+00:00,9.51,44.27,42.375,1,11.0,A (Ideal),FastAPI,IO,high
2026-05-05 21:30:23+00:00,9.55,44.96,42.375,1,13.0,A (Ideal),FastAPI,IO,high
2026-05-05 21:30:25+00:00,9.56,46.38,42.375,1,15.0,A (Ideal),FastAPI,IO,high
2026-05-05 21:30:27+00:00,9.47,48.23,42.375,1,17.0,A (Ideal),FastAPI,IO,high
2026-05-05 21:42:29+00:00,6.22,43.16,42.125,1,0.0,A (Ideal),FastAPI,IO,medium
2026-05-05 21:42:31+00:00,6.25,44.07,42.125,1,2.0,A (Ideal),FastAPI,IO,medium
2026-05-05 21:42:33+00:00,6.2,44.22,42.125,2,4.0,A (Ideal),FastAPI,IO,medium
2026-05-05 21:42:35+00:00,6.17,44.12,42.125,1,6.0,A (Ideal),FastAPI,IO,medium
2026-05-05 21:42:38+00:00,6.34,44.23,42.125,0,9.0,A (Ideal),FastAPI,IO,medium
2026-05-05 21:42:40+00:00,6.19,44.57,42.125,1,11.0,A (Ideal),FastAPI,IO,medium
2026-05-05 21:42:42+00:00,6.35,44.4,42.125,1,13.0,A (Ideal),FastAPI,IO,medium
2026-05-05 21:42:44+00:00,6.25,44.23,42.125,1,15.0,A (Ideal),FastAPI,IO,medium
2026-05-05 21:42:46+00:00,6.22,44.43,42.125,2,17.0,A (Ideal),FastAPI,IO,medium
2026-05-05 21:49:15+00:00,14.89,41.34,42.0,0,0.0,A (Ideal),FastAPI,CPU,medium
2026-05-05 21:49:17+00:00,15.27,41.38,42.0,0,2.0,A (Ideal),FastAPI,CPU,medium
2026-05-05 21:49:20+00:00,14.9,41.41,42.0,0,5.0,A (Ideal),FastAPI,CPU,medium
2026-05-05 21:49:22+00:00,14.81,41.14,42.0,0,7.0,A (Ideal),FastAPI,CPU,medium
2026-05-05 21:49:24+00:00,15.05,41.29,42.0,0,9.0,A (Ideal),FastAPI,CPU,medium
2026-05-05 21:49:26+00:00,14.94,41.54,42.0,0,11.0,A (Ideal),FastAPI,CPU,medium
2026-05-05 21:49:28+00:00,15.0,41.41,42.0,0,13.0,A (Ideal),FastAPI,CPU,medium
2026-05-05 21:49:30+00:00,14.98,41.47,42.0,0,15.0,A (Ideal),FastAPI,CPU,medium
2026-05-05 21:49:32+00:00,14.99,41.52,42.125,0,17.0,A (Ideal),FastAPI,CPU,medium
2026-05-05 21:43:43+00:00,3.92,32.81,42.125,1,0.0,A (Ideal),Express,IO,medium
2026-05-05 21:43:45+00:00,3.53,33.53,42.125,1,2.0,A (Ideal),Express,IO,medium
2026-05-05 21:43:47+00:00,5.37,35.32,42.125,1,4.0,A (Ideal),Express,IO,medium
2026-05-05 21:43:49+00:00,3.45,35.28,42.125,1,6.0,A (Ideal),Express,IO,medium
2026-05-05 21:43:51+00:00,3.37,35.52,42.125,1,8.0,A (Ideal),Express,IO,medium
2026-05-05 21:43:53+00:00,3.97,35.91,42.125,1,10.0,A (Ideal),Express,IO,medium
2026-05-05 21:43:56+00:00,3.77,35.57,42.125,1,13.0,A (Ideal),Express,IO,medium
2026-05-05 21:43:58+00:00,5.97,36.09,42.125,1,15.0,A (Ideal),Express,IO,medium
2026-05-05 21:44:00+00:00,3.3,36.21,42.125,1,17.0,A (Ideal),Express,IO,medium
2026-05-05 20:48:18+00:00,1.67,42.14,42.75,1,0.0,A (Ideal),FastAPI,IO,low
2026-05-05 20:48:20+00:00,1.67,42.06,42.75,1,2.0,A (Ideal),FastAPI,IO,low
2026-05-05 20:48:22+00:00,1.66,42.23,42.75,1,4.0,A (Ideal),FastAPI,IO,low
2026-05-05 20:48:24+00:00,1.68,42.38,42.75,1,6.0,A (Ideal),FastAPI,IO,low
2026-05-05 20:48:27+00:00,1.67,42.54,42.75,1,9.0,A (Ideal),FastAPI,IO,low
2026-05-05 20:48:29+00:00,1.66,42.76,42.75,1,11.0,A (Ideal),FastAPI,IO,low
2026-05-05 20:48:31+00:00,1.64,42.69,42.75,1,13.0,A (Ideal),FastAPI,IO,low
2026-05-05 20:48:33+00:00,1.66,43.13,42.75,1,15.0,A (Ideal),FastAPI,IO,low
2026-05-05 20:48:35+00:00,1.67,43.07,42.75,1,17.0,A (Ideal),FastAPI,IO,low
2026-05-05 22:01:34+00:00,3.23,41.27,42.0,0,0.0,A (Ideal),FastAPI,CPU,low
2026-05-05 22:01:36+00:00,3.27,41.13,42.0,0,2.0,A (Ideal),FastAPI,CPU,low
2026-05-05 22:01:39+00:00,3.23,41.25,42.0,0,5.0,A (Ideal),FastAPI,CPU,low
2026-05-05 22:01:41+00:00,3.26,41.09,42.0,0,7.0,A (Ideal),FastAPI,CPU,low
2026-05-05 22:01:43+00:00,3.4,41.21,42.0,0,9.0,A (Ideal),FastAPI,CPU,low
2026-05-05 22:01:45+00:00,3.32,41.27,42.0,0,11.0,A (Ideal),FastAPI,CPU,low
2026-05-05 22:01:47+00:00,3.22,41.11,42.0,0,13.0,A (Ideal),FastAPI,CPU,low
2026-05-05 22:01:49+00:00,3.24,41.3,42.0,1,15.0,A (Ideal),FastAPI,CPU,low
2026-05-05 22:01:51+00:00,3.26,41.18,42.0,0,17.0,A (Ideal),FastAPI,CPU,low
2026-05-05 22:21:54+00:00,9.69,45.95,41.625,1,0.0,A (Ideal),FastAPI,IO,high
2026-05-05 22:21:56+00:00,9.75,45.88,41.625,1,2.0,A (Ideal),FastAPI,IO,high
2026-05-05 22:21:58+00:00,9.64,45.8,41.625,2,4.0,A (Ideal),FastAPI,IO,high
2026-05-05 22:22:00+00:00,9.75,45.99,41.625,1,6.0,A (Ideal),FastAPI,IO,high
2026-05-05 22:22:02+00:00,9.77,45.93,41.625,1,8.0,A (Ideal),FastAPI,IO,high
2026-05-05 22:22:04+00:00,9.71,45.94,41.625,1,10.0,A (Ideal),FastAPI,IO,high
2026-05-05 22:22:06+00:00,9.65,46.18,41.625,1,12.0,A (Ideal),FastAPI,IO,high
2026-05-05 22:22:08+00:00,9.66,47.38,41.75,1,14.0,A (Ideal),FastAPI,IO,high
2026-05-05 22:22:11+00:00,9.67,48.73,41.75,1,17.0,A (Ideal),FastAPI,IO,high
2026-05-05 21:36:57+00:00,27.7,41.3,42.125,0,0.0,A (Ideal),FastAPI,CPU,high
2026-05-05 21:36:59+00:00,27.61,41.19,42.25,0,2.0,A (Ideal),FastAPI,CPU,high
2026-05-05 21:37:01+00:00,27.6,41.53,42.25,0,4.0,A (Ideal),FastAPI,CPU,high
2026-05-05 21:37:03+00:00,27.55,41.52,42.25,0,6.0,A (Ideal),FastAPI,CPU,high
2026-05-05 21:37:05+00:00,27.53,41.45,42.25,0,8.0,A (Ideal),FastAPI,CPU,high
2026-05-05 21:37:07+00:00,27.52,41.32,42.25,0,10.0,A (Ideal),FastAPI,CPU,high
2026-05-05 21:37:09+00:00,27.64,41.72,42.375,0,12.0,A (Ideal),FastAPI,CPU,high
2026-05-05 21:37:11+00:00,27.71,41.83,42.25,0,14.0,A (Ideal),FastAPI,CPU,high
2026-05-05 21:37:14+00:00,27.54,41.41,42.25,0,17.0,A (Ideal),FastAPI,CPU,high
2026-05-05 21:14:47+00:00,29.64,41.27,42.375,0,0.0,A (Ideal),FastAPI,CPU,high
2026-05-05 21:14:49+00:00,29.48,41.17,42.5,0,2.0,A (Ideal),FastAPI,CPU,high
2026-05-05 21:14:51+00:00,29.48,41.23,42.5,0,4.0,A (Ideal),FastAPI,CPU,high
2026-05-05 21:14:53+00:00,29.53,41.37,42.5,0,6.0,A (Ideal),FastAPI,CPU,high
2026-05-05 21:14:55+00:00,29.55,41.25,42.5,0,8.0,A (Ideal),FastAPI,CPU,high
2026-05-05 21:14:57+00:00,29.56,41.61,42.5,0,10.0,A (Ideal),FastAPI,CPU,high
2026-05-05 21:15:00+00:00,29.44,41.49,42.5,1,13.0,A (Ideal),FastAPI,CPU,high
2026-05-05 21:15:02+00:00,29.67,41.34,42.5,0,15.0,A (Ideal),FastAPI,CPU,high
2026-05-05 21:15:04+00:00,29.36,41.24,42.5,0,17.0,A (Ideal),FastAPI,CPU,high
2026-05-05 21:40:38+00:00,9.74,28.2,42.125,0,0.0,A (Ideal),Express,CPU,low
2026-05-05 21:40:40+00:00,10.08,28.91,42.125,0,2.0,A (Ideal),Express,CPU,low
2026-05-05 21:40:43+00:00,9.89,29.11,42.125,0,5.0,A (Ideal),Express,CPU,low
2026-05-05 21:40:45+00:00,9.97,30.33,42.125,0,7.0,A (Ideal),Express,CPU,low
2026-05-05 21:40:47+00:00,9.87,30.7,42.125,0,9.0,A (Ideal),Express,CPU,low
2026-05-05 21:40:49+00:00,9.84,30.98,42.125,0,11.0,A (Ideal),Express,CPU,low
2026-05-05 21:40:51+00:00,9.78,31.53,42.125,0,13.0,A (Ideal),Express,CPU,low
2026-05-05 21:40:53+00:00,11.11,32.77,42.125,1,15.0,A (Ideal),Express,CPU,low
2026-05-05 21:40:55+00:00,9.66,32.36,42.125,0,17.0,A (Ideal),Express,CPU,low
2026-05-05 20:45:50+00:00,9.61,44.43,42.625,1,0.0,A (Ideal),FastAPI,IO,high
2026-05-05 20:45:53+00:00,9.85,44.33,42.625,1,3.0,A (Ideal),FastAPI,IO,high
2026-05-05 20:45:55+00:00,9.58,44.27,42.625,1,5.0,A (Ideal),FastAPI,IO,high
2026-05-05 20:45:57+00:00,9.63,44.29,42.625,1,7.0,A (Ideal),FastAPI,IO,high
2026-05-05 20:45:59+00:00,9.67,44.15,42.625,1,9.0,A (Ideal),FastAPI,IO,high
2026-05-05 20:46:01+00:00,9.54,44.18,42.625,2,11.0,A (Ideal),FastAPI,IO,high
2026-05-05 20:46:03+00:00,9.7,44.45,42.625,1,13.0,A (Ideal),FastAPI,IO,high
2026-05-05 20:46:05+00:00,9.63,46.02,42.625,1,15.0,A (Ideal),FastAPI,IO,high
2026-05-05 20:46:07+00:00,9.63,47.34,42.625,1,17.0,A (Ideal),FastAPI,IO,high
2026-05-05 21:57:16+00:00,6.19,43.04,41.875,1,0.0,A (Ideal),FastAPI,IO,medium
2026-05-05 21:57:18+00:00,6.23,43.95,41.875,1,2.0,A (Ideal),FastAPI,IO,medium
2026-05-05 21:57:20+00:00,6.16,44.17,41.875,1,4.0,A (Ideal),FastAPI,IO,medium
2026-05-05 21:57:22+00:00,6.36,44.48,41.875,1,6.0,A (Ideal),FastAPI,IO,medium
2026-05-05 21:57:24+00:00,6.37,44.52,41.875,0,8.0,A (Ideal),FastAPI,IO,medium
2026-05-05 21:57:26+00:00,6.21,44.28,41.875,1,10.0,A (Ideal),FastAPI,IO,medium
2026-05-05 21:57:28+00:00,6.32,44.15,42.0,1,12.0,A (Ideal),FastAPI,IO,medium
2026-05-05 21:57:30+00:00,6.21,44.48,42.0,1,14.0,A (Ideal),FastAPI,IO,medium
2026-05-05 21:57:33+00:00,6.21,44.62,42.0,1,17.0,A (Ideal),FastAPI,IO,medium
2026-05-05 21:21:33+00:00,3.92,32.77,42.375,1,0.0,A (Ideal),Express,IO,medium
2026-05-05 21:21:35+00:00,3.44,33.23,42.375,1,2.0,A (Ideal),Express,IO,medium
2026-05-05 21:21:37+00:00,5.32,34.9,42.375,1,4.0,A (Ideal),Express,IO,medium
2026-05-05 21:21:39+00:00,3.44,35.07,42.375,1,6.0,A (Ideal),Express,IO,medium
2026-05-05 21:21:42+00:00,3.35,35.22,42.375,1,9.0,A (Ideal),Express,IO,medium
2026-05-05 21:21:44+00:00,3.91,35.32,42.375,1,11.0,A (Ideal),Express,IO,medium
2026-05-05 21:21:46+00:00,3.74,35.37,42.375,1,13.0,A (Ideal),Express,IO,medium
2026-05-05 21:21:48+00:00,5.99,35.81,42.375,1,15.0,A (Ideal),Express,IO,medium
2026-05-05 21:21:50+00:00,3.27,36.05,42.375,1,17.0,A (Ideal),Express,IO,medium
2026-05-05 21:56:39+00:00,15.1,41.24,42.0,0,0.0,A (Ideal),FastAPI,CPU,medium
2026-05-05 21:56:41+00:00,15.22,41.3,42.0,0,2.0,A (Ideal),FastAPI,CPU,medium
2026-05-05 21:56:43+00:00,15.07,41.34,42.0,0,4.0,A (Ideal),FastAPI,CPU,medium
2026-05-05 21:56:45+00:00,15.15,41.43,42.0,0,6.0,A (Ideal),FastAPI,CPU,medium
2026-05-05 21:56:47+00:00,15.16,41.48,42.0,0,8.0,A (Ideal),FastAPI,CPU,medium
2026-05-05 21:56:49+00:00,15.1,41.54,42.0,0,10.0,A (Ideal),FastAPI,CPU,medium
2026-05-05 21:56:51+00:00,15.25,41.59,42.0,0,12.0,A (Ideal),FastAPI,CPU,medium
2026-05-05 21:56:54+00:00,15.14,41.37,42.0,0,15.0,A (Ideal),FastAPI,CPU,medium
2026-05-05 21:56:56+00:00,15.17,41.18,42.125,1,17.0,A (Ideal),FastAPI,CPU,medium
2026-05-05 22:21:17+00:00,27.4,43.53,41.625,1,0.0,A (Ideal),FastAPI,CPU,high
2026-05-05 22:21:19+00:00,27.49,43.42,41.625,0,2.0,A (Ideal),FastAPI,CPU,high
2026-05-05 22:21:21+00:00,27.34,43.46,41.75,0,4.0,A (Ideal),FastAPI,CPU,high
2026-05-05 22:21:23+00:00,27.44,43.38,41.75,0,6.0,A (Ideal),FastAPI,CPU,high
2026-05-05 22:21:25+00:00,27.44,43.5,41.75,0,8.0,A (Ideal),FastAPI,CPU,high
2026-05-05 22:21:27+00:00,27.53,43.39,41.75,1,10.0,A (Ideal),FastAPI,CPU,high
2026-05-05 22:21:29+00:00,27.56,43.74,41.75,0,12.0,A (Ideal),FastAPI,CPU,high
2026-05-05 22:21:31+00:00,27.45,43.65,41.75,0,14.0,A (Ideal),FastAPI,CPU,high
2026-05-05 22:21:34+00:00,27.56,43.56,41.75,0,17.0,A (Ideal),FastAPI,CPU,high
2026-05-05 21:22:10+00:00,27.73,41.56,42.375,0,0.0,A (Ideal),FastAPI,CPU,high
2026-05-05 21:22:12+00:00,27.72,41.21,42.375,0,2.0,A (Ideal),FastAPI,CPU,high
2026-05-05 21:22:14+00:00,27.7,41.57,42.5,0,4.0,A (Ideal),FastAPI,CPU,high
2026-05-05 21:22:16+00:00,27.69,41.24,42.5,0,6.0,A (Ideal),FastAPI,CPU,high
2026-05-05 21:22:19+00:00,27.76,41.41,42.5,0,9.0,A (Ideal),FastAPI,CPU,high
2026-05-05 21:22:21+00:00,27.63,41.31,42.5,0,11.0,A (Ideal),FastAPI,CPU,high
2026-05-05 21:22:23+00:00,27.73,41.8,42.5,0,13.0,A (Ideal),FastAPI,CPU,high
2026-05-05 21:22:25+00:00,27.6,41.44,42.5,1,15.0,A (Ideal),FastAPI,CPU,high
2026-05-05 21:22:27+00:00,27.9,41.84,42.5,0,17.0,A (Ideal),FastAPI,CPU,high
2026-05-05 21:19:42+00:00,14.65,41.23,42.375,0,0.0,A (Ideal),FastAPI,CPU,medium
2026-05-05 21:19:44+00:00,14.77,41.28,42.375,0,2.0,A (Ideal),FastAPI,CPU,medium
2026-05-05 21:19:46+00:00,14.65,41.02,42.375,0,4.0,A (Ideal),FastAPI,CPU,medium
2026-05-05 21:19:49+00:00,14.82,41.07,42.375,0,7.0,A (Ideal),FastAPI,CPU,medium
2026-05-05 21:19:51+00:00,14.75,41.36,42.375,0,9.0,A (Ideal),FastAPI,CPU,medium
2026-05-05 21:19:53+00:00,14.7,41.43,42.375,0,11.0,A (Ideal),FastAPI,CPU,medium
2026-05-05 21:19:55+00:00,14.75,41.5,42.375,0,13.0,A (Ideal),FastAPI,CPU,medium
2026-05-05 21:19:57+00:00,14.73,41.23,42.375,0,15.0,A (Ideal),FastAPI,CPU,medium
2026-05-05 21:19:59+00:00,14.85,41.31,42.375,0,17.0,A (Ideal),FastAPI,CPU,medium
2026-05-05 21:59:07+00:00,27.62,43.46,42.0,0,0.0,A (Ideal),FastAPI,CPU,high
2026-05-05 21:59:09+00:00,27.6,43.66,42.0,0,2.0,A (Ideal),FastAPI,CPU,high
2026-05-05 21:59:11+00:00,27.62,43.84,42.0,0,4.0,A (Ideal),FastAPI,CPU,high
2026-05-05 21:59:13+00:00,27.6,43.48,42.0,0,6.0,A (Ideal),FastAPI,CPU,high
2026-05-05 21:59:15+00:00,27.89,43.55,42.125,0,8.0,A (Ideal),FastAPI,CPU,high
2026-05-05 21:59:17+00:00,27.81,43.72,42.125,0,10.0,A (Ideal),FastAPI,CPU,high
2026-05-05 21:59:19+00:00,27.54,43.92,42.125,0,12.0,A (Ideal),FastAPI,CPU,high
2026-05-05 21:59:21+00:00,27.5,43.67,42.125,0,14.0,A (Ideal),FastAPI,CPU,high
2026-05-05 21:59:24+00:00,27.48,43.66,42.125,0,17.0,A (Ideal),FastAPI,CPU,high
2026-05-05 21:23:24+00:00,88.12,43.84,42.625,1,0.0,A (Ideal),Express,CPU,high
2026-05-05 21:23:26+00:00,88.37,39.24,42.625,3,2.0,A (Ideal),Express,CPU,high
2026-05-05 21:23:28+00:00,91.52,43.61,42.625,2,4.0,A (Ideal),Express,CPU,high
2026-05-05 21:23:30+00:00,93.93,43.14,42.75,3,6.0,A (Ideal),Express,CPU,high
2026-05-05 21:23:33+00:00,88.43,43.73,42.75,2,9.0,A (Ideal),Express,CPU,high
2026-05-05 21:23:35+00:00,90.41,42.82,42.75,2,11.0,A (Ideal),Express,CPU,high
2026-05-05 21:23:37+00:00,89.75,43.4,42.75,3,13.0,A (Ideal),Express,CPU,high
2026-05-05 21:23:39+00:00,89.25,43.95,42.75,2,15.0,A (Ideal),Express,CPU,high
2026-05-05 21:23:41+00:00,89.49,43.38,42.75,2,17.0,A (Ideal),Express,CPU,high
2026-05-05 21:06:10+00:00,44.89,33.84,42.875,1,0.0,A (Ideal),Express,CPU,medium
2026-05-05 21:06:12+00:00,45.38,34.19,42.875,1,2.0,A (Ideal),Express,CPU,medium
2026-05-05 21:06:14+00:00,45.14,34.06,42.875,1,4.0,A (Ideal),Express,CPU,medium
2026-05-05 21:06:16+00:00,44.5,34.66,42.875,1,6.0,A (Ideal),Express,CPU,medium
2026-05-05 21:06:18+00:00,44.58,34.11,42.875,1,8.0,A (Ideal),Express,CPU,medium
2026-05-05 21:06:20+00:00,44.47,34.16,42.875,1,10.0,A (Ideal),Express,CPU,medium
2026-05-05 21:06:22+00:00,44.44,34.77,42.875,0,12.0,A (Ideal),Express,CPU,medium
2026-05-05 21:06:24+00:00,44.32,34.66,42.875,1,14.0,A (Ideal),Express,CPU,medium
2026-05-05 21:06:27+00:00,44.73,34.52,42.875,1,17.0,A (Ideal),Express,CPU,medium
2026-05-05 22:10:48+00:00,1.56,27.68,41.75,2,0.0,A (Ideal),Express,IO,low
2026-05-05 22:10:51+00:00,1.74,28.39,41.75,1,3.0,A (Ideal),Express,IO,low
2026-05-05 22:10:53+00:00,1.42,28.62,41.75,1,5.0,A (Ideal),Express,IO,low
2026-05-05 22:10:55+00:00,1.8,29.17,41.75,1,7.0,A (Ideal),Express,IO,low
2026-05-05 22:10:57+00:00,1.3,29.63,41.75,1,9.0,A (Ideal),Express,IO,low
2026-05-05 22:10:59+00:00,1.46,29.56,41.75,1,11.0,A (Ideal),Express,IO,low
2026-05-05 22:11:01+00:00,1.44,30.23,41.75,1,13.0,A (Ideal),Express,IO,low
2026-05-05 22:11:03+00:00,2.27,30.84,41.75,1,15.0,A (Ideal),Express,IO,low
2026-05-05 22:11:05+00:00,1.33,30.98,41.75,1,17.0,A (Ideal),Express,IO,low
2026-05-05 22:20:40+00:00,3.89,32.96,41.625,1,0.0,A (Ideal),Express,IO,medium
2026-05-05 22:20:42+00:00,3.47,33.47,41.625,1,2.0,A (Ideal),Express,IO,medium
2026-05-05 22:20:44+00:00,5.08,35.58,41.625,1,4.0,A (Ideal),Express,IO,medium
2026-05-05 22:20:46+00:00,3.46,35.26,41.625,1,6.0,A (Ideal),Express,IO,medium
2026-05-05 22:20:48+00:00,3.33,35.25,41.625,1,8.0,A (Ideal),Express,IO,medium
2026-05-05 22:20:50+00:00,3.91,35.6,41.625,1,10.0,A (Ideal),Express,IO,medium
2026-05-05 22:20:52+00:00,3.74,35.68,41.625,1,12.0,A (Ideal),Express,IO,medium
2026-05-05 22:20:54+00:00,5.53,35.92,41.625,1,14.0,A (Ideal),Express,IO,medium
2026-05-05 22:20:56+00:00,3.34,36.02,41.625,1,16.0,A (Ideal),Express,IO,medium
2026-05-05 21:17:52+00:00,1.66,43.75,42.25,1,0.0,A (Ideal),FastAPI,IO,low
2026-05-05 21:17:54+00:00,1.65,43.68,42.25,1,2.0,A (Ideal),FastAPI,IO,low
2026-05-05 21:17:56+00:00,1.65,43.84,42.375,1,4.0,A (Ideal),FastAPI,IO,low
2026-05-05 21:17:58+00:00,1.66,44.02,42.25,1,6.0,A (Ideal),FastAPI,IO,low
2026-05-05 21:18:00+00:00,1.74,44.16,42.25,1,8.0,A (Ideal),FastAPI,IO,low
2026-05-05 21:18:02+00:00,1.68,44.43,42.25,1,10.0,A (Ideal),FastAPI,IO,low
2026-05-05 21:18:04+00:00,1.63,44.29,42.25,1,12.0,A (Ideal),FastAPI,IO,low
2026-05-05 21:18:06+00:00,1.65,44.73,42.25,1,14.0,A (Ideal),FastAPI,IO,low
2026-05-05 21:18:08+00:00,1.67,44.6,42.375,1,16.0,A (Ideal),FastAPI,IO,low
2026-05-05 20:54:28+00:00,6.03,35.69,42.625,1,0.0,A (Ideal),Express,IO,high
2026-05-05 20:54:30+00:00,5.66,36.45,42.625,1,2.0,A (Ideal),Express,IO,high
2026-05-05 20:54:32+00:00,5.52,36.56,42.75,1,4.0,A (Ideal),Express,IO,high
2026-05-05 20:54:34+00:00,6.45,36.52,42.75,1,6.0,A (Ideal),Express,IO,high
2026-05-05 20:54:36+00:00,4.99,36.65,42.75,1,8.0,A (Ideal),Express,IO,high
2026-05-05 20:54:38+00:00,6.82,36.79,42.75,1,10.0,A (Ideal),Express,IO,high
2026-05-05 20:54:40+00:00,4.69,37.11,42.75,1,12.0,A (Ideal),Express,IO,high
2026-05-05 20:54:42+00:00,5.05,36.84,42.75,1,14.0,A (Ideal),Express,IO,high
2026-05-05 20:54:44+00:00,6.17,37.04,42.75,1,16.0,A (Ideal),Express,IO,high
2026-05-05 21:07:23+00:00,28.16,41.14,42.875,0,0.0,A (Ideal),FastAPI,CPU,high
2026-05-05 21:07:26+00:00,28.45,41.28,42.875,1,3.0,A (Ideal),FastAPI,CPU,high
2026-05-05 21:07:28+00:00,28.26,41.41,42.875,0,5.0,A (Ideal),FastAPI,CPU,high
2026-05-05 21:07:30+00:00,27.82,41.07,42.875,0,7.0,A (Ideal),FastAPI,CPU,high
2026-05-05 21:07:32+00:00,28.09,41.48,43.0,0,9.0,A (Ideal),FastAPI,CPU,high
2026-05-05 21:07:34+00:00,28.27,41.63,43.0,0,11.0,A (Ideal),FastAPI,CPU,high
2026-05-05 21:07:36+00:00,28.21,41.22,43.0,0,13.0,A (Ideal),FastAPI,CPU,high
2026-05-05 21:07:38+00:00,28.2,41.15,43.0,0,15.0,A (Ideal),FastAPI,CPU,high
2026-05-05 21:07:40+00:00,27.87,41.27,43.0,0,17.0,A (Ideal),FastAPI,CPU,high
2026-05-05 21:47:24+00:00,1.65,42.18,42.0,1,0.0,A (Ideal),FastAPI,IO,low
2026-05-05 21:47:27+00:00,1.64,42.12,42.0,1,3.0,A (Ideal),FastAPI,IO,low
2026-05-05 21:47:29+00:00,1.65,42.28,42.0,1,5.0,A (Ideal),FastAPI,IO,low
2026-05-05 21:47:31+00:00,1.68,42.26,42.0,1,7.0,A (Ideal),FastAPI,IO,low
2026-05-05 21:47:33+00:00,1.66,42.7,42.0,1,9.0,A (Ideal),FastAPI,IO,low
2026-05-05 21:47:35+00:00,1.65,42.86,42.0,1,11.0,A (Ideal),FastAPI,IO,low
2026-05-05 21:47:37+00:00,1.66,42.7,42.125,1,13.0,A (Ideal),FastAPI,IO,low
2026-05-05 21:47:39+00:00,1.66,43.14,42.125,1,15.0,A (Ideal),FastAPI,IO,low
2026-05-05 21:47:41+00:00,1.65,43.08,42.125,1,17.0,A (Ideal),FastAPI,IO,low
2026-05-05 21:52:20+00:00,9.6,44.07,42.0,1,0.0,A (Ideal),FastAPI,IO,high
2026-05-05 21:52:22+00:00,9.63,44.26,42.0,1,2.0,A (Ideal),FastAPI,IO,high
2026-05-05 21:52:24+00:00,9.62,44.06,42.0,1,4.0,A (Ideal),FastAPI,IO,high
2026-05-05 21:52:26+00:00,9.67,44.12,42.0,1,6.0,A (Ideal),FastAPI,IO,high
2026-05-05 21:52:28+00:00,9.71,44.32,42.125,1,8.0,A (Ideal),FastAPI,IO,high
2026-05-05 21:52:31+00:00,9.54,44.23,42.125,1,11.0,A (Ideal),FastAPI,IO,high
2026-05-05 21:52:33+00:00,9.6,44.38,42.125,1,13.0,A (Ideal),FastAPI,IO,high
2026-05-05 21:52:35+00:00,9.66,45.94,42.125,1,15.0,A (Ideal),FastAPI,IO,high
2026-05-05 21:52:37+00:00,9.56,47.48,42.125,1,17.0,A (Ideal),FastAPI,IO,high
2026-05-05 21:15:24+00:00,9.74,44.49,42.375,1,0.0,A (Ideal),FastAPI,IO,high
2026-05-05 21:15:26+00:00,9.82,44.47,42.375,1,2.0,A (Ideal),FastAPI,IO,high
2026-05-05 21:15:28+00:00,9.66,44.29,42.375,1,4.0,A (Ideal),FastAPI,IO,high
2026-05-05 21:15:30+00:00,9.71,44.45,42.375,1,6.0,A (Ideal),FastAPI,IO,high
2026-05-05 21:15:32+00:00,9.77,44.34,42.375,0,8.0,A (Ideal),FastAPI,IO,high
2026-05-05 21:15:34+00:00,9.58,44.32,42.375,1,10.0,A (Ideal),FastAPI,IO,high
2026-05-05 21:15:36+00:00,9.56,44.24,42.375,1,12.0,A (Ideal),FastAPI,IO,high
2026-05-05 21:15:39+00:00,9.75,45.98,42.375,1,15.0,A (Ideal),FastAPI,IO,high
2026-05-05 21:15:41+00:00,9.74,47.57,42.375,1,17.0,A (Ideal),FastAPI,IO,high
2026-05-05 20:56:55+00:00,1.56,27.77,42.375,1,0.0,A (Ideal),Express,IO,low
2026-05-05 20:56:57+00:00,1.75,28.4,42.375,1,2.0,A (Ideal),Express,IO,low
2026-05-05 20:57:00+00:00,1.42,28.39,42.375,1,5.0,A (Ideal),Express,IO,low
2026-05-05 20:57:02+00:00,1.78,28.97,42.375,1,7.0,A (Ideal),Express,IO,low
2026-05-05 20:57:04+00:00,1.28,29.41,42.375,1,9.0,A (Ideal),Express,IO,low
2026-05-05 20:57:06+00:00,1.46,29.71,42.375,1,11.0,A (Ideal),Express,IO,low
2026-05-05 20:57:08+00:00,1.44,30.08,42.375,1,13.0,A (Ideal),Express,IO,low
2026-05-05 20:57:10+00:00,2.3,30.84,42.375,1,15.0,A (Ideal),Express,IO,low
2026-05-05 20:57:12+00:00,1.34,30.89,42.375,1,17.0,A (Ideal),Express,IO,low
2026-05-05 20:47:41+00:00,3.27,41.13,42.75,0,0.0,A (Ideal),FastAPI,CPU,low
2026-05-05 20:47:43+00:00,3.27,41.23,42.75,0,2.0,A (Ideal),FastAPI,CPU,low
2026-05-05 20:47:45+00:00,3.28,41.03,42.75,0,4.0,A (Ideal),FastAPI,CPU,low
2026-05-05 20:47:48+00:00,3.29,41.27,42.75,0,7.0,A (Ideal),FastAPI,CPU,low
2026-05-05 20:47:50+00:00,3.27,41.1,42.75,0,9.0,A (Ideal),FastAPI,CPU,low
2026-05-05 20:47:52+00:00,3.27,41.25,42.75,0,11.0,A (Ideal),FastAPI,CPU,low
2026-05-05 20:47:54+00:00,3.28,41.12,42.75,0,13.0,A (Ideal),FastAPI,CPU,low
2026-05-05 20:47:56+00:00,3.29,41.2,42.875,0,15.0,A (Ideal),FastAPI,CPU,low
2026-05-05 20:47:58+00:00,3.3,41.33,42.875,0,17.0,A (Ideal),FastAPI,CPU,low
2026-05-05 21:32:38+00:00,1.65,44.03,42.25,1,0.0,A (Ideal),FastAPI,IO,low
2026-05-05 21:32:40+00:00,1.66,43.98,42.25,1,2.0,A (Ideal),FastAPI,IO,low
2026-05-05 21:32:42+00:00,1.66,44.18,42.25,1,4.0,A (Ideal),FastAPI,IO,low
2026-05-05 21:32:44+00:00,1.68,44.12,42.25,1,6.0,A (Ideal),FastAPI,IO,low
2026-05-05 21:32:47+00:00,1.66,44.55,42.25,1,9.0,A (Ideal),FastAPI,IO,low
2026-05-05 21:32:49+00:00,1.65,44.7,42.25,1,11.0,A (Ideal),FastAPI,IO,low
2026-05-05 21:32:51+00:00,1.64,44.64,42.25,1,13.0,A (Ideal),FastAPI,IO,low
2026-05-05 21:32:53+00:00,1.66,44.87,42.25,1,15.0,A (Ideal),FastAPI,IO,low
2026-05-05 21:32:55+00:00,1.68,45.0,42.25,1,17.0,A (Ideal),FastAPI,IO,low
2026-05-05 21:53:34+00:00,6.09,35.75,42.0,1,0.0,A (Ideal),Express,IO,high
2026-05-05 21:53:36+00:00,5.64,36.3,42.125,1,2.0,A (Ideal),Express,IO,high
2026-05-05 21:53:38+00:00,5.51,36.46,42.125,1,4.0,A (Ideal),Express,IO,high
2026-05-05 21:53:40+00:00,6.71,36.61,42.125,1,6.0,A (Ideal),Express,IO,high
2026-05-05 21:53:42+00:00,5.02,36.79,42.125,1,8.0,A (Ideal),Express,IO,high
2026-05-05 21:53:44+00:00,6.65,36.75,42.125,1,10.0,A (Ideal),Express,IO,high
2026-05-05 21:53:47+00:00,4.65,37.02,42.125,1,13.0,A (Ideal),Express,IO,high
2026-05-05 21:53:49+00:00,5.03,37.08,42.125,1,15.0,A (Ideal),Express,IO,high
2026-05-05 21:53:51+00:00,6.14,37.03,42.125,1,17.0,A (Ideal),Express,IO,high
2026-05-05 21:57:53+00:00,45.24,33.52,42.125,1,0.0,A (Ideal),Express,CPU,medium
2026-05-05 21:57:55+00:00,45.19,34.03,42.125,0,2.0,A (Ideal),Express,CPU,medium
2026-05-05 21:57:57+00:00,45.16,34.16,42.125,0,4.0,A (Ideal),Express,CPU,medium
2026-05-05 21:57:59+00:00,44.63,34.09,42.125,1,6.0,A (Ideal),Express,CPU,medium
2026-05-05 21:58:01+00:00,44.9,33.98,42.125,1,8.0,A (Ideal),Express,CPU,medium
2026-05-05 21:58:03+00:00,44.99,34.31,42.125,0,10.0,A (Ideal),Express,CPU,medium
2026-05-05 21:58:05+00:00,44.77,34.7,42.125,0,12.0,A (Ideal),Express,CPU,medium
2026-05-05 21:58:08+00:00,44.83,34.85,42.125,1,15.0,A (Ideal),Express,CPU,medium
2026-05-05 21:58:10+00:00,45.4,34.46,42.125,1,17.0,A (Ideal),Express,CPU,medium
2026-05-05 20:52:37+00:00,27.97,43.55,42.625,0,0.0,A (Ideal),FastAPI,CPU,high
2026-05-05 20:52:39+00:00,27.87,43.61,42.75,0,2.0,A (Ideal),FastAPI,CPU,high
2026-05-05 20:52:41+00:00,27.99,43.53,42.75,0,4.0,A (Ideal),FastAPI,CPU,high
2026-05-05 20:52:43+00:00,28.06,43.39,42.75,0,6.0,A (Ideal),FastAPI,CPU,high
2026-05-05 20:52:45+00:00,28.13,43.76,42.75,0,8.0,A (Ideal),FastAPI,CPU,high
2026-05-05 20:52:47+00:00,27.96,43.99,42.75,1,10.0,A (Ideal),FastAPI,CPU,high
2026-05-05 20:52:49+00:00,28.0,43.84,42.75,0,12.0,A (Ideal),FastAPI,CPU,high
2026-05-05 20:52:52+00:00,28.0,43.73,42.75,0,15.0,A (Ideal),FastAPI,CPU,high
2026-05-05 20:52:54+00:00,28.11,43.86,42.75,0,17.0,A (Ideal),FastAPI,CPU,high
2026-05-05 20:40:55+00:00,1.65,42.21,42.5,1,0.0,A (Ideal),FastAPI,IO,low
2026-05-05 20:40:57+00:00,1.65,42.07,42.5,1,2.0,A (Ideal),FastAPI,IO,low
2026-05-05 20:40:59+00:00,1.64,42.25,42.625,1,4.0,A (Ideal),FastAPI,IO,low
2026-05-05 20:41:01+00:00,1.66,42.21,42.625,1,6.0,A (Ideal),FastAPI,IO,low
2026-05-05 20:41:03+00:00,1.68,42.64,42.625,1,8.0,A (Ideal),FastAPI,IO,low
2026-05-05 20:41:05+00:00,1.68,42.82,42.625,1,10.0,A (Ideal),FastAPI,IO,low
2026-05-05 20:41:08+00:00,1.67,42.66,42.625,1,13.0,A (Ideal),FastAPI,IO,low
2026-05-05 20:41:10+00:00,1.65,43.07,42.625,1,15.0,A (Ideal),FastAPI,IO,low
2026-05-05 20:41:12+00:00,1.67,43.01,42.625,1,17.0,A (Ideal),FastAPI,IO,low
2026-05-05 21:01:14+00:00,89.25,42.59,42.875,2,0.0,A (Ideal),Express,CPU,high
2026-05-05 21:01:16+00:00,87.79,43.18,43.0,2,2.0,A (Ideal),Express,CPU,high
2026-05-05 21:01:18+00:00,89.73,43.31,43.0,2,4.0,A (Ideal),Express,CPU,high
2026-05-05 21:01:21+00:00,88.39,43.2,43.0,3,7.0,A (Ideal),Express,CPU,high
2026-05-05 21:01:23+00:00,87.87,42.96,43.0,2,9.0,A (Ideal),Express,CPU,high
2026-05-05 21:01:25+00:00,89.66,42.68,43.0,2,11.0,A (Ideal),Express,CPU,high
2026-05-05 21:01:27+00:00,88.79,42.73,43.0,3,13.0,A (Ideal),Express,CPU,high
2026-05-05 21:01:29+00:00,89.59,43.31,43.125,2,15.0,A (Ideal),Express,CPU,high
2026-05-05 21:01:31+00:00,89.72,42.6,43.125,2,17.0,A (Ideal),Express,CPU,high
2026-05-05 21:44:20+00:00,28.09,41.75,42.125,1,0.0,A (Ideal),FastAPI,CPU,high
2026-05-05 21:44:22+00:00,28.06,41.43,42.125,0,2.0,A (Ideal),FastAPI,CPU,high
2026-05-05 21:44:24+00:00,27.96,41.57,42.125,0,4.0,A (Ideal),FastAPI,CPU,high
2026-05-05 21:44:26+00:00,28.2,41.48,42.125,1,6.0,A (Ideal),FastAPI,CPU,high
2026-05-05 21:44:28+00:00,27.88,41.62,42.25,0,8.0,A (Ideal),FastAPI,CPU,high
2026-05-05 21:44:30+00:00,28.04,41.46,42.25,1,10.0,A (Ideal),FastAPI,CPU,high
2026-05-05 21:44:33+00:00,28.11,41.22,42.25,0,13.0,A (Ideal),FastAPI,CPU,high
2026-05-05 21:44:35+00:00,28.2,41.11,42.25,1,15.0,A (Ideal),FastAPI,CPU,high
2026-05-05 21:44:37+00:00,28.09,41.54,42.25,0,17.0,A (Ideal),FastAPI,CPU,high
2026-05-05 22:09:35+00:00,1.69,43.73,41.875,1,0.0,A (Ideal),FastAPI,IO,low
2026-05-05 22:09:37+00:00,1.66,43.92,41.875,1,2.0,A (Ideal),FastAPI,IO,low
2026-05-05 22:09:39+00:00,1.64,44.13,41.875,1,4.0,A (Ideal),FastAPI,IO,low
2026-05-05 22:09:41+00:00,1.67,44.29,41.875,1,6.0,A (Ideal),FastAPI,IO,low
2026-05-05 22:09:43+00:00,1.67,44.48,41.875,1,8.0,A (Ideal),FastAPI,IO,low
2026-05-05 22:09:45+00:00,1.69,44.6,41.875,1,10.0,A (Ideal),FastAPI,IO,low
2026-05-05 22:09:47+00:00,1.66,44.54,41.875,1,12.0,A (Ideal),FastAPI,IO,low
2026-05-05 22:09:49+00:00,1.65,44.98,41.875,1,14.0,A (Ideal),FastAPI,IO,low
2026-05-05 22:09:51+00:00,1.68,44.93,41.875,1,16.0,A (Ideal),FastAPI,IO,low
2026-05-05 22:16:21+00:00,3.31,41.21,41.625,0,0.0,A (Ideal),FastAPI,CPU,low
2026-05-05 22:16:23+00:00,3.31,41.08,41.625,0,2.0,A (Ideal),FastAPI,CPU,low
2026-05-05 22:16:25+00:00,3.33,41.2,41.625,0,4.0,A (Ideal),FastAPI,CPU,low
2026-05-05 22:16:27+00:00,3.31,41.32,41.75,0,6.0,A (Ideal),FastAPI,CPU,low
2026-05-05 22:16:29+00:00,3.27,41.13,41.625,0,8.0,A (Ideal),FastAPI,CPU,low
2026-05-05 22:16:31+00:00,3.31,41.5,41.75,0,10.0,A (Ideal),FastAPI,CPU,low
2026-05-05 22:16:33+00:00,3.32,41.18,41.75,0,12.0,A (Ideal),FastAPI,CPU,low
2026-05-05 22:16:36+00:00,3.33,41.3,41.75,0,15.0,A (Ideal),FastAPI,CPU,low
2026-05-05 22:16:38+00:00,3.34,41.14,41.75,0,17.0,A (Ideal),FastAPI,CPU,low
2026-05-05 21:56:02+00:00,1.57,27.55,41.875,1,0.0,A (Ideal),Express,IO,low
2026-05-05 21:56:04+00:00,1.74,28.32,41.875,1,2.0,A (Ideal),Express,IO,low
2026-05-05 21:56:06+00:00,1.43,28.47,41.875,2,4.0,A (Ideal),Express,IO,low
2026-05-05 21:56:08+00:00,1.79,29.03,41.875,1,6.0,A (Ideal),Express,IO,low
2026-05-05 21:56:10+00:00,1.3,29.48,41.875,1,8.0,A (Ideal),Express,IO,low
2026-05-05 21:56:12+00:00,1.45,29.76,41.875,1,10.0,A (Ideal),Express,IO,low
2026-05-05 21:56:14+00:00,1.43,30.16,42.0,1,12.0,A (Ideal),Express,IO,low
2026-05-05 21:56:16+00:00,2.3,31.06,41.875,1,14.0,A (Ideal),Express,IO,low
2026-05-05 21:56:19+00:00,1.28,30.85,41.875,1,17.0,A (Ideal),Express,IO,low
2026-05-05 21:20:19+00:00,6.22,43.16,42.375,1,0.0,A (Ideal),FastAPI,IO,medium
2026-05-05 21:20:21+00:00,6.31,44.03,42.375,1,2.0,A (Ideal),FastAPI,IO,medium
2026-05-05 21:20:23+00:00,6.23,43.89,42.375,1,4.0,A (Ideal),FastAPI,IO,medium
2026-05-05 21:20:26+00:00,6.23,44.25,42.375,1,7.0,A (Ideal),FastAPI,IO,medium
2026-05-05 21:20:28+00:00,6.42,44.42,42.375,0,9.0,A (Ideal),FastAPI,IO,medium
2026-05-05 21:20:30+00:00,6.29,44.18,42.375,2,11.0,A (Ideal),FastAPI,IO,medium
2026-05-05 21:20:32+00:00,6.38,44.29,42.375,1,13.0,A (Ideal),FastAPI,IO,medium
2026-05-05 21:20:34+00:00,6.25,44.39,42.375,1,15.0,A (Ideal),FastAPI,IO,medium
2026-05-05 21:20:36+00:00,6.25,44.09,42.375,1,17.0,A (Ideal),FastAPI,IO,medium
2026-05-05 21:08:00+00:00,9.67,44.21,42.875,1,0.0,A (Ideal),FastAPI,IO,high
2026-05-05 21:08:03+00:00,9.85,44.4,42.875,1,3.0,A (Ideal),FastAPI,IO,high
2026-05-05 21:08:05+00:00,9.77,44.53,42.875,1,5.0,A (Ideal),FastAPI,IO,high
2026-05-05 21:08:07+00:00,9.76,44.45,42.875,1,7.0,A (Ideal),FastAPI,IO,high
2026-05-05 21:08:09+00:00,9.85,44.42,42.875,1,9.0,A (Ideal),FastAPI,IO,high
2026-05-05 21:08:11+00:00,9.65,44.59,42.875,1,11.0,A (Ideal),FastAPI,IO,high
2026-05-05 21:08:13+00:00,9.63,44.11,42.875,1,13.0,A (Ideal),FastAPI,IO,high
2026-05-05 21:08:15+00:00,9.65,45.89,42.875,1,15.0,A (Ideal),FastAPI,IO,high
2026-05-05 21:08:17+00:00,9.78,47.33,42.875,1,17.0,A (Ideal),FastAPI,IO,high
2026-05-05 22:02:48+00:00,9.78,27.97,41.875,1,0.0,A (Ideal),Express,CPU,low
2026-05-05 22:02:50+00:00,10.04,28.68,41.875,0,2.0,A (Ideal),Express,CPU,low
2026-05-05 22:02:52+00:00,9.83,29.03,41.875,0,4.0,A (Ideal),Express,CPU,low
2026-05-05 22:02:55+00:00,9.91,29.7,41.875,0,7.0,A (Ideal),Express,CPU,low
2026-05-05 22:02:57+00:00,9.77,30.73,41.875,0,9.0,A (Ideal),Express,CPU,low
2026-05-05 22:02:59+00:00,9.81,31.03,41.875,0,11.0,A (Ideal),Express,CPU,low
2026-05-05 22:03:01+00:00,9.77,31.54,42.0,0,13.0,A (Ideal),Express,CPU,low
2026-05-05 22:03:03+00:00,11.16,32.47,42.0,0,15.0,A (Ideal),Express,CPU,low
2026-05-05 22:03:05+00:00,9.65,32.18,41.875,0,17.0,A (Ideal),Express,CPU,low
2026-05-05 22:06:30+00:00,28.43,43.49,42.0,0,0.0,A (Ideal),FastAPI,CPU,high
2026-05-05 22:06:32+00:00,28.36,43.63,42.0,0,2.0,A (Ideal),FastAPI,CPU,high
2026-05-05 22:06:34+00:00,28.41,43.5,42.0,0,4.0,A (Ideal),FastAPI,CPU,high
2026-05-05 22:06:36+00:00,28.28,43.63,42.0,0,6.0,A (Ideal),FastAPI,CPU,high
2026-05-05 22:06:38+00:00,28.39,43.5,42.0,1,8.0,A (Ideal),FastAPI,CPU,high
2026-05-05 22:06:40+00:00,28.22,43.42,42.0,0,10.0,A (Ideal),FastAPI,CPU,high
2026-05-05 22:06:43+00:00,28.54,43.84,42.0,0,13.0,A (Ideal),FastAPI,CPU,high
2026-05-05 22:06:45+00:00,28.44,43.72,42.0,0,15.0,A (Ideal),FastAPI,CPU,high
2026-05-05 22:06:47+00:00,28.39,43.61,42.0,0,17.0,A (Ideal),FastAPI,CPU,high
2026-05-05 20:39:04+00:00,90.59,43.13,42.875,2,0.0,A (Ideal),Express,CPU,high
2026-05-05 20:39:06+00:00,87.83,39.27,43.0,3,2.0,A (Ideal),Express,CPU,high
2026-05-05 20:39:08+00:00,91.16,42.63,43.0,2,4.0,A (Ideal),Express,CPU,high
2026-05-05 20:39:11+00:00,93.42,42.63,43.0,2,7.0,A (Ideal),Express,CPU,high
2026-05-05 20:39:13+00:00,88.69,43.48,43.0,3,9.0,A (Ideal),Express,CPU,high
2026-05-05 20:39:15+00:00,89.9,42.68,43.0,3,11.0,A (Ideal),Express,CPU,high
2026-05-05 20:39:17+00:00,88.64,42.36,43.0,2,13.0,A (Ideal),Express,CPU,high
2026-05-05 20:39:19+00:00,89.26,43.48,43.0,2,15.0,A (Ideal),Express,CPU,high
2026-05-05 20:39:21+00:00,89.38,42.82,43.0,1,17.0,A (Ideal),Express,CPU,high
2026-05-05 22:18:12+00:00,1.57,27.61,41.5,1,0.0,A (Ideal),Express,IO,low
2026-05-05 22:18:14+00:00,1.71,28.39,41.5,1,2.0,A (Ideal),Express,IO,low
2026-05-05 22:18:16+00:00,1.42,28.38,41.5,1,4.0,A (Ideal),Express,IO,low
2026-05-05 22:18:18+00:00,1.79,29.15,41.625,1,6.0,A (Ideal),Express,IO,low
2026-05-05 22:18:20+00:00,1.29,29.53,41.625,1,8.0,A (Ideal),Express,IO,low
2026-05-05 22:18:22+00:00,1.46,29.57,41.625,1,10.0,A (Ideal),Express,IO,low
2026-05-05 22:18:24+00:00,1.43,30.26,41.625,1,12.0,A (Ideal),Express,IO,low
2026-05-05 22:18:27+00:00,2.34,30.95,41.625,1,15.0,A (Ideal),Express,IO,low
2026-05-05 22:18:29+00:00,1.28,31.05,41.625,1,17.0,A (Ideal),Express,IO,low
2026-05-05 21:14:10+00:00,3.87,32.68,42.375,1,0.0,A (Ideal),Express,IO,medium
2026-05-05 21:14:12+00:00,3.45,33.43,42.375,2,2.0,A (Ideal),Express,IO,medium
2026-05-05 21:14:14+00:00,5.3,35.12,42.375,1,4.0,A (Ideal),Express,IO,medium
2026-05-05 21:14:16+00:00,3.44,35.29,42.375,1,6.0,A (Ideal),Express,IO,medium
2026-05-05 21:14:18+00:00,3.31,35.27,42.375,2,8.0,A (Ideal),Express,IO,medium
2026-05-05 21:14:20+00:00,3.93,35.64,42.375,1,10.0,A (Ideal),Express,IO,medium
2026-05-05 21:14:23+00:00,3.76,35.57,42.375,1,13.0,A (Ideal),Express,IO,medium
2026-05-05 21:14:25+00:00,3.73,35.97,42.375,1,15.0,A (Ideal),Express,IO,medium
2026-05-05 21:14:27+00:00,3.32,36.21,42.375,1,17.0,A (Ideal),Express,IO,medium
2026-05-05 20:44:00+00:00,45.89,33.62,42.75,1,0.0,A (Ideal),Express,CPU,medium
2026-05-05 20:44:02+00:00,46.27,33.86,42.75,0,2.0,A (Ideal),Express,CPU,medium
2026-05-05 20:44:04+00:00,45.94,34.09,42.875,0,4.0,A (Ideal),Express,CPU,medium
2026-05-05 20:44:06+00:00,45.26,34.08,42.75,1,6.0,A (Ideal),Express,CPU,medium
2026-05-05 20:44:08+00:00,47.29,40.44,42.875,1,8.0,A (Ideal),Express,CPU,medium
2026-05-05 20:44:10+00:00,46.98,41.38,42.875,1,10.0,A (Ideal),Express,CPU,medium
2026-05-05 20:44:12+00:00,46.82,40.9,42.875,1,12.0,A (Ideal),Express,CPU,medium
2026-05-05 20:44:15+00:00,45.0,37.11,42.875,1,15.0,A (Ideal),Express,CPU,medium
2026-05-05 20:44:17+00:00,45.47,37.27,42.875,1,17.0,A (Ideal),Express,CPU,medium
2026-05-05 20:46:27+00:00,91.08,42.35,42.875,2,0.0,A (Ideal),Express,CPU,high
2026-05-05 20:46:30+00:00,88.08,44.05,42.875,2,3.0,A (Ideal),Express,CPU,high
2026-05-05 20:46:32+00:00,89.83,43.33,42.875,2,5.0,A (Ideal),Express,CPU,high
2026-05-05 20:46:34+00:00,89.54,43.57,42.875,3,7.0,A (Ideal),Express,CPU,high
2026-05-05 20:46:36+00:00,89.05,43.64,43.0,2,9.0,A (Ideal),Express,CPU,high
2026-05-05 20:46:38+00:00,90.44,43.57,43.0,2,11.0,A (Ideal),Express,CPU,high
2026-05-05 20:46:40+00:00,88.23,43.46,43.0,2,13.0,A (Ideal),Express,CPU,high
2026-05-05 20:46:42+00:00,91.95,43.38,43.0,3,15.0,A (Ideal),Express,CPU,high
2026-05-05 20:46:45+00:00,90.9,43.61,43.0,2,18.0,A (Ideal),Express,CPU,high
2026-05-05 21:33:15+00:00,9.78,28.26,42.125,0,0.0,A (Ideal),Express,CPU,low
2026-05-05 21:33:17+00:00,10.04,28.79,42.125,0,2.0,A (Ideal),Express,CPU,low
2026-05-05 21:33:19+00:00,9.86,29.34,42.25,0,4.0,A (Ideal),Express,CPU,low
2026-05-05 21:33:21+00:00,9.83,30.06,42.25,0,6.0,A (Ideal),Express,CPU,low
2026-05-05 21:33:23+00:00,9.82,30.72,42.25,0,8.0,A (Ideal),Express,CPU,low
2026-05-05 21:33:26+00:00,9.76,31.23,42.25,0,11.0,A (Ideal),Express,CPU,low
2026-05-05 21:33:28+00:00,9.76,31.6,42.25,0,13.0,A (Ideal),Express,CPU,low
2026-05-05 21:33:30+00:00,11.15,32.75,42.25,0,15.0,A (Ideal),Express,CPU,low
2026-05-05 21:33:32+00:00,9.63,32.73,42.25,0,17.0,A (Ideal),Express,CPU,low
2026-05-05 21:58:30+00:00,3.96,32.87,41.875,1,0.0,A (Ideal),Express,IO,medium
2026-05-05 21:58:32+00:00,3.46,33.34,41.875,1,2.0,A (Ideal),Express,IO,medium
2026-05-05 21:58:34+00:00,5.27,35.13,42.0,2,4.0,A (Ideal),Express,IO,medium
2026-05-05 21:58:36+00:00,3.41,35.08,42.0,1,6.0,A (Ideal),Express,IO,medium
2026-05-05 21:58:38+00:00,3.3,35.09,42.0,1,8.0,A (Ideal),Express,IO,medium
2026-05-05 21:58:40+00:00,3.89,35.54,42.0,1,10.0,A (Ideal),Express,IO,medium
2026-05-05 21:58:42+00:00,3.76,35.42,42.0,1,12.0,A (Ideal),Express,IO,medium
2026-05-05 21:58:44+00:00,4.59,36.03,42.0,1,14.0,A (Ideal),Express,IO,medium
2026-05-05 21:58:46+00:00,3.2,36.16,42.0,1,16.0,A (Ideal),Express,IO,medium
2026-05-05 22:10:12+00:00,9.72,28.09,41.875,0,0.0,A (Ideal),Express,CPU,low
2026-05-05 22:10:14+00:00,10.23,28.77,41.875,0,2.0,A (Ideal),Express,CPU,low
2026-05-05 22:10:16+00:00,10.0,29.66,41.875,0,4.0,A (Ideal),Express,CPU,low
2026-05-05 22:10:18+00:00,9.81,30.16,41.875,0,6.0,A (Ideal),Express,CPU,low
2026-05-05 22:10:20+00:00,9.72,30.62,41.875,0,8.0,A (Ideal),Express,CPU,low
2026-05-05 22:10:22+00:00,9.69,30.95,41.875,0,10.0,A (Ideal),Express,CPU,low
2026-05-05 22:10:24+00:00,9.64,31.75,41.875,0,12.0,A (Ideal),Express,CPU,low
2026-05-05 22:10:26+00:00,11.14,32.75,41.875,0,14.0,A (Ideal),Express,CPU,low
2026-05-05 22:10:28+00:00,9.67,32.93,41.875,0,16.0,A (Ideal),Express,CPU,low
2026-05-05 20:34:08+00:00,9.76,90.26,42.0,0,0.0,A (Ideal),Express,CPU,low
2026-05-05 20:34:11+00:00,10.07,91.1,42.0,0,3.0,A (Ideal),Express,CPU,low
2026-05-05 20:34:13+00:00,9.75,91.28,42.0,0,5.0,A (Ideal),Express,CPU,low
2026-05-05 20:34:15+00:00,10.01,92.5,42.125,0,7.0,A (Ideal),Express,CPU,low
2026-05-05 20:34:17+00:00,9.81,93.04,42.125,0,9.0,A (Ideal),Express,CPU,low
2026-05-05 20:34:19+00:00,9.73,93.37,42.125,0,11.0,A (Ideal),Express,CPU,low
2026-05-05 20:34:21+00:00,9.76,93.75,42.125,0,13.0,A (Ideal),Express,CPU,low
2026-05-05 20:34:23+00:00,11.33,94.73,42.125,0,15.0,A (Ideal),Express,CPU,low
2026-05-05 20:34:25+00:00,10.78,94.89,42.125,0,17.0,A (Ideal),Express,CPU,low
2026-05-05 21:55:25+00:00,9.75,28.09,41.875,0,0.0,A (Ideal),Express,CPU,low
2026-05-05 21:55:27+00:00,10.06,28.77,41.875,0,2.0,A (Ideal),Express,CPU,low
2026-05-05 21:55:29+00:00,9.79,29.1,41.875,0,4.0,A (Ideal),Express,CPU,low
2026-05-05 21:55:31+00:00,9.88,30.1,41.875,0,6.0,A (Ideal),Express,CPU,low
2026-05-05 21:55:33+00:00,9.94,30.84,41.875,0,8.0,A (Ideal),Express,CPU,low
2026-05-05 21:55:35+00:00,9.72,31.06,41.875,0,10.0,A (Ideal),Express,CPU,low
2026-05-05 21:55:37+00:00,9.6,31.71,42.0,0,12.0,A (Ideal),Express,CPU,low
2026-05-05 21:55:40+00:00,11.14,32.79,42.0,0,15.0,A (Ideal),Express,CPU,low
2026-05-05 21:55:42+00:00,9.65,32.92,42.0,0,17.0,A (Ideal),Express,CPU,low
2026-05-05 22:03:25+00:00,1.57,27.71,41.875,1,0.0,A (Ideal),Express,IO,low
2026-05-05 22:03:27+00:00,1.73,28.18,41.875,1,2.0,A (Ideal),Express,IO,low
2026-05-05 22:03:29+00:00,1.42,28.38,41.875,1,4.0,A (Ideal),Express,IO,low
2026-05-05 22:03:31+00:00,1.75,29.05,41.875,1,6.0,A (Ideal),Express,IO,low
2026-05-05 22:03:34+00:00,1.3,29.51,41.875,1,9.0,A (Ideal),Express,IO,low
2026-05-05 22:03:36+00:00,1.51,29.73,41.875,1,11.0,A (Ideal),Express,IO,low
2026-05-05 22:03:38+00:00,1.49,30.14,41.875,1,13.0,A (Ideal),Express,IO,low
2026-05-05 22:03:40+00:00,2.26,30.97,41.875,1,15.0,A (Ideal),Express,IO,low
2026-05-05 22:03:42+00:00,1.29,30.98,41.875,1,17.0,A (Ideal),Express,IO,low
2026-05-05 21:50:29+00:00,44.84,33.6,42.125,1,0.0,A (Ideal),Express,CPU,medium
2026-05-05 21:50:31+00:00,45.08,34.23,42.125,1,2.0,A (Ideal),Express,CPU,medium
2026-05-05 21:50:34+00:00,45.11,34.31,42.125,1,5.0,A (Ideal),Express,CPU,medium
2026-05-05 21:50:36+00:00,44.54,34.21,42.125,1,7.0,A (Ideal),Express,CPU,medium
2026-05-05 21:50:38+00:00,44.71,41.93,42.125,1,9.0,A (Ideal),Express,CPU,medium
2026-05-05 21:50:40+00:00,44.56,42.12,42.125,0,11.0,A (Ideal),Express,CPU,medium
2026-05-05 21:50:42+00:00,44.4,42.24,42.125,1,13.0,A (Ideal),Express,CPU,medium
2026-05-05 21:50:44+00:00,44.75,38.14,42.25,1,15.0,A (Ideal),Express,CPU,medium
2026-05-05 21:50:46+00:00,45.16,38.03,42.25,1,17.0,A (Ideal),Express,CPU,medium
2026-05-05 22:17:35+00:00,9.79,28.08,41.625,0,0.0,A (Ideal),Express,CPU,low
2026-05-05 22:17:37+00:00,10.08,28.79,41.625,0,2.0,A (Ideal),Express,CPU,low
2026-05-05 22:17:39+00:00,9.83,29.31,41.75,0,4.0,A (Ideal),Express,CPU,low
2026-05-05 22:17:41+00:00,9.89,30.15,41.75,0,6.0,A (Ideal),Express,CPU,low
2026-05-05 22:17:43+00:00,9.81,30.76,41.625,0,8.0,A (Ideal),Express,CPU,low
2026-05-05 22:17:45+00:00,9.78,30.99,41.625,0,10.0,A (Ideal),Express,CPU,low
2026-05-05 22:17:47+00:00,9.72,31.83,41.625,0,12.0,A (Ideal),Express,CPU,low
2026-05-05 22:17:50+00:00,11.05,33.68,41.625,0,15.0,A (Ideal),Express,CPU,low
2026-05-05 22:17:52+00:00,9.73,32.86,41.625,0,17.0,A (Ideal),Express,CPU,low
2026-05-05 21:44:57+00:00,9.65,45.85,42.125,1,0.0,A (Ideal),FastAPI,IO,high
2026-05-05 21:44:59+00:00,9.65,45.78,42.125,1,2.0,A (Ideal),FastAPI,IO,high
2026-05-05 21:45:01+00:00,9.6,46.21,42.125,1,4.0,A (Ideal),FastAPI,IO,high
2026-05-05 21:45:03+00:00,9.63,45.86,42.125,1,6.0,A (Ideal),FastAPI,IO,high
2026-05-05 21:45:05+00:00,9.69,46.31,42.125,1,8.0,A (Ideal),FastAPI,IO,high
2026-05-05 21:45:07+00:00,9.54,45.95,42.125,2,10.0,A (Ideal),FastAPI,IO,high
2026-05-05 21:45:09+00:00,9.54,46.19,42.125,1,12.0,A (Ideal),FastAPI,IO,high
2026-05-05 21:45:12+00:00,9.58,47.47,42.125,1,15.0,A (Ideal),FastAPI,IO,high
2026-05-05 21:45:14+00:00,9.72,48.74,42.125,1,17.0,A (Ideal),FastAPI,IO,high
2026-05-05 21:17:15+00:00,3.27,41.21,42.375,0,0.0,A (Ideal),FastAPI,CPU,low
2026-05-05 21:17:17+00:00,3.25,41.03,42.375,0,2.0,A (Ideal),FastAPI,CPU,low
2026-05-05 21:17:19+00:00,3.27,41.13,42.25,0,4.0,A (Ideal),FastAPI,CPU,low
2026-05-05 21:17:21+00:00,3.3,41.21,42.375,0,6.0,A (Ideal),FastAPI,CPU,low
2026-05-05 21:17:23+00:00,3.26,41.13,42.375,0,8.0,A (Ideal),FastAPI,CPU,low
2026-05-05 21:17:25+00:00,3.22,41.23,42.375,0,10.0,A (Ideal),FastAPI,CPU,low
2026-05-05 21:17:27+00:00,3.25,41.06,42.375,0,12.0,A (Ideal),FastAPI,CPU,low
2026-05-05 21:17:29+00:00,3.31,41.1,42.375,0,14.0,A (Ideal),FastAPI,CPU,low
2026-05-05 21:17:31+00:00,3.31,41.2,42.375,1,16.0,A (Ideal),FastAPI,CPU,low
2026-05-05 21:26:29+00:00,1.56,27.7,42.125,1,0.0,A (Ideal),Express,IO,low
2026-05-05 21:26:31+00:00,1.72,28.2,42.25,1,2.0,A (Ideal),Express,IO,low
2026-05-05 21:26:33+00:00,1.43,28.59,42.25,1,4.0,A (Ideal),Express,IO,low
2026-05-05 21:26:35+00:00,1.8,29.09,42.25,1,6.0,A (Ideal),Express,IO,low
2026-05-05 21:26:37+00:00,1.39,29.7,42.25,1,8.0,A (Ideal),Express,IO,low
2026-05-05 21:26:39+00:00,1.46,29.84,42.25,1,10.0,A (Ideal),Express,IO,low
2026-05-05 21:26:41+00:00,1.45,30.14,42.25,1,12.0,A (Ideal),Express,IO,low
2026-05-05 21:26:43+00:00,2.28,30.97,42.25,1,14.0,A (Ideal),Express,IO,low
2026-05-05 21:26:46+00:00,1.34,31.02,42.25,1,17.0,A (Ideal),Express,IO,low
2026-05-05 21:38:11+00:00,90.68,42.75,42.5,2,0.0,A (Ideal),Express,CPU,high
2026-05-05 21:38:13+00:00,87.91,44.18,42.5,2,2.0,A (Ideal),Express,CPU,high
2026-05-05 21:38:15+00:00,89.43,43.51,42.5,2,4.0,A (Ideal),Express,CPU,high
2026-05-05 21:38:17+00:00,88.58,43.84,42.5,2,6.0,A (Ideal),Express,CPU,high
2026-05-05 21:38:19+00:00,88.1,43.3,42.625,2,8.0,A (Ideal),Express,CPU,high
2026-05-05 21:38:21+00:00,89.67,43.28,42.625,2,10.0,A (Ideal),Express,CPU,high
2026-05-05 21:38:23+00:00,88.87,43.32,42.5,2,12.0,A (Ideal),Express,CPU,high
2026-05-05 21:38:26+00:00,90.16,43.45,42.625,1,15.0,A (Ideal),Express,CPU,high
2026-05-05 21:38:28+00:00,89.34,43.18,42.625,2,17.0,A (Ideal),Express,CPU,high
2026-05-05 21:06:46+00:00,3.81,33.11,42.75,1,0.0,A (Ideal),Express,IO,medium
2026-05-05 21:06:49+00:00,3.45,33.72,42.875,1,3.0,A (Ideal),Express,IO,medium
2026-05-05 21:06:51+00:00,5.26,35.98,42.875,1,5.0,A (Ideal),Express,IO,medium
2026-05-05 21:06:53+00:00,3.35,35.82,42.875,1,7.0,A (Ideal),Express,IO,medium
2026-05-05 21:06:55+00:00,3.28,35.68,42.875,1,9.0,A (Ideal),Express,IO,medium
2026-05-05 21:06:57+00:00,3.99,35.87,42.875,1,11.0,A (Ideal),Express,IO,medium
2026-05-05 21:06:59+00:00,3.66,35.71,42.875,1,13.0,A (Ideal),Express,IO,medium
2026-05-05 21:07:01+00:00,5.08,36.49,42.875,1,15.0,A (Ideal),Express,IO,medium
2026-05-05 21:07:03+00:00,3.27,36.75,42.875,1,17.0,A (Ideal),Express,IO,medium
2026-05-05 21:16:38+00:00,6.28,35.39,42.375,1,0.0,A (Ideal),Express,IO,high
2026-05-05 21:16:40+00:00,5.4,36.66,42.375,1,2.0,A (Ideal),Express,IO,high
2026-05-05 21:16:42+00:00,5.39,36.63,42.375,1,4.0,A (Ideal),Express,IO,high
2026-05-05 21:16:44+00:00,6.51,37.14,42.375,1,6.0,A (Ideal),Express,IO,high
2026-05-05 21:16:46+00:00,5.03,36.96,42.375,1,8.0,A (Ideal),Express,IO,high
2026-05-05 21:16:48+00:00,6.73,37.34,42.375,2,10.0,A (Ideal),Express,IO,high
2026-05-05 21:16:50+00:00,4.61,37.33,42.375,1,12.0,A (Ideal),Express,IO,high
2026-05-05 21:16:52+00:00,5.02,37.59,42.375,1,14.0,A (Ideal),Express,IO,high
2026-05-05 21:16:55+00:00,6.17,37.29,42.375,1,17.0,A (Ideal),Express,IO,high
2026-05-05 21:39:24+00:00,3.23,41.11,42.125,1,0.0,A (Ideal),FastAPI,CPU,low
2026-05-05 21:39:27+00:00,3.27,40.96,42.125,0,3.0,A (Ideal),FastAPI,CPU,low
2026-05-05 21:39:29+00:00,3.29,41.16,42.125,0,5.0,A (Ideal),FastAPI,CPU,low
2026-05-05 21:39:31+00:00,3.3,41.27,42.125,0,7.0,A (Ideal),FastAPI,CPU,low
2026-05-05 21:39:33+00:00,3.25,41.07,42.125,0,9.0,A (Ideal),FastAPI,CPU,low
2026-05-05 21:39:35+00:00,3.28,41.19,42.125,0,11.0,A (Ideal),FastAPI,CPU,low
2026-05-05 21:39:37+00:00,3.24,41.28,42.125,0,13.0,A (Ideal),FastAPI,CPU,low
2026-05-05 21:39:39+00:00,3.26,41.09,42.125,0,15.0,A (Ideal),FastAPI,CPU,low
2026-05-05 21:39:41+00:00,3.27,41.19,42.125,0,17.0,A (Ideal),FastAPI,CPU,low
2026-05-05 21:31:24+00:00,6.61,35.62,42.375,1,0.0,A (Ideal),Express,IO,high
2026-05-05 21:31:26+00:00,7.92,35.87,42.375,1,2.0,A (Ideal),Express,IO,high
2026-05-05 21:31:28+00:00,5.37,36.35,42.375,1,4.0,A (Ideal),Express,IO,high
2026-05-05 21:31:31+00:00,6.42,36.55,42.375,1,7.0,A (Ideal),Express,IO,high
2026-05-05 21:31:33+00:00,4.96,36.58,42.375,1,9.0,A (Ideal),Express,IO,high
2026-05-05 21:31:35+00:00,6.6,36.47,42.375,1,11.0,A (Ideal),Express,IO,high
2026-05-05 21:31:37+00:00,4.71,36.78,42.375,1,13.0,A (Ideal),Express,IO,high
2026-05-05 21:31:39+00:00,5.09,36.64,42.375,1,15.0,A (Ideal),Express,IO,high
2026-05-05 21:31:41+00:00,6.35,36.76,42.375,1,17.0,A (Ideal),Express,IO,high
2026-05-05 21:01:51+00:00,6.27,35.86,42.75,1,0.0,A (Ideal),Express,IO,high
2026-05-05 21:01:53+00:00,7.8,36.41,42.75,1,2.0,A (Ideal),Express,IO,high
2026-05-05 21:01:55+00:00,5.35,36.53,42.75,1,4.0,A (Ideal),Express,IO,high
2026-05-05 21:01:57+00:00,6.61,36.57,42.75,1,6.0,A (Ideal),Express,IO,high
2026-05-05 21:01:59+00:00,4.97,36.61,42.75,1,8.0,A (Ideal),Express,IO,high
2026-05-05 21:02:02+00:00,6.98,37.1,42.75,2,11.0,A (Ideal),Express,IO,high
2026-05-05 21:02:04+00:00,4.78,37.09,42.75,1,13.0,A (Ideal),Express,IO,high
2026-05-05 21:02:06+00:00,5.46,36.99,42.75,1,15.0,A (Ideal),Express,IO,high
2026-05-05 21:02:08+00:00,6.55,37.36,42.75,1,17.0,A (Ideal),Express,IO,high
2026-05-05 21:03:42+00:00,9.77,27.99,42.625,0,0.0,A (Ideal),Express,CPU,low
2026-05-05 21:03:44+00:00,10.09,28.67,42.625,0,2.0,A (Ideal),Express,CPU,low
2026-05-05 21:03:46+00:00,9.84,29.21,42.625,0,4.0,A (Ideal),Express,CPU,low
2026-05-05 21:03:48+00:00,9.8,30.23,42.625,0,6.0,A (Ideal),Express,CPU,low
2026-05-05 21:03:50+00:00,9.75,30.74,42.625,0,8.0,A (Ideal),Express,CPU,low
2026-05-05 21:03:52+00:00,9.79,31.1,42.625,0,10.0,A (Ideal),Express,CPU,low
2026-05-05 21:03:54+00:00,9.84,31.9,42.625,0,12.0,A (Ideal),Express,CPU,low
2026-05-05 21:03:57+00:00,11.17,32.51,42.625,0,15.0,A (Ideal),Express,CPU,low
2026-05-05 21:03:59+00:00,9.89,32.68,42.625,0,17.0,A (Ideal),Express,CPU,low
2026-05-05 20:59:23+00:00,3.69,33.04,42.625,1,0.0,A (Ideal),Express,IO,medium
2026-05-05 20:59:25+00:00,3.17,33.79,42.625,1,2.0,A (Ideal),Express,IO,medium
2026-05-05 20:59:27+00:00,5.02,35.23,42.625,1,4.0,A (Ideal),Express,IO,medium
2026-05-05 20:59:30+00:00,3.06,35.14,42.625,1,7.0,A (Ideal),Express,IO,medium
2026-05-05 20:59:32+00:00,3.08,34.83,42.625,1,9.0,A (Ideal),Express,IO,medium
2026-05-05 20:59:34+00:00,3.79,35.29,42.625,1,11.0,A (Ideal),Express,IO,medium
2026-05-05 20:59:36+00:00,3.6,36.1,42.625,1,13.0,A (Ideal),Express,IO,medium
2026-05-05 20:59:38+00:00,3.42,35.97,42.625,1,15.0,A (Ideal),Express,IO,medium
2026-05-05 20:59:40+00:00,3.25,36.19,42.625,1,17.0,A (Ideal),Express,IO,medium
2026-05-05 21:12:19+00:00,15.0,41.53,42.625,0,0.0,A (Ideal),FastAPI,CPU,medium
2026-05-05 21:12:21+00:00,15.3,41.27,42.625,0,2.0,A (Ideal),FastAPI,CPU,medium
2026-05-05 21:12:23+00:00,15.11,41.32,42.625,0,4.0,A (Ideal),FastAPI,CPU,medium
2026-05-05 21:12:25+00:00,15.14,41.39,42.625,0,6.0,A (Ideal),FastAPI,CPU,medium
2026-05-05 21:12:28+00:00,15.11,41.57,42.625,0,9.0,A (Ideal),FastAPI,CPU,medium
2026-05-05 21:12:30+00:00,15.06,41.39,42.625,0,11.0,A (Ideal),FastAPI,CPU,medium
2026-05-05 21:12:32+00:00,14.98,41.59,42.625,0,13.0,A (Ideal),FastAPI,CPU,medium
2026-05-05 21:12:34+00:00,15.15,41.34,42.625,0,15.0,A (Ideal),FastAPI,CPU,medium
2026-05-05 21:12:36+00:00,15.15,41.56,42.75,0,17.0,A (Ideal),FastAPI,CPU,medium
2026-05-05 21:10:28+00:00,1.67,43.97,42.75,1,0.0,A (Ideal),FastAPI,IO,low
2026-05-05 21:10:30+00:00,1.62,43.94,42.75,1,2.0,A (Ideal),FastAPI,IO,low
2026-05-05 21:10:32+00:00,1.65,44.09,42.875,1,4.0,A (Ideal),FastAPI,IO,low
2026-05-05 21:10:35+00:00,1.66,44.19,42.875,1,7.0,A (Ideal),FastAPI,IO,low
2026-05-05 21:10:37+00:00,1.66,44.38,42.875,1,9.0,A (Ideal),FastAPI,IO,low
2026-05-05 21:10:39+00:00,1.66,44.54,42.875,1,11.0,A (Ideal),FastAPI,IO,low
2026-05-05 21:10:41+00:00,1.64,44.51,42.875,1,13.0,A (Ideal),FastAPI,IO,low
2026-05-05 21:10:43+00:00,1.66,44.97,42.75,1,15.0,A (Ideal),FastAPI,IO,low
2026-05-05 21:10:45+00:00,1.67,45.06,42.75,1,17.0,A (Ideal),FastAPI,IO,low
2026-05-05 20:48:55+00:00,9.89,28.2,42.75,1,0.0,A (Ideal),Express,CPU,low
2026-05-05 20:48:57+00:00,10.17,28.86,42.75,0,2.0,A (Ideal),Express,CPU,low
2026-05-05 20:48:59+00:00,9.88,29.34,42.75,0,4.0,A (Ideal),Express,CPU,low
2026-05-05 20:49:01+00:00,9.94,30.2,42.75,0,6.0,A (Ideal),Express,CPU,low
2026-05-05 20:49:04+00:00,9.86,30.69,42.75,0,9.0,A (Ideal),Express,CPU,low
2026-05-05 20:49:06+00:00,9.96,30.96,42.75,0,11.0,A (Ideal),Express,CPU,low
2026-05-05 20:49:08+00:00,9.83,31.74,42.75,0,13.0,A (Ideal),Express,CPU,low
2026-05-05 20:49:10+00:00,11.26,32.69,42.75,0,15.0,A (Ideal),Express,CPU,low
2026-05-05 20:49:12+00:00,10.91,32.75,42.75,0,17.0,A (Ideal),Express,CPU,low
2026-05-05 20:36:36+00:00,45.21,33.68,42.75,1,0.0,A (Ideal),Express,CPU,medium
2026-05-05 20:36:39+00:00,47.05,41.53,42.75,1,3.0,A (Ideal),Express,CPU,medium
2026-05-05 20:36:41+00:00,46.01,41.81,42.75,1,5.0,A (Ideal),Express,CPU,medium
2026-05-05 20:36:43+00:00,46.44,42.03,42.875,0,7.0,A (Ideal),Express,CPU,medium
2026-05-05 20:36:45+00:00,45.85,37.38,42.875,1,9.0,A (Ideal),Express,CPU,medium
2026-05-05 20:36:47+00:00,44.9,37.8,42.875,0,11.0,A (Ideal),Express,CPU,medium
2026-05-05 20:36:49+00:00,44.75,37.72,42.875,1,13.0,A (Ideal),Express,CPU,medium
2026-05-05 20:36:51+00:00,44.77,37.39,42.875,1,15.0,A (Ideal),Express,CPU,medium
2026-05-05 20:36:54+00:00,45.28,37.09,42.875,1,18.0,A (Ideal),Express,CPU,medium
2026-05-06 01:37:28+00:00,22.55,41.62,39.0,19,0.0,B (Inestable),FastAPI,CPU,high
2026-05-06 01:37:30+00:00,22.62,41.71,39.0,10,2.0,B (Inestable),FastAPI,CPU,high
2026-05-06 01:37:32+00:00,22.1,41.57,39.0,7,4.0,B (Inestable),FastAPI,CPU,high
2026-05-06 01:37:34+00:00,20.41,41.66,39.0,13,6.0,B (Inestable),FastAPI,CPU,high
2026-05-06 01:37:36+00:00,21.09,41.73,39.0,10,8.0,B (Inestable),FastAPI,CPU,high
2026-05-06 01:37:38+00:00,23.03,41.51,39.0,18,10.0,B (Inestable),FastAPI,CPU,high
2026-05-06 01:37:40+00:00,23.47,41.75,39.125,12,12.0,B (Inestable),FastAPI,CPU,high
2026-05-06 01:37:42+00:00,22.0,41.3,39.0,12,14.0,B (Inestable),FastAPI,CPU,high
2026-05-06 01:37:45+00:00,21.91,41.45,39.0,8,17.0,B (Inestable),FastAPI,CPU,high
2026-05-06 01:37:47+00:00,14.64,41.41,39.0,8,19.0,B (Inestable),FastAPI,CPU,high
2026-05-06 00:49:44+00:00,5.51,43.94,39.5,36,0.0,B (Inestable),FastAPI,IO,medium
2026-05-06 00:49:46+00:00,4.81,44.07,39.5,34,2.0,B (Inestable),FastAPI,IO,medium
2026-05-06 00:49:48+00:00,5.11,44.48,39.5,33,4.0,B (Inestable),FastAPI,IO,medium
2026-05-06 00:49:50+00:00,5.21,44.43,39.5,36,6.0,B (Inestable),FastAPI,IO,medium
2026-05-06 00:49:53+00:00,4.92,44.62,39.625,35,9.0,B (Inestable),FastAPI,IO,medium
2026-05-06 00:49:55+00:00,5.26,44.54,39.625,32,11.0,B (Inestable),FastAPI,IO,medium
2026-05-06 00:49:57+00:00,5.36,44.61,39.5,31,13.0,B (Inestable),FastAPI,IO,medium
2026-05-06 00:49:59+00:00,4.97,44.49,39.5,36,15.0,B (Inestable),FastAPI,IO,medium
2026-05-06 00:50:01+00:00,5.15,44.32,39.5,36,17.0,B (Inestable),FastAPI,IO,medium
2026-05-06 00:50:03+00:00,4.5,44.24,39.5,25,19.0,B (Inestable),FastAPI,IO,medium
2026-05-06 01:45:05+00:00,23.23,41.58,38.875,9,0.0,B (Inestable),FastAPI,CPU,high
2026-05-06 01:45:07+00:00,23.95,41.42,38.875,7,2.0,B (Inestable),FastAPI,CPU,high
2026-05-06 01:45:09+00:00,23.7,41.71,38.875,8,4.0,B (Inestable),FastAPI,CPU,high
2026-05-06 01:45:12+00:00,24.89,41.89,38.875,7,7.0,B (Inestable),FastAPI,CPU,high
2026-05-06 01:45:14+00:00,21.29,41.79,38.875,11,9.0,B (Inestable),FastAPI,CPU,high
2026-05-06 01:45:16+00:00,21.8,41.62,38.875,13,11.0,B (Inestable),FastAPI,CPU,high
2026-05-06 01:45:18+00:00,22.59,41.78,38.875,12,13.0,B (Inestable),FastAPI,CPU,high
2026-05-06 01:45:20+00:00,21.71,41.65,38.875,11,15.0,B (Inestable),FastAPI,CPU,high
2026-05-06 01:45:22+00:00,21.69,41.69,39.0,10,17.0,B (Inestable),FastAPI,CPU,high
2026-05-06 01:45:24+00:00,17.1,41.59,39.0,7,19.0,B (Inestable),FastAPI,CPU,high
2026-05-06 01:56:32+00:00,7.15,27.22,38.75,0,0.0,B (Inestable),Express,CPU,low
2026-05-06 01:56:34+00:00,9.24,27.89,38.75,0,2.0,B (Inestable),Express,CPU,low
2026-05-06 01:56:37+00:00,9.05,28.48,38.75,2,5.0,B (Inestable),Express,CPU,low
2026-05-06 01:56:39+00:00,8.31,28.98,38.75,2,7.0,B (Inestable),Express,CPU,low
2026-05-06 01:56:41+00:00,8.01,29.29,38.875,2,9.0,B (Inestable),Express,CPU,low
2026-05-06 01:56:43+00:00,7.23,29.7,38.875,3,11.0,B (Inestable),Express,CPU,low
2026-05-06 01:56:45+00:00,10.07,30.11,38.875,1,13.0,B (Inestable),Express,CPU,low
2026-05-06 01:56:47+00:00,7.27,30.47,38.875,3,15.0,B (Inestable),Express,CPU,low
2026-05-06 01:56:49+00:00,6.94,30.82,38.875,1,17.0,B (Inestable),Express,CPU,low
2026-05-06 01:56:51+00:00,8.94,31.72,38.875,2,19.0,B (Inestable),Express,CPU,low
2026-05-06 00:24:57+00:00,8.17,27.53,39.875,3,0.0,B (Inestable),Express,CPU,low
2026-05-06 00:24:59+00:00,6.24,27.79,39.875,2,2.0,B (Inestable),Express,CPU,low
2026-05-06 00:25:01+00:00,9.3,28.37,39.875,0,4.0,B (Inestable),Express,CPU,low
2026-05-06 00:25:03+00:00,9.05,29.25,39.875,0,6.0,B (Inestable),Express,CPU,low
2026-05-06 00:25:05+00:00,6.01,29.66,39.875,2,8.0,B (Inestable),Express,CPU,low
2026-05-06 00:25:07+00:00,9.1,29.76,39.875,0,10.0,B (Inestable),Express,CPU,low
2026-05-06 00:25:09+00:00,7.02,30.35,39.875,1,12.0,B (Inestable),Express,CPU,low
2026-05-06 00:25:12+00:00,6.97,31.09,40.0,2,15.0,B (Inestable),Express,CPU,low
2026-05-06 00:25:14+00:00,9.0,31.03,40.0,0,17.0,B (Inestable),Express,CPU,low
2026-05-06 00:25:16+00:00,7.91,32.06,40.0,0,19.0,B (Inestable),Express,CPU,low
2026-05-06 00:40:50+00:00,1.34,27.31,39.625,12,0.0,B (Inestable),Express,IO,low
2026-05-06 00:40:53+00:00,1.85,27.86,39.625,11,3.0,B (Inestable),Express,IO,low
2026-05-06 00:40:55+00:00,1.39,27.98,39.625,11,5.0,B (Inestable),Express,IO,low
2026-05-06 00:40:57+00:00,1.44,28.22,39.625,10,7.0,B (Inestable),Express,IO,low
2026-05-06 00:40:59+00:00,1.38,29.07,39.625,8,9.0,B (Inestable),Express,IO,low
2026-05-06 00:41:01+00:00,1.87,28.99,39.625,8,11.0,B (Inestable),Express,IO,low
2026-05-06 00:41:03+00:00,1.23,29.38,39.625,8,13.0,B (Inestable),Express,IO,low
2026-05-06 00:41:05+00:00,1.66,29.75,39.625,14,15.0,B (Inestable),Express,IO,low
2026-05-06 00:41:07+00:00,0.93,30.15,39.625,10,17.0,B (Inestable),Express,IO,low
2026-05-06 00:41:09+00:00,1.26,30.5,39.625,7,19.0,B (Inestable),Express,IO,low
2026-05-06 00:35:45+00:00,5.25,32.53,39.875,37,0.0,B (Inestable),Express,IO,medium
2026-05-06 00:35:47+00:00,4.79,33.57,39.875,42,2.0,B (Inestable),Express,IO,medium
2026-05-06 00:35:50+00:00,4.54,35.67,39.875,37,5.0,B (Inestable),Express,IO,medium
2026-05-06 00:35:52+00:00,2.68,35.52,39.875,32,7.0,B (Inestable),Express,IO,medium
2026-05-06 00:35:54+00:00,3.05,35.95,39.75,36,9.0,B (Inestable),Express,IO,medium
2026-05-06 00:35:56+00:00,2.6,36.59,39.875,34,11.0,B (Inestable),Express,IO,medium
2026-05-06 00:35:58+00:00,2.69,36.29,39.875,35,13.0,B (Inestable),Express,IO,medium
2026-05-06 00:36:00+00:00,2.99,36.94,39.875,37,15.0,B (Inestable),Express,IO,medium
2026-05-06 00:36:02+00:00,2.56,36.88,39.875,40,17.0,B (Inestable),Express,IO,medium
2026-05-06 00:36:04+00:00,1.9,36.88,39.75,26,19.0,B (Inestable),Express,IO,medium
2026-05-06 01:10:44+00:00,7.05,27.39,39.125,1,0.0,B (Inestable),Express,CPU,low
2026-05-06 01:10:46+00:00,4.12,28.19,39.125,0,2.0,B (Inestable),Express,CPU,low
2026-05-06 01:10:48+00:00,7.93,28.59,39.125,0,4.0,B (Inestable),Express,CPU,low
2026-05-06 01:10:50+00:00,8.17,28.64,39.125,0,6.0,B (Inestable),Express,CPU,low
2026-05-06 01:10:52+00:00,6.99,29.14,39.125,1,8.0,B (Inestable),Express,CPU,low
2026-05-06 01:10:54+00:00,5.71,29.67,39.125,1,10.0,B (Inestable),Express,CPU,low
2026-05-06 01:10:56+00:00,5.93,30.2,39.125,1,12.0,B (Inestable),Express,CPU,low
2026-05-06 01:10:59+00:00,8.66,30.92,39.25,1,15.0,B (Inestable),Express,CPU,low
2026-05-06 01:11:01+00:00,7.83,31.15,39.25,0,17.0,B (Inestable),Express,CPU,low
2026-05-06 01:11:03+00:00,5.04,31.55,39.25,0,19.0,B (Inestable),Express,CPU,low
2026-05-06 01:38:44+00:00,69.45,42.27,39.125,17,0.0,B (Inestable),Express,CPU,high
2026-05-06 01:38:46+00:00,68.88,51.73,39.125,17,2.0,B (Inestable),Express,CPU,high
2026-05-06 01:38:48+00:00,71.59,51.93,39.125,15,4.0,B (Inestable),Express,CPU,high
2026-05-06 01:38:50+00:00,72.38,47.34,39.125,19,6.0,B (Inestable),Express,CPU,high
2026-05-06 01:38:53+00:00,70.52,43.08,39.125,12,9.0,B (Inestable),Express,CPU,high
2026-05-06 01:38:55+00:00,68.19,43.41,39.125,19,11.0,B (Inestable),Express,CPU,high
2026-05-06 01:38:57+00:00,77.01,42.98,39.125,16,13.0,B (Inestable),Express,CPU,high
2026-05-06 01:38:59+00:00,70.4,43.3,39.125,12,15.0,B (Inestable),Express,CPU,high
2026-05-06 01:39:01+00:00,75.07,47.62,39.25,15,17.0,B (Inestable),Express,CPU,high
2026-05-06 01:39:03+00:00,37.66,46.91,39.25,5,19.0,B (Inestable),Express,CPU,high
2026-05-06 00:29:24+00:00,10.55,45.01,39.875,59,0.0,B (Inestable),FastAPI,IO,high
2026-05-06 00:29:26+00:00,9.34,45.12,39.875,62,2.0,B (Inestable),FastAPI,IO,high
2026-05-06 00:29:29+00:00,10.52,45.18,39.875,64,5.0,B (Inestable),FastAPI,IO,high
2026-05-06 00:29:31+00:00,9.18,44.98,39.875,70,7.0,B (Inestable),FastAPI,IO,high
2026-05-06 00:29:33+00:00,9.42,45.14,39.875,60,9.0,B (Inestable),FastAPI,IO,high
2026-05-06 00:29:35+00:00,9.05,45.2,39.875,62,11.0,B (Inestable),FastAPI,IO,high
2026-05-06 00:29:37+00:00,9.21,45.23,39.875,58,13.0,B (Inestable),FastAPI,IO,high
2026-05-06 00:29:39+00:00,9.0,45.55,39.875,63,15.0,B (Inestable),FastAPI,IO,high
2026-05-06 00:29:41+00:00,9.54,45.86,39.875,68,17.0,B (Inestable),FastAPI,IO,high
2026-05-06 00:29:43+00:00,8.92,45.47,39.875,49,19.0,B (Inestable),FastAPI,IO,high
2026-05-06 00:33:51+00:00,12.64,41.32,39.75,5,0.0,B (Inestable),FastAPI,CPU,medium
2026-05-06 00:33:53+00:00,10.55,41.47,39.75,5,2.0,B (Inestable),FastAPI,CPU,medium
2026-05-06 00:33:55+00:00,11.82,41.37,39.75,8,4.0,B (Inestable),FastAPI,CPU,medium
2026-05-06 00:33:57+00:00,10.77,41.46,39.75,7,6.0,B (Inestable),FastAPI,CPU,medium
2026-05-06 00:33:59+00:00,10.84,41.34,39.75,9,8.0,B (Inestable),FastAPI,CPU,medium
2026-05-06 00:34:01+00:00,12.56,41.62,39.75,8,10.0,B (Inestable),FastAPI,CPU,medium
2026-05-06 00:34:03+00:00,12.59,41.54,39.875,4,12.0,B (Inestable),FastAPI,CPU,medium
2026-05-06 00:34:06+00:00,10.89,41.41,39.875,4,15.0,B (Inestable),FastAPI,CPU,medium
2026-05-06 00:34:08+00:00,12.68,41.28,39.875,7,17.0,B (Inestable),FastAPI,CPU,medium
2026-05-06 00:34:10+00:00,7.4,41.62,39.875,7,19.0,B (Inestable),FastAPI,CPU,medium
2026-05-06 00:49:06+00:00,13.49,43.95,39.5,4,0.0,B (Inestable),FastAPI,CPU,medium
2026-05-06 00:49:08+00:00,11.63,43.59,39.5,3,2.0,B (Inestable),FastAPI,CPU,medium
2026-05-06 00:49:10+00:00,13.0,43.96,39.5,5,4.0,B (Inestable),FastAPI,CPU,medium
2026-05-06 00:49:12+00:00,10.68,43.84,39.5,5,6.0,B (Inestable),FastAPI,CPU,medium
2026-05-06 00:49:14+00:00,11.66,43.73,39.5,7,8.0,B (Inestable),FastAPI,CPU,medium
2026-05-06 00:49:16+00:00,10.88,43.91,39.5,5,10.0,B (Inestable),FastAPI,CPU,medium
2026-05-06 00:49:19+00:00,11.15,43.96,39.5,2,13.0,B (Inestable),FastAPI,CPU,medium
2026-05-06 00:49:21+00:00,11.54,44.08,39.5,10,15.0,B (Inestable),FastAPI,CPU,medium
2026-05-06 00:49:23+00:00,11.47,43.97,39.5,4,17.0,B (Inestable),FastAPI,CPU,medium
2026-05-06 00:49:25+00:00,10.17,43.85,39.5,5,19.0,B (Inestable),FastAPI,CPU,medium
2026-05-06 01:54:38+00:00,7.52,38.15,38.875,72,0.0,B (Inestable),Express,IO,high
2026-05-06 01:54:40+00:00,4.39,38.51,38.875,67,2.0,B (Inestable),Express,IO,high
2026-05-06 01:54:42+00:00,6.21,38.68,38.875,72,4.0,B (Inestable),Express,IO,high
2026-05-06 01:54:44+00:00,4.26,38.72,38.875,75,6.0,B (Inestable),Express,IO,high
2026-05-06 01:54:47+00:00,5.57,38.9,39.0,71,9.0,B (Inestable),Express,IO,high
2026-05-06 01:54:49+00:00,4.03,38.68,39.0,67,11.0,B (Inestable),Express,IO,high
2026-05-06 01:54:51+00:00,5.91,39.03,39.0,62,13.0,B (Inestable),Express,IO,high
2026-05-06 01:54:53+00:00,4.1,39.28,39.0,73,15.0,B (Inestable),Express,IO,high
2026-05-06 01:54:55+00:00,5.83,39.23,39.0,76,17.0,B (Inestable),Express,IO,high
2026-05-06 01:54:57+00:00,5.41,38.94,39.0,55,19.0,B (Inestable),Express,IO,high
2026-05-06 01:57:49+00:00,11.99,41.52,38.875,1,0.0,B (Inestable),FastAPI,CPU,medium
2026-05-06 01:57:51+00:00,11.71,41.57,38.875,5,2.0,B (Inestable),FastAPI,CPU,medium
2026-05-06 01:57:53+00:00,11.14,41.44,38.875,7,4.0,B (Inestable),FastAPI,CPU,medium
2026-05-06 01:57:55+00:00,12.55,41.58,38.875,7,6.0,B (Inestable),FastAPI,CPU,medium
2026-05-06 01:57:57+00:00,11.35,41.48,38.875,6,8.0,B (Inestable),FastAPI,CPU,medium
2026-05-06 01:57:59+00:00,8.62,41.25,38.875,10,10.0,B (Inestable),FastAPI,CPU,medium
2026-05-06 01:58:01+00:00,10.11,41.61,38.875,8,12.0,B (Inestable),FastAPI,CPU,medium
2026-05-06 01:58:04+00:00,12.72,41.53,38.875,7,15.0,B (Inestable),FastAPI,CPU,medium
2026-05-06 01:58:06+00:00,10.52,41.39,38.875,5,17.0,B (Inestable),FastAPI,CPU,medium
2026-05-06 01:58:08+00:00,7.23,41.3,38.875,5,19.0,B (Inestable),FastAPI,CPU,medium
2026-05-06 01:51:27+00:00,33.47,33.61,39.0,8,0.0,B (Inestable),Express,CPU,medium
2026-05-06 01:51:29+00:00,32.11,33.66,39.0,8,2.0,B (Inestable),Express,CPU,medium
2026-05-06 01:51:31+00:00,39.01,34.21,39.0,5,4.0,B (Inestable),Express,CPU,medium
2026-05-06 01:51:33+00:00,34.72,34.38,39.0,7,6.0,B (Inestable),Express,CPU,medium
2026-05-06 01:51:35+00:00,34.9,34.21,39.0,6,8.0,B (Inestable),Express,CPU,medium
2026-05-06 01:51:37+00:00,33.28,34.41,39.0,4,10.0,B (Inestable),Express,CPU,medium
2026-05-06 01:51:39+00:00,46.58,35.05,39.0,3,12.0,B (Inestable),Express,CPU,medium
2026-05-06 01:51:42+00:00,32.97,35.12,39.0,4,15.0,B (Inestable),Express,CPU,medium
2026-05-06 01:51:44+00:00,39.27,34.66,39.0,6,17.0,B (Inestable),Express,CPU,medium
2026-05-06 01:51:46+00:00,24.82,34.64,39.0,6,19.0,B (Inestable),Express,CPU,medium
2026-05-06 00:59:17+00:00,20.46,41.58,39.375,14,0.0,B (Inestable),FastAPI,CPU,high
2026-05-06 00:59:19+00:00,22.97,41.92,39.375,13,2.0,B (Inestable),FastAPI,CPU,high
2026-05-06 00:59:21+00:00,21.29,41.83,39.5,11,4.0,B (Inestable),FastAPI,CPU,high
2026-05-06 00:59:23+00:00,23.42,41.47,39.5,14,6.0,B (Inestable),FastAPI,CPU,high
2026-05-06 00:59:25+00:00,21.91,41.8,39.5,11,8.0,B (Inestable),FastAPI,CPU,high
2026-05-06 00:59:27+00:00,23.37,41.94,39.5,17,10.0,B (Inestable),FastAPI,CPU,high
2026-05-06 00:59:30+00:00,21.51,41.7,39.5,25,13.0,B (Inestable),FastAPI,CPU,high
2026-05-06 00:59:32+00:00,21.72,41.54,39.5,13,15.0,B (Inestable),FastAPI,CPU,high
2026-05-06 00:59:34+00:00,19.92,41.7,39.5,12,17.0,B (Inestable),FastAPI,CPU,high
2026-05-06 00:59:36+00:00,14.9,41.59,39.5,11,19.0,B (Inestable),FastAPI,CPU,high
2026-05-06 01:02:27+00:00,1.15,44.16,39.25,10,0.0,B (Inestable),FastAPI,IO,low
2026-05-06 01:02:29+00:00,1.49,44.06,39.25,10,2.0,B (Inestable),FastAPI,IO,low
2026-05-06 01:02:32+00:00,1.64,44.26,39.25,9,5.0,B (Inestable),FastAPI,IO,low
2026-05-06 01:02:34+00:00,1.39,44.41,39.375,9,7.0,B (Inestable),FastAPI,IO,low
2026-05-06 01:02:36+00:00,1.67,44.58,39.25,8,9.0,B (Inestable),FastAPI,IO,low
2026-05-06 01:02:38+00:00,1.3,44.61,39.375,5,11.0,B (Inestable),FastAPI,IO,low
2026-05-06 01:02:40+00:00,1.26,44.52,39.375,11,13.0,B (Inestable),FastAPI,IO,low
2026-05-06 01:02:42+00:00,1.24,44.71,39.375,12,15.0,B (Inestable),FastAPI,IO,low
2026-05-06 01:02:44+00:00,1.41,44.93,39.375,12,17.0,B (Inestable),FastAPI,IO,low
2026-05-06 01:02:46+00:00,1.54,45.3,39.375,8,19.0,B (Inestable),FastAPI,IO,low
2026-05-06 00:47:12+00:00,1.76,42.23,39.5,7,0.0,B (Inestable),FastAPI,IO,low
2026-05-06 00:47:14+00:00,1.67,42.3,39.5,9,2.0,B (Inestable),FastAPI,IO,low
2026-05-06 00:47:16+00:00,1.61,42.17,39.5,8,4.0,B (Inestable),FastAPI,IO,low
2026-05-06 00:47:18+00:00,1.57,42.35,39.5,9,6.0,B (Inestable),FastAPI,IO,low
2026-05-06 00:47:20+00:00,1.59,42.28,39.5,10,8.0,B (Inestable),FastAPI,IO,low
2026-05-06 00:47:22+00:00,1.86,42.42,39.5,8,10.0,B (Inestable),FastAPI,IO,low
2026-05-06 00:47:25+00:00,1.51,42.52,39.5,9,13.0,B (Inestable),FastAPI,IO,low
2026-05-06 00:47:27+00:00,1.91,42.71,39.5,10,15.0,B (Inestable),FastAPI,IO,low
2026-05-06 00:47:29+00:00,1.62,42.89,39.5,7,17.0,B (Inestable),FastAPI,IO,low
2026-05-06 00:47:31+00:00,1.38,43.07,39.5,6,19.0,B (Inestable),FastAPI,IO,low
2026-05-06 01:24:44+00:00,2.73,41.38,39.0,1,0.0,B (Inestable),FastAPI,CPU,low
2026-05-06 01:24:46+00:00,2.69,41.22,39.125,3,2.0,B (Inestable),FastAPI,CPU,low
2026-05-06 01:24:48+00:00,2.94,41.38,39.125,0,4.0,B (Inestable),FastAPI,CPU,low
2026-05-06 01:24:50+00:00,3.53,41.29,39.0,0,6.0,B (Inestable),FastAPI,CPU,low
2026-05-06 01:24:53+00:00,2.7,41.19,39.0,1,9.0,B (Inestable),FastAPI,CPU,low
2026-05-06 01:24:55+00:00,2.98,41.35,39.0,0,11.0,B (Inestable),FastAPI,CPU,low
2026-05-06 01:24:57+00:00,1.8,41.29,39.0,1,13.0,B (Inestable),FastAPI,CPU,low
2026-05-06 01:24:59+00:00,2.42,41.46,39.0,1,15.0,B (Inestable),FastAPI,CPU,low
2026-05-06 01:25:01+00:00,1.13,41.35,39.0,1,17.0,B (Inestable),FastAPI,CPU,low
2026-05-06 01:25:03+00:00,2.04,41.23,39.0,2,19.0,B (Inestable),FastAPI,CPU,low
2026-05-06 00:44:01+00:00,22.21,41.5,39.625,9,0.0,B (Inestable),FastAPI,CPU,high
2026-05-06 00:44:03+00:00,22.31,41.5,39.625,10,2.0,B (Inestable),FastAPI,CPU,high
2026-05-06 00:44:05+00:00,23.38,41.66,39.625,13,4.0,B (Inestable),FastAPI,CPU,high
2026-05-06 00:44:07+00:00,21.48,41.77,39.625,13,6.0,B (Inestable),FastAPI,CPU,high
2026-05-06 00:44:09+00:00,22.21,41.91,39.625,16,8.0,B (Inestable),FastAPI,CPU,high
2026-05-06 00:44:12+00:00,21.67,41.8,39.625,12,11.0,B (Inestable),FastAPI,CPU,high
2026-05-06 00:44:14+00:00,23.7,41.55,39.625,8,13.0,B (Inestable),FastAPI,CPU,high
2026-05-06 00:44:16+00:00,22.17,41.69,39.625,9,15.0,B (Inestable),FastAPI,CPU,high
2026-05-06 00:44:18+00:00,22.76,41.44,39.625,12,17.0,B (Inestable),FastAPI,CPU,high
2026-05-06 00:44:20+00:00,17.25,41.62,39.625,7,19.0,B (Inestable),FastAPI,CPU,high
2026-05-06 02:09:54+00:00,6.27,37.63,38.875,67,0.0,B (Inestable),Express,IO,high
2026-05-06 02:09:56+00:00,4.21,37.56,39.0,66,2.0,B (Inestable),Express,IO,high
2026-05-06 02:09:58+00:00,6.45,37.94,38.875,71,4.0,B (Inestable),Express,IO,high
2026-05-06 02:10:00+00:00,4.21,38.03,38.875,67,6.0,B (Inestable),Express,IO,high
2026-05-06 02:10:02+00:00,3.9,38.39,38.875,68,8.0,B (Inestable),Express,IO,high
2026-05-06 02:10:05+00:00,4.64,38.52,38.875,62,11.0,B (Inestable),Express,IO,high
2026-05-06 02:10:07+00:00,4.2,38.58,38.875,66,13.0,B (Inestable),Express,IO,high
2026-05-06 02:10:09+00:00,4.76,38.33,38.875,69,15.0,B (Inestable),Express,IO,high
2026-05-06 02:10:11+00:00,5.46,38.51,38.875,64,17.0,B (Inestable),Express,IO,high
2026-05-06 02:10:13+00:00,3.31,38.22,38.875,42,19.0,B (Inestable),Express,IO,high
2026-05-06 00:45:17+00:00,75.44,44.02,39.75,11,0.0,B (Inestable),Express,CPU,high
2026-05-06 00:45:20+00:00,71.11,44.63,39.75,13,3.0,B (Inestable),Express,CPU,high
2026-05-06 00:45:22+00:00,62.64,43.92,39.75,14,5.0,B (Inestable),Express,CPU,high
2026-05-06 00:45:24+00:00,68.24,43.67,39.875,13,7.0,B (Inestable),Express,CPU,high
2026-05-06 00:45:26+00:00,69.48,43.86,39.875,15,9.0,B (Inestable),Express,CPU,high
2026-05-06 00:45:28+00:00,69.74,44.59,39.875,8,11.0,B (Inestable),Express,CPU,high
2026-05-06 00:45:30+00:00,73.16,39.5,39.875,10,13.0,B (Inestable),Express,CPU,high
2026-05-06 00:45:32+00:00,71.29,39.9,39.875,12,15.0,B (Inestable),Express,CPU,high
2026-05-06 00:45:34+00:00,71.15,39.45,39.875,13,17.0,B (Inestable),Express,CPU,high
2026-05-06 00:45:37+00:00,43.67,39.12,39.875,8,20.0,B (Inestable),Express,CPU,high
2026-05-06 01:09:28+00:00,3.04,43.52,39.125,0,0.0,B (Inestable),FastAPI,CPU,low
2026-05-06 01:09:30+00:00,2.11,43.66,39.125,0,2.0,B (Inestable),FastAPI,CPU,low
2026-05-06 01:09:32+00:00,1.77,43.74,39.125,1,4.0,B (Inestable),FastAPI,CPU,low
2026-05-06 01:09:34+00:00,2.79,43.64,39.25,1,6.0,B (Inestable),FastAPI,CPU,low
2026-05-06 01:09:36+00:00,4.0,43.43,39.25,2,8.0,B (Inestable),FastAPI,CPU,low
2026-05-06 01:09:38+00:00,2.43,43.71,39.25,1,10.0,B (Inestable),FastAPI,CPU,low
2026-05-06 01:09:40+00:00,2.75,43.64,39.25,0,12.0,B (Inestable),FastAPI,CPU,low
2026-05-06 01:09:42+00:00,2.74,43.82,39.25,0,14.0,B (Inestable),FastAPI,CPU,low
2026-05-06 01:09:44+00:00,2.74,43.77,39.25,0,16.0,B (Inestable),FastAPI,CPU,low
2026-05-06 01:09:47+00:00,1.78,43.68,39.25,0,19.0,B (Inestable),FastAPI,CPU,low
2026-05-06 01:33:00+00:00,1.52,42.22,38.875,9,0.0,B (Inestable),FastAPI,IO,low
2026-05-06 01:33:03+00:00,1.21,42.04,38.875,9,3.0,B (Inestable),FastAPI,IO,low
2026-05-06 01:33:05+00:00,1.74,42.46,38.875,11,5.0,B (Inestable),FastAPI,IO,low
2026-05-06 01:33:07+00:00,1.69,42.38,38.875,9,7.0,B (Inestable),FastAPI,IO,low
2026-05-06 01:33:09+00:00,0.62,42.31,39.0,9,9.0,B (Inestable),FastAPI,IO,low
2026-05-06 01:33:11+00:00,1.46,42.73,39.0,9,11.0,B (Inestable),FastAPI,IO,low
2026-05-06 01:33:13+00:00,1.19,42.68,39.0,9,13.0,B (Inestable),FastAPI,IO,low
2026-05-06 01:33:15+00:00,1.63,42.84,39.0,9,15.0,B (Inestable),FastAPI,IO,low
2026-05-06 01:33:17+00:00,1.57,42.74,39.0,8,17.0,B (Inestable),FastAPI,IO,low
2026-05-06 01:33:20+00:00,1.14,42.84,39.0,5,20.0,B (Inestable),FastAPI,IO,low
2026-05-06 02:00:22+00:00,24.48,41.45,38.875,7,0.0,B (Inestable),FastAPI,CPU,high
2026-05-06 02:00:24+00:00,21.43,41.61,38.875,11,2.0,B (Inestable),FastAPI,CPU,high
2026-05-06 02:00:26+00:00,21.4,41.46,38.875,15,4.0,B (Inestable),FastAPI,CPU,high
2026-05-06 02:00:28+00:00,23.53,41.62,38.875,12,6.0,B (Inestable),FastAPI,CPU,high
2026-05-06 02:00:30+00:00,21.08,41.41,39.0,13,8.0,B (Inestable),FastAPI,CPU,high
2026-05-06 02:00:32+00:00,20.19,41.55,39.0,15,10.0,B (Inestable),FastAPI,CPU,high
2026-05-06 02:00:34+00:00,23.05,41.46,39.0,7,12.0,B (Inestable),FastAPI,CPU,high
2026-05-06 02:00:36+00:00,21.27,41.54,39.0,12,14.0,B (Inestable),FastAPI,CPU,high
2026-05-06 02:00:39+00:00,23.35,41.28,39.0,15,17.0,B (Inestable),FastAPI,CPU,high
2026-05-06 02:00:41+00:00,13.62,41.57,39.0,14,19.0,B (Inestable),FastAPI,CPU,high
2026-05-06 00:37:02+00:00,9.37,45.5,39.75,67,0.0,B (Inestable),FastAPI,IO,high
2026-05-06 00:37:04+00:00,9.71,45.33,39.875,70,2.0,B (Inestable),FastAPI,IO,high
2026-05-06 00:37:06+00:00,9.31,45.66,39.875,71,4.0,B (Inestable),FastAPI,IO,high
2026-05-06 00:37:08+00:00,10.31,45.69,39.875,70,6.0,B (Inestable),FastAPI,IO,high
2026-05-06 00:37:10+00:00,9.73,45.5,39.875,72,8.0,B (Inestable),FastAPI,IO,high
2026-05-06 00:37:12+00:00,10.28,45.57,39.875,66,10.0,B (Inestable),FastAPI,IO,high
2026-05-06 00:37:14+00:00,9.6,45.72,39.875,65,12.0,B (Inestable),FastAPI,IO,high
2026-05-06 00:37:17+00:00,9.32,45.64,39.875,69,15.0,B (Inestable),FastAPI,IO,high
2026-05-06 00:37:19+00:00,10.11,45.7,39.875,70,17.0,B (Inestable),FastAPI,IO,high
2026-05-06 00:37:21+00:00,9.14,45.66,39.875,51,19.0,B (Inestable),FastAPI,IO,high
2026-05-06 00:33:13+00:00,1.64,27.26,39.625,11,0.0,B (Inestable),Express,IO,low
2026-05-06 00:33:15+00:00,2.25,27.87,39.625,8,2.0,B (Inestable),Express,IO,low
2026-05-06 00:33:17+00:00,1.63,28.21,39.75,7,4.0,B (Inestable),Express,IO,low
2026-05-06 00:33:19+00:00,1.7,28.53,39.75,8,6.0,B (Inestable),Express,IO,low
2026-05-06 00:33:21+00:00,1.1,28.61,39.75,8,8.0,B (Inestable),Express,IO,low
2026-05-06 00:33:23+00:00,1.63,29.0,39.75,9,10.0,B (Inestable),Express,IO,low
2026-05-06 00:33:25+00:00,1.73,29.5,39.75,7,12.0,B (Inestable),Express,IO,low
2026-05-06 00:33:27+00:00,1.66,30.39,39.75,6,14.0,B (Inestable),Express,IO,low
2026-05-06 00:33:30+00:00,1.07,30.03,39.75,4,17.0,B (Inestable),Express,IO,low
2026-05-06 00:33:32+00:00,1.01,30.54,39.75,7,19.0,B (Inestable),Express,IO,low
2026-05-06 00:54:11+00:00,2.65,41.34,39.5,1,0.0,B (Inestable),FastAPI,CPU,low
2026-05-06 00:54:14+00:00,2.39,41.26,39.5,2,3.0,B (Inestable),FastAPI,CPU,low
2026-05-06 00:54:16+00:00,2.67,41.45,39.625,0,5.0,B (Inestable),FastAPI,CPU,low
2026-05-06 00:54:18+00:00,2.75,41.33,39.625,0,7.0,B (Inestable),FastAPI,CPU,low
2026-05-06 00:54:20+00:00,2.1,41.36,39.5,0,9.0,B (Inestable),FastAPI,CPU,low
2026-05-06 00:54:22+00:00,2.74,41.28,39.5,0,11.0,B (Inestable),FastAPI,CPU,low
2026-05-06 00:54:24+00:00,2.08,41.35,39.5,1,13.0,B (Inestable),FastAPI,CPU,low
2026-05-06 00:54:26+00:00,3.65,41.38,39.5,0,15.0,B (Inestable),FastAPI,CPU,low
2026-05-06 00:54:28+00:00,2.7,41.45,39.5,0,17.0,B (Inestable),FastAPI,CPU,low
2026-05-06 00:54:30+00:00,1.5,41.37,39.5,2,19.0,B (Inestable),FastAPI,CPU,low
2026-05-06 00:31:19+00:00,2.14,43.36,39.75,1,0.0,B (Inestable),FastAPI,CPU,low
2026-05-06 00:31:21+00:00,3.21,43.52,39.75,3,2.0,B (Inestable),FastAPI,CPU,low
2026-05-06 00:31:23+00:00,2.83,43.56,39.75,1,4.0,B (Inestable),FastAPI,CPU,low
2026-05-06 00:31:25+00:00,2.87,43.46,39.875,1,6.0,B (Inestable),FastAPI,CPU,low
2026-05-06 00:31:27+00:00,2.85,43.64,39.75,3,8.0,B (Inestable),FastAPI,CPU,low
2026-05-06 00:31:30+00:00,2.53,43.51,39.75,1,11.0,B (Inestable),FastAPI,CPU,low
2026-05-06 00:31:32+00:00,3.1,43.41,39.75,2,13.0,B (Inestable),FastAPI,CPU,low
2026-05-06 00:31:34+00:00,3.54,43.57,39.75,1,15.0,B (Inestable),FastAPI,CPU,low
2026-05-06 00:31:36+00:00,2.82,43.32,39.75,3,17.0,B (Inestable),FastAPI,CPU,low
2026-05-06 00:31:38+00:00,2.46,43.49,39.75,1,19.0,B (Inestable),FastAPI,CPU,low
2026-05-06 01:49:32+00:00,1.51,27.42,38.75,8,0.0,B (Inestable),Express,IO,low
2026-05-06 01:49:34+00:00,1.97,28.27,38.75,9,2.0,B (Inestable),Express,IO,low
2026-05-06 01:49:36+00:00,1.36,28.34,38.75,7,4.0,B (Inestable),Express,IO,low
2026-05-06 01:49:39+00:00,1.61,28.73,38.875,6,7.0,B (Inestable),Express,IO,low
2026-05-06 01:49:41+00:00,1.53,29.11,38.875,5,9.0,B (Inestable),Express,IO,low
2026-05-06 01:49:43+00:00,1.57,29.41,38.875,6,11.0,B (Inestable),Express,IO,low
2026-05-06 01:49:45+00:00,1.33,30.04,38.875,11,13.0,B (Inestable),Express,IO,low
2026-05-06 01:49:47+00:00,1.13,30.17,38.875,11,15.0,B (Inestable),Express,IO,low
2026-05-06 01:49:49+00:00,1.43,30.38,38.875,7,17.0,B (Inestable),Express,IO,low
2026-05-06 01:49:51+00:00,1.17,30.62,38.875,8,19.0,B (Inestable),Express,IO,low
2026-05-06 01:57:11+00:00,0.83,27.51,38.75,8,0.0,B (Inestable),Express,IO,low
2026-05-06 01:57:13+00:00,1.51,28.07,38.75,8,2.0,B (Inestable),Express,IO,low
2026-05-06 01:57:15+00:00,1.38,28.17,38.75,9,4.0,B (Inestable),Express,IO,low
2026-05-06 01:57:17+00:00,1.66,28.57,38.75,8,6.0,B (Inestable),Express,IO,low
2026-05-06 01:57:19+00:00,1.39,29.04,38.75,6,8.0,B (Inestable),Express,IO,low
2026-05-06 01:57:21+00:00,1.06,29.38,38.75,8,10.0,B (Inestable),Express,IO,low
2026-05-06 01:57:23+00:00,1.51,29.8,38.875,6,12.0,B (Inestable),Express,IO,low
2026-05-06 01:57:25+00:00,1.31,30.2,38.875,8,14.0,B (Inestable),Express,IO,low
2026-05-06 01:57:27+00:00,1.51,30.33,38.875,8,16.0,B (Inestable),Express,IO,low
2026-05-06 01:57:30+00:00,0.98,30.56,38.875,8,19.0,B (Inestable),Express,IO,low
2026-05-06 01:06:16+00:00,5.31,32.67,39.25,38,0.0,B (Inestable),Express,IO,medium
2026-05-06 01:06:19+00:00,3.93,33.68,39.25,39,3.0,B (Inestable),Express,IO,medium
2026-05-06 01:06:21+00:00,4.87,35.59,39.25,43,5.0,B (Inestable),Express,IO,medium
2026-05-06 01:06:23+00:00,2.83,35.64,39.25,43,7.0,B (Inestable),Express,IO,medium
2026-05-06 01:06:25+00:00,2.89,35.75,39.25,39,9.0,B (Inestable),Express,IO,medium
2026-05-06 01:06:27+00:00,2.82,36.5,39.25,39,11.0,B (Inestable),Express,IO,medium
2026-05-06 01:06:29+00:00,2.44,36.36,39.25,35,13.0,B (Inestable),Express,IO,medium
2026-05-06 01:06:31+00:00,2.3,37.05,39.375,34,15.0,B (Inestable),Express,IO,medium
2026-05-06 01:06:33+00:00,2.2,36.77,39.25,38,17.0,B (Inestable),Express,IO,medium
2026-05-06 01:06:36+00:00,2.53,37.06,39.25,28,20.0,B (Inestable),Express,IO,medium
2026-05-06 01:20:17+00:00,5.43,45.86,39.0,41,0.0,B (Inestable),FastAPI,IO,medium
2026-05-06 01:20:19+00:00,5.2,45.98,39.0,38,2.0,B (Inestable),FastAPI,IO,medium
2026-05-06 01:20:21+00:00,5.22,45.88,39.0,41,4.0,B (Inestable),FastAPI,IO,medium
2026-05-06 01:20:23+00:00,5.84,46.27,39.125,37,6.0,B (Inestable),FastAPI,IO,medium
2026-05-06 01:20:25+00:00,5.58,46.18,39.125,33,8.0,B (Inestable),FastAPI,IO,medium
2026-05-06 01:20:27+00:00,5.87,46.33,39.125,44,10.0,B (Inestable),FastAPI,IO,medium
2026-05-06 01:20:29+00:00,5.06,46.21,39.125,35,12.0,B (Inestable),FastAPI,IO,medium
2026-05-06 01:20:31+00:00,5.46,46.21,39.125,38,14.0,B (Inestable),FastAPI,IO,medium
2026-05-06 01:20:33+00:00,5.17,46.23,39.125,39,16.0,B (Inestable),FastAPI,IO,medium
2026-05-06 01:20:36+00:00,4.97,46.35,39.125,30,19.0,B (Inestable),FastAPI,IO,medium
2026-05-06 00:19:13+00:00,5.22,45.61,39.625,37,0.0,B (Inestable),FastAPI,IO,medium
2026-05-06 00:19:15+00:00,5.77,46.02,39.625,32,2.0,B (Inestable),FastAPI,IO,medium
2026-05-06 00:19:18+00:00,5.5,45.38,39.625,38,5.0,B (Inestable),FastAPI,IO,medium
2026-05-06 00:19:20+00:00,5.39,45.58,39.625,31,7.0,B (Inestable),FastAPI,IO,medium
2026-05-06 00:19:22+00:00,5.54,45.59,39.625,31,9.0,B (Inestable),FastAPI,IO,medium
2026-05-06 00:19:24+00:00,5.79,45.7,39.625,30,11.0,B (Inestable),FastAPI,IO,medium
2026-05-06 00:19:26+00:00,5.48,45.39,39.625,35,13.0,B (Inestable),FastAPI,IO,medium
2026-05-06 00:19:28+00:00,5.52,45.54,39.625,40,15.0,B (Inestable),FastAPI,IO,medium
2026-05-06 00:19:30+00:00,6.08,45.86,39.625,39,17.0,B (Inestable),FastAPI,IO,medium
2026-05-06 00:19:32+00:00,4.2,45.76,39.625,28,19.0,B (Inestable),FastAPI,IO,medium
2026-05-06 02:02:16+00:00,6.68,37.52,39.0,57,0.0,B (Inestable),Express,IO,high
2026-05-06 02:02:18+00:00,4.0,37.79,39.0,69,2.0,B (Inestable),Express,IO,high
2026-05-06 02:02:20+00:00,6.19,38.29,39.0,60,4.0,B (Inestable),Express,IO,high
2026-05-06 02:02:23+00:00,4.9,38.58,39.0,70,7.0,B (Inestable),Express,IO,high
2026-05-06 02:02:25+00:00,5.58,38.59,39.0,66,9.0,B (Inestable),Express,IO,high
2026-05-06 02:02:27+00:00,3.8,38.5,39.0,71,11.0,B (Inestable),Express,IO,high
2026-05-06 02:02:29+00:00,6.01,38.86,39.0,58,13.0,B (Inestable),Express,IO,high
2026-05-06 02:02:31+00:00,4.51,38.71,39.0,69,15.0,B (Inestable),Express,IO,high
2026-05-06 02:02:33+00:00,5.54,38.9,39.0,63,17.0,B (Inestable),Express,IO,high
2026-05-06 02:02:35+00:00,4.16,38.96,39.0,50,19.0,B (Inestable),Express,IO,high
2026-05-06 00:58:00+00:00,32.27,40.12,39.5,4,0.0,B (Inestable),Express,CPU,medium
2026-05-06 00:58:03+00:00,37.23,40.36,39.5,7,3.0,B (Inestable),Express,CPU,medium
2026-05-06 00:58:05+00:00,39.68,42.41,39.5,7,5.0,B (Inestable),Express,CPU,medium
2026-05-06 00:58:07+00:00,37.83,42.53,39.5,8,7.0,B (Inestable),Express,CPU,medium
2026-05-06 00:58:09+00:00,35.21,42.71,39.5,2,9.0,B (Inestable),Express,CPU,medium
2026-05-06 00:58:11+00:00,33.04,42.57,39.5,5,11.0,B (Inestable),Express,CPU,medium
2026-05-06 00:58:13+00:00,42.15,42.91,39.5,5,13.0,B (Inestable),Express,CPU,medium
2026-05-06 00:58:15+00:00,39.68,43.0,39.5,4,15.0,B (Inestable),Express,CPU,medium
2026-05-06 00:58:17+00:00,31.8,42.68,39.625,8,17.0,B (Inestable),Express,CPU,medium
2026-05-06 00:58:20+00:00,28.73,42.79,39.5,2,20.0,B (Inestable),Express,CPU,medium
2026-05-06 00:24:19+00:00,1.54,42.21,39.875,9,0.0,B (Inestable),FastAPI,IO,low
2026-05-06 00:24:21+00:00,1.45,41.84,39.875,8,2.0,B (Inestable),FastAPI,IO,low
2026-05-06 00:24:23+00:00,1.04,42.05,39.875,8,4.0,B (Inestable),FastAPI,IO,low
2026-05-06 00:24:25+00:00,1.65,42.31,39.875,9,6.0,B (Inestable),FastAPI,IO,low
2026-05-06 00:24:27+00:00,1.68,42.27,39.875,7,8.0,B (Inestable),FastAPI,IO,low
2026-05-06 00:24:29+00:00,1.64,42.43,39.875,9,10.0,B (Inestable),FastAPI,IO,low
2026-05-06 00:24:31+00:00,1.65,42.61,39.875,8,12.0,B (Inestable),FastAPI,IO,low
2026-05-06 00:24:34+00:00,1.61,42.46,39.875,7,15.0,B (Inestable),FastAPI,IO,low
2026-05-06 00:24:36+00:00,1.4,42.62,39.875,9,17.0,B (Inestable),FastAPI,IO,low
2026-05-06 00:24:38+00:00,1.54,42.79,39.875,4,19.0,B (Inestable),FastAPI,IO,low
2026-05-06 02:02:54+00:00,3.08,41.19,38.875,1,0.0,B (Inestable),FastAPI,CPU,low
2026-05-06 02:02:57+00:00,2.47,41.33,38.875,1,3.0,B (Inestable),FastAPI,CPU,low
2026-05-06 02:02:59+00:00,3.12,41.47,38.875,1,5.0,B (Inestable),FastAPI,CPU,low
2026-05-06 02:03:01+00:00,2.54,41.41,38.875,4,7.0,B (Inestable),FastAPI,CPU,low
2026-05-06 02:03:03+00:00,2.48,41.3,38.875,3,9.0,B (Inestable),FastAPI,CPU,low
2026-05-06 02:03:05+00:00,3.47,41.35,38.875,2,11.0,B (Inestable),FastAPI,CPU,low
2026-05-06 02:03:07+00:00,3.17,41.44,38.875,3,13.0,B (Inestable),FastAPI,CPU,low
2026-05-06 02:03:09+00:00,2.5,41.36,38.875,0,15.0,B (Inestable),FastAPI,CPU,low
2026-05-06 02:03:11+00:00,2.49,41.29,38.875,2,17.0,B (Inestable),FastAPI,CPU,low
2026-05-06 02:03:13+00:00,2.76,41.15,38.875,0,19.0,B (Inestable),FastAPI,CPU,low
2026-05-06 01:59:05+00:00,40.07,40.58,38.875,7,0.0,B (Inestable),Express,CPU,medium
2026-05-06 01:59:07+00:00,36.23,40.6,38.875,6,2.0,B (Inestable),Express,CPU,medium
2026-05-06 01:59:09+00:00,43.08,43.02,39.0,2,4.0,B (Inestable),Express,CPU,medium
2026-05-06 01:59:11+00:00,35.45,42.71,39.0,3,6.0,B (Inestable),Express,CPU,medium
2026-05-06 01:59:14+00:00,34.95,42.95,39.0,6,9.0,B (Inestable),Express,CPU,medium
2026-05-06 01:59:16+00:00,34.32,43.14,39.0,5,11.0,B (Inestable),Express,CPU,medium
2026-05-06 01:59:18+00:00,40.28,38.95,39.0,1,13.0,B (Inestable),Express,CPU,medium
2026-05-06 01:59:20+00:00,33.62,39.13,39.0,5,15.0,B (Inestable),Express,CPU,medium
2026-05-06 01:59:22+00:00,36.85,38.64,39.0,5,17.0,B (Inestable),Express,CPU,medium
2026-05-06 01:59:24+00:00,27.61,39.02,39.0,5,19.0,B (Inestable),Express,CPU,medium
2026-05-06 01:48:54+00:00,11.3,27.82,38.875,1,0.0,B (Inestable),Express,CPU,low
2026-05-06 01:48:56+00:00,7.23,28.17,38.875,2,2.0,B (Inestable),Express,CPU,low
2026-05-06 01:48:59+00:00,7.86,29.08,38.875,1,5.0,B (Inestable),Express,CPU,low
2026-05-06 01:49:01+00:00,6.14,29.0,38.875,3,7.0,B (Inestable),Express,CPU,low
2026-05-06 01:49:03+00:00,9.37,29.5,38.875,0,9.0,B (Inestable),Express,CPU,low
2026-05-06 01:49:05+00:00,7.9,30.18,38.875,1,11.0,B (Inestable),Express,CPU,low
2026-05-06 01:49:07+00:00,8.01,30.67,38.875,2,13.0,B (Inestable),Express,CPU,low
2026-05-06 01:49:09+00:00,9.08,31.41,38.875,1,15.0,B (Inestable),Express,CPU,low
2026-05-06 01:49:11+00:00,10.03,31.45,38.875,3,17.0,B (Inestable),Express,CPU,low
2026-05-06 01:49:13+00:00,6.13,31.83,38.875,2,19.0,B (Inestable),Express,CPU,low
2026-05-06 01:35:33+00:00,5.52,43.93,38.875,31,0.0,B (Inestable),FastAPI,IO,medium
2026-05-06 01:35:35+00:00,5.13,44.11,38.875,35,2.0,B (Inestable),FastAPI,IO,medium
2026-05-06 01:35:37+00:00,5.05,44.68,38.875,39,4.0,B (Inestable),FastAPI,IO,medium
2026-05-06 01:35:39+00:00,5.77,44.63,38.875,33,6.0,B (Inestable),FastAPI,IO,medium
2026-05-06 01:35:41+00:00,5.66,44.8,39.0,38,8.0,B (Inestable),FastAPI,IO,medium
2026-05-06 01:35:44+00:00,5.33,43.84,39.0,36,11.0,B (Inestable),FastAPI,IO,medium
2026-05-06 01:35:46+00:00,4.61,44.27,39.0,33,13.0,B (Inestable),FastAPI,IO,medium
2026-05-06 01:35:48+00:00,5.68,44.66,39.0,44,15.0,B (Inestable),FastAPI,IO,medium
2026-05-06 01:35:50+00:00,6.42,44.49,39.0,35,17.0,B (Inestable),FastAPI,IO,medium
2026-05-06 01:35:52+00:00,4.68,44.18,39.0,36,19.0,B (Inestable),FastAPI,IO,medium
2026-05-06 00:17:19+00:00,5.12,89.55,39.125,2,0.0,B (Inestable),Express,CPU,low
2026-05-06 00:17:21+00:00,7.28,90.16,39.125,1,2.0,B (Inestable),Express,CPU,low
2026-05-06 00:17:23+00:00,8.32,90.26,39.125,0,4.0,B (Inestable),Express,CPU,low
2026-05-06 00:17:26+00:00,8.19,91.12,39.125,0,7.0,B (Inestable),Express,CPU,low
2026-05-06 00:17:28+00:00,9.06,91.55,39.125,0,9.0,B (Inestable),Express,CPU,low
2026-05-06 00:17:30+00:00,8.03,92.01,39.125,1,11.0,B (Inestable),Express,CPU,low
2026-05-06 00:17:32+00:00,6.06,92.53,39.25,1,13.0,B (Inestable),Express,CPU,low
2026-05-06 00:17:34+00:00,4.11,92.93,39.25,0,15.0,B (Inestable),Express,CPU,low
2026-05-06 00:17:36+00:00,6.02,93.16,39.25,2,17.0,B (Inestable),Express,CPU,low
2026-05-06 00:17:38+00:00,7.16,93.75,39.375,1,19.0,B (Inestable),Express,CPU,low
2026-05-06 01:33:39+00:00,6.2,27.37,38.875,1,0.0,B (Inestable),Express,CPU,low
2026-05-06 01:33:41+00:00,6.25,28.18,38.875,3,2.0,B (Inestable),Express,CPU,low
2026-05-06 01:33:43+00:00,8.96,28.95,38.875,2,4.0,B (Inestable),Express,CPU,low
2026-05-06 01:33:45+00:00,8.2,29.21,38.875,3,6.0,B (Inestable),Express,CPU,low
2026-05-06 01:33:47+00:00,6.95,29.4,38.875,1,8.0,B (Inestable),Express,CPU,low
2026-05-06 01:33:49+00:00,8.89,29.97,38.875,2,10.0,B (Inestable),Express,CPU,low
2026-05-06 01:33:51+00:00,7.08,30.47,38.875,1,12.0,B (Inestable),Express,CPU,low
2026-05-06 01:33:53+00:00,5.1,30.83,38.875,3,14.0,B (Inestable),Express,CPU,low
2026-05-06 01:33:56+00:00,7.93,31.23,39.0,1,17.0,B (Inestable),Express,CPU,low
2026-05-06 01:33:58+00:00,6.25,31.86,39.0,1,19.0,B (Inestable),Express,CPU,low
2026-05-06 01:16:28+00:00,6.23,38.01,39.125,61,0.0,B (Inestable),Express,IO,high
2026-05-06 01:16:30+00:00,4.16,38.08,39.125,62,2.0,B (Inestable),Express,IO,high
2026-05-06 01:16:32+00:00,6.16,38.29,39.125,73,4.0,B (Inestable),Express,IO,high
2026-05-06 01:16:34+00:00,4.51,38.47,39.125,67,6.0,B (Inestable),Express,IO,high
2026-05-06 01:16:36+00:00,4.16,38.95,39.125,73,8.0,B (Inestable),Express,IO,high
2026-05-06 01:16:38+00:00,4.46,38.93,39.125,79,10.0,B (Inestable),Express,IO,high
2026-05-06 01:16:40+00:00,4.35,38.85,39.125,71,12.0,B (Inestable),Express,IO,high
2026-05-06 01:16:43+00:00,4.82,38.89,39.25,69,15.0,B (Inestable),Express,IO,high
2026-05-06 01:16:45+00:00,5.15,38.88,39.25,70,17.0,B (Inestable),Express,IO,high
2026-05-06 01:16:47+00:00,3.46,38.57,39.25,60,19.0,B (Inestable),Express,IO,high
2026-05-06 01:36:49+00:00,4.61,32.96,38.875,48,0.0,B (Inestable),Express,IO,medium
2026-05-06 01:36:51+00:00,3.42,34.13,38.875,41,2.0,B (Inestable),Express,IO,medium
2026-05-06 01:36:54+00:00,5.29,36.32,38.875,41,5.0,B (Inestable),Express,IO,medium
2026-05-06 01:36:56+00:00,3.43,36.62,38.875,38,7.0,B (Inestable),Express,IO,medium
2026-05-06 01:36:58+00:00,3.43,36.79,38.875,40,9.0,B (Inestable),Express,IO,medium
2026-05-06 01:37:00+00:00,2.28,36.64,39.0,39,11.0,B (Inestable),Express,IO,medium
2026-05-06 01:37:02+00:00,2.65,37.59,39.0,36,13.0,B (Inestable),Express,IO,medium
2026-05-06 01:37:04+00:00,2.8,37.01,39.0,40,15.0,B (Inestable),Express,IO,medium
2026-05-06 01:37:06+00:00,2.45,37.6,39.0,42,17.0,B (Inestable),Express,IO,medium
2026-05-06 01:37:08+00:00,2.52,37.76,39.0,33,19.0,B (Inestable),Express,IO,medium
2026-05-06 01:05:00+00:00,5.58,47.2,39.25,37,0.0,B (Inestable),FastAPI,IO,medium
2026-05-06 01:05:02+00:00,5.26,47.37,39.375,41,2.0,B (Inestable),FastAPI,IO,medium
2026-05-06 01:05:04+00:00,5.98,46.94,39.375,33,4.0,B (Inestable),FastAPI,IO,medium
2026-05-06 01:05:06+00:00,4.84,46.82,39.375,32,6.0,B (Inestable),FastAPI,IO,medium
2026-05-06 01:05:09+00:00,5.38,46.75,39.375,40,9.0,B (Inestable),FastAPI,IO,medium
2026-05-06 01:05:11+00:00,5.6,47.08,39.25,39,11.0,B (Inestable),FastAPI,IO,medium
2026-05-06 01:05:13+00:00,5.8,47.34,39.375,35,13.0,B (Inestable),FastAPI,IO,medium
2026-05-06 01:05:15+00:00,6.05,47.34,39.375,34,15.0,B (Inestable),FastAPI,IO,medium
2026-05-06 01:05:17+00:00,5.8,47.22,39.375,37,17.0,B (Inestable),FastAPI,IO,medium
2026-05-06 01:05:19+00:00,4.84,47.0,39.375,32,19.0,B (Inestable),FastAPI,IO,medium
2026-05-06 00:23:02+00:00,6.91,37.39,40.0,64,0.0,B (Inestable),Express,IO,high
2026-05-06 00:23:05+00:00,4.68,37.55,40.0,72,3.0,B (Inestable),Express,IO,high
2026-05-06 00:23:07+00:00,7.19,38.27,39.875,72,5.0,B (Inestable),Express,IO,high
2026-05-06 00:23:09+00:00,4.31,38.06,39.875,67,7.0,B (Inestable),Express,IO,high
2026-05-06 00:23:11+00:00,3.66,38.2,39.875,78,9.0,B (Inestable),Express,IO,high
2026-05-06 00:23:13+00:00,3.95,38.24,39.875,67,11.0,B (Inestable),Express,IO,high
2026-05-06 00:23:15+00:00,3.81,38.67,39.875,72,13.0,B (Inestable),Express,IO,high
2026-05-06 00:23:17+00:00,4.17,37.97,39.875,65,15.0,B (Inestable),Express,IO,high
2026-05-06 00:23:19+00:00,5.04,38.75,39.875,64,17.0,B (Inestable),Express,IO,high
2026-05-06 00:23:21+00:00,3.99,38.04,39.875,46,19.0,B (Inestable),Express,IO,high
2026-05-06 01:11:22+00:00,1.67,27.07,39.125,8,0.0,B (Inestable),Express,IO,low
2026-05-06 01:11:24+00:00,1.6,27.5,39.125,7,2.0,B (Inestable),Express,IO,low
2026-05-06 01:11:26+00:00,1.48,27.79,39.125,10,4.0,B (Inestable),Express,IO,low
2026-05-06 01:11:28+00:00,1.43,28.27,39.125,10,6.0,B (Inestable),Express,IO,low
2026-05-06 01:11:30+00:00,1.36,28.71,39.125,11,8.0,B (Inestable),Express,IO,low
2026-05-06 01:11:33+00:00,0.99,29.02,39.125,9,11.0,B (Inestable),Express,IO,low
2026-05-06 01:11:35+00:00,1.31,29.45,39.125,7,13.0,B (Inestable),Express,IO,low
2026-05-06 01:11:37+00:00,1.35,30.09,39.125,6,15.0,B (Inestable),Express,IO,low
2026-05-06 01:11:39+00:00,1.38,30.12,39.125,6,17.0,B (Inestable),Express,IO,low
2026-05-06 01:11:41+00:00,1.38,30.19,39.125,8,19.0,B (Inestable),Express,IO,low
2026-05-06 01:01:50+00:00,3.03,41.13,39.375,0,0.0,B (Inestable),FastAPI,CPU,low
2026-05-06 01:01:52+00:00,2.35,41.32,39.375,0,2.0,B (Inestable),FastAPI,CPU,low
2026-05-06 01:01:54+00:00,2.41,41.48,39.375,1,4.0,B (Inestable),FastAPI,CPU,low
2026-05-06 01:01:56+00:00,3.04,41.15,39.375,1,6.0,B (Inestable),FastAPI,CPU,low
2026-05-06 01:01:58+00:00,2.03,41.46,39.375,2,8.0,B (Inestable),FastAPI,CPU,low
2026-05-06 01:02:00+00:00,2.99,41.6,39.375,2,10.0,B (Inestable),FastAPI,CPU,low
2026-05-06 01:02:02+00:00,2.4,41.53,39.375,1,12.0,B (Inestable),FastAPI,CPU,low
2026-05-06 01:02:04+00:00,2.41,41.37,39.375,2,14.0,B (Inestable),FastAPI,CPU,low
2026-05-06 01:02:06+00:00,2.07,41.52,39.375,1,16.0,B (Inestable),FastAPI,CPU,low
2026-05-06 01:02:09+00:00,2.11,41.7,39.375,4,19.0,B (Inestable),FastAPI,CPU,low
2026-05-06 01:34:17+00:00,1.8,27.35,38.875,11,0.0,B (Inestable),Express,IO,low
2026-05-06 01:34:19+00:00,2.16,27.88,38.875,7,2.0,B (Inestable),Express,IO,low
2026-05-06 01:34:21+00:00,1.06,27.96,38.875,7,4.0,B (Inestable),Express,IO,low
2026-05-06 01:34:23+00:00,1.0,28.25,38.875,8,6.0,B (Inestable),Express,IO,low
2026-05-06 01:34:25+00:00,1.41,28.38,38.875,7,8.0,B (Inestable),Express,IO,low
2026-05-06 01:34:27+00:00,1.32,29.08,38.875,11,10.0,B (Inestable),Express,IO,low
2026-05-06 01:34:30+00:00,1.53,29.36,39.0,11,13.0,B (Inestable),Express,IO,low
2026-05-06 01:34:32+00:00,1.11,29.47,38.875,9,15.0,B (Inestable),Express,IO,low
2026-05-06 01:34:34+00:00,1.31,29.93,38.875,13,17.0,B (Inestable),Express,IO,low
2026-05-06 01:34:36+00:00,1.2,30.26,38.875,8,19.0,B (Inestable),Express,IO,low
2026-05-06 00:52:17+00:00,9.89,46.05,39.5,66,0.0,B (Inestable),FastAPI,IO,high
2026-05-06 00:52:19+00:00,9.34,46.4,39.625,57,2.0,B (Inestable),FastAPI,IO,high
2026-05-06 00:52:21+00:00,9.25,46.02,39.625,66,4.0,B (Inestable),FastAPI,IO,high
2026-05-06 00:52:23+00:00,9.75,46.81,39.625,70,6.0,B (Inestable),FastAPI,IO,high
2026-05-06 00:52:25+00:00,10.08,46.69,39.625,74,8.0,B (Inestable),FastAPI,IO,high
2026-05-06 00:52:27+00:00,9.81,46.1,39.625,64,10.0,B (Inestable),FastAPI,IO,high
2026-05-06 00:52:29+00:00,10.81,46.09,39.625,71,12.0,B (Inestable),FastAPI,IO,high
2026-05-06 00:52:32+00:00,10.28,46.48,39.625,69,15.0,B (Inestable),FastAPI,IO,high
2026-05-06 00:52:34+00:00,9.88,46.35,39.625,71,17.0,B (Inestable),FastAPI,IO,high
2026-05-06 00:52:36+00:00,9.15,46.25,39.625,50,19.0,B (Inestable),FastAPI,IO,high
2026-05-06 02:07:21+00:00,5.13,32.7,38.875,32,0.0,B (Inestable),Express,IO,medium
2026-05-06 02:07:23+00:00,3.86,33.31,38.875,37,2.0,B (Inestable),Express,IO,medium
2026-05-06 02:07:26+00:00,5.08,36.11,38.875,36,5.0,B (Inestable),Express,IO,medium
2026-05-06 02:07:28+00:00,3.06,36.27,38.875,37,7.0,B (Inestable),Express,IO,medium
2026-05-06 02:07:30+00:00,3.21,36.33,38.875,37,9.0,B (Inestable),Express,IO,medium
2026-05-06 02:07:32+00:00,2.76,36.2,38.875,39,11.0,B (Inestable),Express,IO,medium
2026-05-06 02:07:34+00:00,2.68,36.41,38.875,43,13.0,B (Inestable),Express,IO,medium
2026-05-06 02:07:36+00:00,2.88,37.16,38.875,30,15.0,B (Inestable),Express,IO,medium
2026-05-06 02:07:38+00:00,2.58,36.78,38.875,32,17.0,B (Inestable),Express,IO,medium
2026-05-06 02:07:40+00:00,2.63,37.27,39.0,25,19.0,B (Inestable),Express,IO,medium
2026-05-06 01:19:38+00:00,12.65,43.59,39.0,4,0.0,B (Inestable),FastAPI,CPU,medium
2026-05-06 01:19:40+00:00,12.04,43.56,39.125,5,2.0,B (Inestable),FastAPI,CPU,medium
2026-05-06 01:19:43+00:00,10.63,43.84,39.125,7,5.0,B (Inestable),FastAPI,CPU,medium
2026-05-06 01:19:45+00:00,11.07,43.75,39.125,4,7.0,B (Inestable),FastAPI,CPU,medium
2026-05-06 01:19:47+00:00,13.37,43.77,39.125,3,9.0,B (Inestable),FastAPI,CPU,medium
2026-05-06 01:19:49+00:00,11.53,43.68,39.125,6,11.0,B (Inestable),FastAPI,CPU,medium
2026-05-06 01:19:51+00:00,12.1,43.5,39.125,5,13.0,B (Inestable),FastAPI,CPU,medium
2026-05-06 01:19:53+00:00,12.06,43.89,39.125,5,15.0,B (Inestable),FastAPI,CPU,medium
2026-05-06 01:19:55+00:00,11.03,43.82,39.125,4,17.0,B (Inestable),FastAPI,CPU,medium
2026-05-06 01:19:57+00:00,10.07,43.74,39.125,1,19.0,B (Inestable),FastAPI,CPU,medium
2026-05-06 01:08:11+00:00,77.61,34.86,39.375,17,0.0,B (Inestable),Express,CPU,high
2026-05-06 01:08:13+00:00,72.69,49.52,39.5,12,2.0,B (Inestable),Express,CPU,high
2026-05-06 01:08:16+00:00,77.69,48.98,39.5,9,5.0,B (Inestable),Express,CPU,high
2026-05-06 01:08:18+00:00,74.2,41.26,39.5,16,7.0,B (Inestable),Express,CPU,high
2026-05-06 01:08:20+00:00,75.58,45.27,39.5,14,9.0,B (Inestable),Express,CPU,high
2026-05-06 01:08:22+00:00,73.0,45.81,39.5,12,11.0,B (Inestable),Express,CPU,high
2026-05-06 01:08:24+00:00,66.79,45.38,39.5,12,13.0,B (Inestable),Express,CPU,high
2026-05-06 01:08:26+00:00,67.31,45.87,39.5,13,15.0,B (Inestable),Express,CPU,high
2026-05-06 01:08:28+00:00,77.19,44.75,39.5,10,17.0,B (Inestable),Express,CPU,high
2026-05-06 01:08:30+00:00,34.28,44.29,39.5,4,19.0,B (Inestable),Express,CPU,high
2026-05-06 01:44:27+00:00,5.39,33.41,38.875,40,0.0,B (Inestable),Express,IO,medium
2026-05-06 01:44:29+00:00,3.4,34.65,38.875,37,2.0,B (Inestable),Express,IO,medium
2026-05-06 01:44:31+00:00,3.01,36.33,38.875,30,4.0,B (Inestable),Express,IO,medium
2026-05-06 01:44:33+00:00,2.85,36.45,38.875,37,6.0,B (Inestable),Express,IO,medium
2026-05-06 01:44:35+00:00,2.6,36.37,38.875,37,8.0,B (Inestable),Express,IO,medium
2026-05-06 01:44:38+00:00,2.47,36.37,38.875,39,11.0,B (Inestable),Express,IO,medium
2026-05-06 01:44:40+00:00,2.45,37.13,38.875,36,13.0,B (Inestable),Express,IO,medium
2026-05-06 01:44:42+00:00,2.58,37.77,38.875,38,15.0,B (Inestable),Express,IO,medium
2026-05-06 01:44:44+00:00,2.66,37.72,38.875,37,17.0,B (Inestable),Express,IO,medium
2026-05-06 01:44:46+00:00,2.32,37.84,38.875,30,19.0,B (Inestable),Express,IO,medium
2026-05-06 01:26:01+00:00,10.21,27.17,39.0,1,0.0,B (Inestable),Express,CPU,low
2026-05-06 01:26:03+00:00,8.28,27.84,39.0,1,2.0,B (Inestable),Express,CPU,low
2026-05-06 01:26:05+00:00,8.12,28.14,39.0,1,4.0,B (Inestable),Express,CPU,low
2026-05-06 01:26:07+00:00,8.1,28.81,39.0,0,6.0,B (Inestable),Express,CPU,low
2026-05-06 01:26:09+00:00,8.07,29.33,39.0,3,8.0,B (Inestable),Express,CPU,low
2026-05-06 01:26:11+00:00,7.11,30.1,39.0,0,10.0,B (Inestable),Express,CPU,low
2026-05-06 01:26:13+00:00,6.95,30.26,39.0,1,12.0,B (Inestable),Express,CPU,low
2026-05-06 01:26:15+00:00,6.95,30.88,39.0,0,14.0,B (Inestable),Express,CPU,low
2026-05-06 01:26:17+00:00,7.93,31.26,39.0,2,16.0,B (Inestable),Express,CPU,low
2026-05-06 01:26:20+00:00,4.2,31.18,39.0,0,19.0,B (Inestable),Express,CPU,low
2026-05-06 01:29:11+00:00,5.38,33.1,38.875,34,0.0,B (Inestable),Express,IO,medium
2026-05-06 01:29:13+00:00,6.41,34.82,39.0,36,2.0,B (Inestable),Express,IO,medium
2026-05-06 01:29:15+00:00,2.9,36.27,39.0,41,4.0,B (Inestable),Express,IO,medium
2026-05-06 01:29:18+00:00,2.7,36.05,39.0,38,7.0,B (Inestable),Express,IO,medium
2026-05-06 01:29:20+00:00,2.94,36.0,39.0,34,9.0,B (Inestable),Express,IO,medium
2026-05-06 01:29:22+00:00,2.6,36.2,39.0,29,11.0,B (Inestable),Express,IO,medium
2026-05-06 01:29:24+00:00,2.41,36.85,39.0,26,13.0,B (Inestable),Express,IO,medium
2026-05-06 01:29:26+00:00,2.61,37.41,39.0,34,15.0,B (Inestable),Express,IO,medium
2026-05-06 01:29:28+00:00,2.47,37.55,39.0,33,17.0,B (Inestable),Express,IO,medium
2026-05-06 01:29:30+00:00,2.64,37.69,39.0,21,19.0,B (Inestable),Express,IO,medium
2026-05-06 00:21:08+00:00,24.62,41.42,39.875,11,0.0,B (Inestable),FastAPI,CPU,high
2026-05-06 00:21:10+00:00,23.34,41.51,39.875,15,2.0,B (Inestable),FastAPI,CPU,high
2026-05-06 00:21:12+00:00,23.67,41.62,39.875,13,4.0,B (Inestable),FastAPI,CPU,high
2026-05-06 00:21:14+00:00,23.91,41.5,39.875,11,6.0,B (Inestable),FastAPI,CPU,high
2026-05-06 00:21:16+00:00,23.78,41.75,39.875,10,8.0,B (Inestable),FastAPI,CPU,high
2026-05-06 00:21:19+00:00,22.29,41.62,39.875,11,11.0,B (Inestable),FastAPI,CPU,high
2026-05-06 00:21:21+00:00,24.25,41.8,39.875,12,13.0,B (Inestable),FastAPI,CPU,high
2026-05-06 00:21:23+00:00,21.87,41.72,39.875,10,15.0,B (Inestable),FastAPI,CPU,high
2026-05-06 00:21:25+00:00,22.37,41.7,39.875,12,17.0,B (Inestable),FastAPI,CPU,high
2026-05-06 00:21:27+00:00,17.63,41.35,39.875,5,19.0,B (Inestable),FastAPI,CPU,high
2026-05-06 01:19:00+00:00,1.42,27.06,39.0,10,0.0,B (Inestable),Express,IO,low
2026-05-06 01:19:02+00:00,1.72,27.64,39.0,9,2.0,B (Inestable),Express,IO,low
2026-05-06 01:19:04+00:00,0.87,28.04,39.0,9,4.0,B (Inestable),Express,IO,low
2026-05-06 01:19:07+00:00,1.85,28.61,39.0,9,7.0,B (Inestable),Express,IO,low
2026-05-06 01:19:09+00:00,0.93,28.58,39.0,9,9.0,B (Inestable),Express,IO,low
2026-05-06 01:19:11+00:00,1.33,28.85,39.0,11,11.0,B (Inestable),Express,IO,low
2026-05-06 01:19:13+00:00,1.2,29.3,39.0,7,13.0,B (Inestable),Express,IO,low
2026-05-06 01:19:15+00:00,1.11,29.57,39.0,7,15.0,B (Inestable),Express,IO,low
2026-05-06 01:19:17+00:00,1.21,30.27,39.0,8,17.0,B (Inestable),Express,IO,low
2026-05-06 01:19:19+00:00,1.37,30.55,39.0,11,19.0,B (Inestable),Express,IO,low
2026-05-06 02:03:33+00:00,1.59,42.34,38.875,7,0.0,B (Inestable),FastAPI,IO,low
2026-05-06 02:03:35+00:00,1.57,41.96,38.875,6,2.0,B (Inestable),FastAPI,IO,low
2026-05-06 02:03:37+00:00,1.6,42.18,38.875,8,4.0,B (Inestable),FastAPI,IO,low
2026-05-06 02:03:39+00:00,1.73,42.09,38.875,5,6.0,B (Inestable),FastAPI,IO,low
2026-05-06 02:03:41+00:00,2.01,42.53,38.875,8,8.0,B (Inestable),FastAPI,IO,low
2026-05-06 02:03:43+00:00,1.05,42.46,38.75,8,10.0,B (Inestable),FastAPI,IO,low
2026-05-06 02:03:45+00:00,1.48,42.59,38.875,8,12.0,B (Inestable),FastAPI,IO,low
2026-05-06 02:03:47+00:00,1.35,42.8,38.875,5,14.0,B (Inestable),FastAPI,IO,low
2026-05-06 02:03:49+00:00,1.62,42.91,38.875,7,16.0,B (Inestable),FastAPI,IO,low
2026-05-06 02:03:52+00:00,1.33,43.05,38.875,5,19.0,B (Inestable),FastAPI,IO,low
2026-05-06 02:09:16+00:00,76.58,42.84,39.125,17,0.0,B (Inestable),Express,CPU,high
2026-05-06 02:09:18+00:00,72.43,44.65,39.125,16,2.0,B (Inestable),Express,CPU,high
2026-05-06 02:09:20+00:00,73.88,44.42,39.125,16,4.0,B (Inestable),Express,CPU,high
2026-05-06 02:09:22+00:00,65.06,44.2,39.125,16,6.0,B (Inestable),Express,CPU,high
2026-05-06 02:09:24+00:00,73.02,40.21,39.125,11,8.0,B (Inestable),Express,CPU,high
2026-05-06 02:09:27+00:00,72.48,40.34,39.25,11,11.0,B (Inestable),Express,CPU,high
2026-05-06 02:09:29+00:00,75.55,43.75,39.25,8,13.0,B (Inestable),Express,CPU,high
2026-05-06 02:09:31+00:00,71.32,44.01,39.25,9,15.0,B (Inestable),Express,CPU,high
2026-05-06 02:09:33+00:00,71.68,39.77,39.25,13,17.0,B (Inestable),Express,CPU,high
2026-05-06 02:09:35+00:00,44.96,40.04,39.25,7,19.0,B (Inestable),Express,CPU,high
2026-05-06 00:22:24+00:00,73.04,41.57,40.125,17,0.0,B (Inestable),Express,CPU,high
2026-05-06 00:22:27+00:00,71.2,44.04,40.125,14,3.0,B (Inestable),Express,CPU,high
2026-05-06 00:22:29+00:00,61.07,43.89,40.125,11,5.0,B (Inestable),Express,CPU,high
2026-05-06 00:22:31+00:00,75.27,43.59,40.125,6,7.0,B (Inestable),Express,CPU,high
2026-05-06 00:22:33+00:00,77.24,43.44,40.125,13,9.0,B (Inestable),Express,CPU,high
2026-05-06 00:22:35+00:00,64.07,43.91,40.125,17,11.0,B (Inestable),Express,CPU,high
2026-05-06 00:22:37+00:00,69.47,44.2,40.125,13,13.0,B (Inestable),Express,CPU,high
2026-05-06 00:22:39+00:00,79.07,43.29,40.125,15,15.0,B (Inestable),Express,CPU,high
2026-05-06 00:22:41+00:00,62.87,43.45,40.25,13,17.0,B (Inestable),Express,CPU,high
2026-05-06 00:22:44+00:00,37.77,43.45,40.25,8,20.0,B (Inestable),Express,CPU,high
2026-05-06 01:27:17+00:00,11.86,41.3,38.875,4,0.0,B (Inestable),FastAPI,CPU,medium
2026-05-06 01:27:19+00:00,13.11,41.55,38.875,5,2.0,B (Inestable),FastAPI,CPU,medium
2026-05-06 01:27:21+00:00,10.79,41.46,39.0,11,4.0,B (Inestable),FastAPI,CPU,medium
2026-05-06 01:27:23+00:00,15.93,41.37,39.0,6,6.0,B (Inestable),FastAPI,CPU,medium
2026-05-06 01:27:25+00:00,12.69,41.68,39.0,7,8.0,B (Inestable),FastAPI,CPU,medium
2026-05-06 01:27:27+00:00,12.84,41.57,39.0,5,10.0,B (Inestable),FastAPI,CPU,medium
2026-05-06 01:27:29+00:00,12.89,41.53,39.0,9,12.0,B (Inestable),FastAPI,CPU,medium
2026-05-06 01:27:32+00:00,11.86,41.43,39.0,8,15.0,B (Inestable),FastAPI,CPU,medium
2026-05-06 01:27:34+00:00,13.3,41.64,39.0,5,17.0,B (Inestable),FastAPI,CPU,medium
2026-05-06 01:27:36+00:00,9.61,41.57,39.0,3,19.0,B (Inestable),FastAPI,CPU,medium
2026-05-06 00:45:56+00:00,6.66,37.46,39.625,65,0.0,B (Inestable),Express,IO,high
2026-05-06 00:45:58+00:00,4.57,37.37,39.625,71,2.0,B (Inestable),Express,IO,high
2026-05-06 00:46:00+00:00,4.68,37.5,39.625,71,4.0,B (Inestable),Express,IO,high
2026-05-06 00:46:02+00:00,4.44,37.82,39.75,63,6.0,B (Inestable),Express,IO,high
2026-05-06 00:46:04+00:00,3.66,37.95,39.75,69,8.0,B (Inestable),Express,IO,high
2026-05-06 00:46:06+00:00,4.32,38.43,39.75,79,10.0,B (Inestable),Express,IO,high
2026-05-06 00:46:08+00:00,4.11,38.34,39.625,66,12.0,B (Inestable),Express,IO,high
2026-05-06 00:46:10+00:00,4.44,37.91,39.625,69,14.0,B (Inestable),Express,IO,high
2026-05-06 00:46:12+00:00,4.73,38.7,39.625,63,16.0,B (Inestable),Express,IO,high
2026-05-06 00:46:15+00:00,6.16,38.08,39.75,50,19.0,B (Inestable),Express,IO,high
2026-05-06 00:55:28+00:00,8.21,27.32,39.5,1,0.0,B (Inestable),Express,CPU,low
2026-05-06 00:55:30+00:00,5.06,27.83,39.5,1,2.0,B (Inestable),Express,CPU,low
2026-05-06 00:55:32+00:00,8.99,28.54,39.5,1,4.0,B (Inestable),Express,CPU,low
2026-05-06 00:55:34+00:00,9.14,29.09,39.5,1,6.0,B (Inestable),Express,CPU,low
2026-05-06 00:55:36+00:00,5.97,29.4,39.5,1,8.0,B (Inestable),Express,CPU,low
2026-05-06 00:55:38+00:00,6.98,30.07,39.5,3,10.0,B (Inestable),Express,CPU,low
2026-05-06 00:55:40+00:00,8.07,30.46,39.5,1,12.0,B (Inestable),Express,CPU,low
2026-05-06 00:55:42+00:00,8.07,30.63,39.5,2,14.0,B (Inestable),Express,CPU,low
2026-05-06 00:55:45+00:00,9.1,31.35,39.5,0,17.0,B (Inestable),Express,CPU,low
2026-05-06 00:55:47+00:00,4.98,31.91,39.5,2,19.0,B (Inestable),Express,CPU,low
2026-05-06 01:52:43+00:00,26.79,41.53,38.875,11,0.0,B (Inestable),FastAPI,CPU,high
2026-05-06 01:52:46+00:00,24.18,41.64,38.875,9,3.0,B (Inestable),FastAPI,CPU,high
2026-05-06 01:52:48+00:00,21.64,41.64,38.875,12,5.0,B (Inestable),FastAPI,CPU,high
2026-05-06 01:52:50+00:00,25.25,41.82,38.875,5,7.0,B (Inestable),FastAPI,CPU,high
2026-05-06 01:52:52+00:00,20.93,41.41,38.875,8,9.0,B (Inestable),FastAPI,CPU,high
2026-05-06 01:52:54+00:00,20.92,41.76,38.875,14,11.0,B (Inestable),FastAPI,CPU,high
2026-05-06 01:52:56+00:00,24.0,41.57,38.875,12,13.0,B (Inestable),FastAPI,CPU,high
2026-05-06 01:52:58+00:00,23.22,41.44,39.0,20,15.0,B (Inestable),FastAPI,CPU,high
2026-05-06 01:53:00+00:00,24.05,41.56,39.0,10,17.0,B (Inestable),FastAPI,CPU,high
2026-05-06 01:53:02+00:00,16.85,41.48,39.0,6,19.0,B (Inestable),FastAPI,CPU,high
2026-05-06 00:23:41+00:00,2.99,41.23,39.875,2,0.0,B (Inestable),FastAPI,CPU,low
2026-05-06 00:23:43+00:00,3.3,41.11,39.875,0,2.0,B (Inestable),FastAPI,CPU,low
2026-05-06 00:23:45+00:00,2.42,41.27,39.875,0,4.0,B (Inestable),FastAPI,CPU,low
2026-05-06 00:23:47+00:00,2.83,41.42,39.875,2,6.0,B (Inestable),FastAPI,CPU,low
2026-05-06 00:23:49+00:00,3.13,41.32,39.875,2,8.0,B (Inestable),FastAPI,CPU,low
2026-05-06 00:23:51+00:00,1.75,41.46,40.0,1,10.0,B (Inestable),FastAPI,CPU,low
2026-05-06 00:23:53+00:00,3.39,41.29,40.0,2,12.0,B (Inestable),FastAPI,CPU,low
2026-05-06 00:23:55+00:00,2.63,41.2,40.0,1,14.0,B (Inestable),FastAPI,CPU,low
2026-05-06 00:23:58+00:00,2.38,41.02,40.0,2,17.0,B (Inestable),FastAPI,CPU,low
2026-05-06 00:24:00+00:00,3.23,41.2,40.0,1,19.0,B (Inestable),FastAPI,CPU,low
2026-05-06 01:31:44+00:00,4.92,37.61,39.0,62,0.0,B (Inestable),Express,IO,high
2026-05-06 01:31:46+00:00,3.99,37.61,39.0,59,2.0,B (Inestable),Express,IO,high
2026-05-06 01:31:48+00:00,5.08,38.53,39.0,64,4.0,B (Inestable),Express,IO,high
2026-05-06 01:31:50+00:00,4.17,38.7,39.0,64,6.0,B (Inestable),Express,IO,high
2026-05-06 01:31:53+00:00,4.47,38.97,39.0,61,9.0,B (Inestable),Express,IO,high
2026-05-06 01:31:55+00:00,3.7,38.87,39.0,77,11.0,B (Inestable),Express,IO,high
2026-05-06 01:31:57+00:00,4.48,38.89,39.0,70,13.0,B (Inestable),Express,IO,high
2026-05-06 01:31:59+00:00,4.53,38.05,39.0,61,15.0,B (Inestable),Express,IO,high
2026-05-06 01:32:01+00:00,4.34,39.1,39.0,77,17.0,B (Inestable),Express,IO,high
2026-05-06 01:32:03+00:00,5.64,38.89,39.125,56,19.0,B (Inestable),Express,IO,high
2026-05-06 00:59:55+00:00,9.51,47.25,39.375,72,0.0,B (Inestable),FastAPI,IO,high
2026-05-06 00:59:57+00:00,9.92,47.38,39.375,79,2.0,B (Inestable),FastAPI,IO,high
2026-05-06 00:59:59+00:00,10.18,46.87,39.5,77,4.0,B (Inestable),FastAPI,IO,high
2026-05-06 01:00:01+00:00,9.9,47.0,39.5,75,6.0,B (Inestable),FastAPI,IO,high
2026-05-06 01:00:03+00:00,9.34,46.88,39.5,61,8.0,B (Inestable),FastAPI,IO,high
2026-05-06 01:00:06+00:00,9.78,47.06,39.5,66,11.0,B (Inestable),FastAPI,IO,high
2026-05-06 01:00:08+00:00,10.43,46.96,39.5,68,13.0,B (Inestable),FastAPI,IO,high
2026-05-06 01:00:10+00:00,10.24,47.06,39.5,65,15.0,B (Inestable),FastAPI,IO,high
2026-05-06 01:00:12+00:00,10.84,47.18,39.5,66,17.0,B (Inestable),FastAPI,IO,high
2026-05-06 01:00:14+00:00,9.22,47.06,39.5,53,19.0,B (Inestable),FastAPI,IO,high
2026-05-06 00:48:28+00:00,1.84,27.27,39.375,8,0.0,B (Inestable),Express,IO,low
2026-05-06 00:48:30+00:00,1.42,27.71,39.375,8,2.0,B (Inestable),Express,IO,low
2026-05-06 00:48:32+00:00,1.02,28.2,39.375,8,4.0,B (Inestable),Express,IO,low
2026-05-06 00:48:34+00:00,1.65,28.51,39.375,10,6.0,B (Inestable),Express,IO,low
2026-05-06 00:48:36+00:00,1.42,28.54,39.5,9,8.0,B (Inestable),Express,IO,low
2026-05-06 00:48:38+00:00,1.79,28.8,39.5,8,10.0,B (Inestable),Express,IO,low
2026-05-06 00:48:40+00:00,1.42,29.2,39.5,8,12.0,B (Inestable),Express,IO,low
2026-05-06 00:48:42+00:00,1.96,29.7,39.5,8,14.0,B (Inestable),Express,IO,low
2026-05-06 00:48:45+00:00,1.15,30.12,39.5,10,17.0,B (Inestable),Express,IO,low
2026-05-06 00:48:47+00:00,1.06,30.57,39.5,7,19.0,B (Inestable),Express,IO,low
2026-05-06 01:05:38+00:00,36.01,33.24,39.375,9,0.0,B (Inestable),Express,CPU,medium
2026-05-06 01:05:40+00:00,36.84,33.68,39.375,6,2.0,B (Inestable),Express,CPU,medium
2026-05-06 01:05:43+00:00,34.71,34.37,39.375,3,5.0,B (Inestable),Express,CPU,medium
2026-05-06 01:05:45+00:00,38.38,34.28,39.375,6,7.0,B (Inestable),Express,CPU,medium
2026-05-06 01:05:47+00:00,33.65,34.48,39.375,5,9.0,B (Inestable),Express,CPU,medium
2026-05-06 01:05:49+00:00,36.85,34.38,39.375,6,11.0,B (Inestable),Express,CPU,medium
2026-05-06 01:05:51+00:00,39.07,40.58,39.375,6,13.0,B (Inestable),Express,CPU,medium
2026-05-06 01:05:53+00:00,39.2,41.32,39.375,5,15.0,B (Inestable),Express,CPU,medium
2026-05-06 01:05:55+00:00,40.13,40.83,39.375,8,17.0,B (Inestable),Express,CPU,medium
2026-05-06 01:05:57+00:00,19.07,42.3,39.375,2,19.0,B (Inestable),Express,CPU,medium
2026-05-06 00:18:35+00:00,12.21,41.43,39.5,2,0.0,B (Inestable),FastAPI,CPU,medium
2026-05-06 00:18:37+00:00,11.65,41.54,39.5,4,2.0,B (Inestable),FastAPI,CPU,medium
2026-05-06 00:18:39+00:00,12.2,41.43,39.5,4,4.0,B (Inestable),FastAPI,CPU,medium
2026-05-06 00:18:42+00:00,14.15,41.57,39.5,6,7.0,B (Inestable),FastAPI,CPU,medium
2026-05-06 00:18:44+00:00,12.68,41.68,39.625,5,9.0,B (Inestable),FastAPI,CPU,medium
2026-05-06 00:18:46+00:00,10.17,41.5,39.625,12,11.0,B (Inestable),FastAPI,CPU,medium
2026-05-06 00:18:48+00:00,12.4,41.37,39.625,5,13.0,B (Inestable),FastAPI,CPU,medium
2026-05-06 00:18:50+00:00,11.94,41.5,39.625,6,15.0,B (Inestable),FastAPI,CPU,medium
2026-05-06 00:18:52+00:00,12.55,41.4,39.625,9,17.0,B (Inestable),FastAPI,CPU,medium
2026-05-06 00:18:54+00:00,9.44,41.3,39.625,3,19.0,B (Inestable),FastAPI,CPU,medium
2026-05-06 01:10:06+00:00,1.56,42.33,39.125,6,0.0,B (Inestable),FastAPI,IO,low
2026-05-06 01:10:08+00:00,1.61,42.23,39.125,6,2.0,B (Inestable),FastAPI,IO,low
2026-05-06 01:10:10+00:00,1.19,42.41,39.25,11,4.0,B (Inestable),FastAPI,IO,low
2026-05-06 01:10:12+00:00,1.38,42.57,39.125,12,6.0,B (Inestable),FastAPI,IO,low
2026-05-06 01:10:14+00:00,1.21,42.79,39.125,9,8.0,B (Inestable),FastAPI,IO,low
2026-05-06 01:10:16+00:00,1.69,42.7,39.25,10,10.0,B (Inestable),FastAPI,IO,low
2026-05-06 01:10:18+00:00,1.31,43.13,39.25,8,12.0,B (Inestable),FastAPI,IO,low
2026-05-06 01:10:21+00:00,1.39,43.27,39.25,9,15.0,B (Inestable),FastAPI,IO,low
2026-05-06 01:10:23+00:00,1.62,43.02,39.25,8,17.0,B (Inestable),FastAPI,IO,low
2026-05-06 01:10:25+00:00,1.42,43.2,39.25,6,19.0,B (Inestable),FastAPI,IO,low
2026-05-06 01:41:54+00:00,1.62,27.48,38.875,9,0.0,B (Inestable),Express,IO,low
2026-05-06 01:41:56+00:00,1.87,27.83,38.875,8,2.0,B (Inestable),Express,IO,low
2026-05-06 01:41:59+00:00,0.94,28.07,38.875,9,5.0,B (Inestable),Express,IO,low
2026-05-06 01:42:01+00:00,1.17,28.52,38.875,10,7.0,B (Inestable),Express,IO,low
2026-05-06 01:42:03+00:00,1.54,28.98,38.875,10,9.0,B (Inestable),Express,IO,low
2026-05-06 01:42:05+00:00,1.4,29.71,38.875,10,11.0,B (Inestable),Express,IO,low
2026-05-06 01:42:07+00:00,1.16,30.18,38.875,13,13.0,B (Inestable),Express,IO,low
2026-05-06 01:42:09+00:00,1.59,30.46,38.875,10,15.0,B (Inestable),Express,IO,low
2026-05-06 01:42:11+00:00,1.13,30.71,38.875,11,17.0,B (Inestable),Express,IO,low
2026-05-06 01:42:13+00:00,0.98,30.64,38.875,9,19.0,B (Inestable),Express,IO,low
2026-05-06 00:42:45+00:00,44.94,33.57,39.625,7,0.0,B (Inestable),Express,CPU,medium
2026-05-06 00:42:47+00:00,35.38,33.58,39.625,7,2.0,B (Inestable),Express,CPU,medium
2026-05-06 00:42:49+00:00,34.38,34.2,39.625,6,4.0,B (Inestable),Express,CPU,medium
2026-05-06 00:42:51+00:00,34.63,34.33,39.625,3,6.0,B (Inestable),Express,CPU,medium
2026-05-06 00:42:53+00:00,25.92,34.66,39.625,11,8.0,B (Inestable),Express,CPU,medium
2026-05-06 00:42:55+00:00,34.89,34.5,39.75,6,10.0,B (Inestable),Express,CPU,medium
2026-05-06 00:42:57+00:00,41.11,34.86,39.75,6,12.0,B (Inestable),Express,CPU,medium
2026-05-06 00:42:59+00:00,38.53,34.91,39.75,8,14.0,B (Inestable),Express,CPU,medium
2026-05-06 00:43:02+00:00,35.09,34.95,39.75,3,17.0,B (Inestable),Express,CPU,medium
2026-05-06 00:43:04+00:00,23.12,34.85,39.75,3,19.0,B (Inestable),Express,CPU,medium
2026-05-06 01:20:55+00:00,38.27,33.36,39.125,2,0.0,B (Inestable),Express,CPU,medium
2026-05-06 01:20:57+00:00,35.51,34.03,39.125,4,2.0,B (Inestable),Express,CPU,medium
2026-05-06 01:20:59+00:00,41.69,41.92,39.125,5,4.0,B (Inestable),Express,CPU,medium
2026-05-06 01:21:01+00:00,35.37,41.93,39.25,7,6.0,B (Inestable),Express,CPU,medium
2026-05-06 01:21:03+00:00,36.41,41.88,39.125,8,8.0,B (Inestable),Express,CPU,medium
2026-05-06 01:21:05+00:00,39.63,42.02,39.25,4,10.0,B (Inestable),Express,CPU,medium
2026-05-06 01:21:08+00:00,34.87,42.7,39.25,4,13.0,B (Inestable),Express,CPU,medium
2026-05-06 01:21:10+00:00,35.49,43.06,39.25,7,15.0,B (Inestable),Express,CPU,medium
2026-05-06 01:21:12+00:00,34.53,43.15,39.25,7,17.0,B (Inestable),Express,CPU,medium
2026-05-06 01:21:14+00:00,25.67,43.16,39.25,7,19.0,B (Inestable),Express,CPU,medium
2026-05-06 01:13:55+00:00,4.81,32.88,39.125,45,0.0,B (Inestable),Express,IO,medium
2026-05-06 01:13:57+00:00,4.99,34.2,39.125,44,2.0,B (Inestable),Express,IO,medium
2026-05-06 01:13:59+00:00,5.21,35.5,39.125,38,4.0,B (Inestable),Express,IO,medium
2026-05-06 01:14:01+00:00,2.82,35.68,39.125,34,6.0,B (Inestable),Express,IO,medium
2026-05-06 01:14:03+00:00,2.74,35.69,39.125,32,8.0,B (Inestable),Express,IO,medium
2026-05-06 01:14:05+00:00,2.34,35.64,39.125,33,10.0,B (Inestable),Express,IO,medium
2026-05-06 01:14:07+00:00,3.19,36.9,39.125,33,12.0,B (Inestable),Express,IO,medium
2026-05-06 01:14:10+00:00,2.63,37.18,39.125,36,15.0,B (Inestable),Express,IO,medium
2026-05-06 01:14:12+00:00,2.83,37.21,39.125,34,17.0,B (Inestable),Express,IO,medium
2026-05-06 01:14:14+00:00,2.44,37.45,39.125,27,19.0,B (Inestable),Express,IO,medium
2026-05-06 00:16:41+00:00,1.66,44.32,38.75,9,0.0,B (Inestable),FastAPI,IO,low
2026-05-06 00:16:43+00:00,1.21,44.12,38.875,10,2.0,B (Inestable),FastAPI,IO,low
2026-05-06 00:16:45+00:00,1.57,44.31,38.875,11,4.0,B (Inestable),FastAPI,IO,low
2026-05-06 00:16:47+00:00,1.5,44.48,38.875,9,6.0,B (Inestable),FastAPI,IO,low
2026-05-06 00:16:49+00:00,1.28,44.64,38.875,10,8.0,B (Inestable),FastAPI,IO,low
2026-05-06 00:16:51+00:00,1.64,44.75,38.875,7,10.0,B (Inestable),FastAPI,IO,low
2026-05-06 00:16:54+00:00,1.67,44.95,38.875,9,13.0,B (Inestable),FastAPI,IO,low
2026-05-06 00:16:56+00:00,1.66,45.6,38.875,10,15.0,B (Inestable),FastAPI,IO,low
2026-05-06 00:16:58+00:00,1.34,45.59,38.875,13,17.0,B (Inestable),FastAPI,IO,low
2026-05-06 00:17:00+00:00,1.46,45.4,39.0,11,19.0,B (Inestable),FastAPI,IO,low
2026-05-06 00:32:35+00:00,5.18,27.32,39.75,3,0.0,B (Inestable),Express,CPU,low
2026-05-06 00:32:37+00:00,8.14,28.73,39.75,2,2.0,B (Inestable),Express,CPU,low
2026-05-06 00:32:39+00:00,10.17,28.54,39.75,2,4.0,B (Inestable),Express,CPU,low
2026-05-06 00:32:41+00:00,5.18,29.03,39.75,4,6.0,B (Inestable),Express,CPU,low
2026-05-06 00:32:43+00:00,7.01,29.38,39.75,1,8.0,B (Inestable),Express,CPU,low
2026-05-06 00:32:45+00:00,8.06,29.93,39.75,2,10.0,B (Inestable),Express,CPU,low
2026-05-06 00:32:48+00:00,6.14,30.4,39.75,2,13.0,B (Inestable),Express,CPU,low
2026-05-06 00:32:50+00:00,8.02,30.64,39.75,2,15.0,B (Inestable),Express,CPU,low
2026-05-06 00:32:52+00:00,6.06,31.23,39.75,1,17.0,B (Inestable),Express,CPU,low
2026-05-06 00:32:54+00:00,9.05,31.76,39.75,1,19.0,B (Inestable),Express,CPU,low
2026-05-06 01:21:33+00:00,5.31,32.86,39.125,34,0.0,B (Inestable),Express,IO,medium
2026-05-06 01:21:35+00:00,7.09,34.46,39.125,34,2.0,B (Inestable),Express,IO,medium
2026-05-06 01:21:37+00:00,4.7,35.64,39.125,37,4.0,B (Inestable),Express,IO,medium
2026-05-06 01:21:39+00:00,2.8,35.57,39.125,39,6.0,B (Inestable),Express,IO,medium
2026-05-06 01:21:41+00:00,2.9,35.83,39.125,36,8.0,B (Inestable),Express,IO,medium
2026-05-06 01:21:44+00:00,2.66,35.94,39.125,31,11.0,B (Inestable),Express,IO,medium
2026-05-06 01:21:46+00:00,2.53,36.21,39.125,34,13.0,B (Inestable),Express,IO,medium
2026-05-06 01:21:48+00:00,2.67,36.55,39.125,31,15.0,B (Inestable),Express,IO,medium
2026-05-06 01:21:50+00:00,2.4,36.75,39.125,31,17.0,B (Inestable),Express,IO,medium
2026-05-06 01:21:52+00:00,2.34,36.8,39.125,23,19.0,B (Inestable),Express,IO,medium
2026-05-06 00:56:06+00:00,1.26,27.82,39.375,15,0.0,B (Inestable),Express,IO,low
2026-05-06 00:56:08+00:00,1.69,28.16,39.375,14,2.0,B (Inestable),Express,IO,low
2026-05-06 00:56:10+00:00,1.74,28.16,39.375,8,4.0,B (Inestable),Express,IO,low
2026-05-06 00:56:12+00:00,1.19,28.76,39.375,10,6.0,B (Inestable),Express,IO,low
2026-05-06 00:56:14+00:00,1.26,28.89,39.375,5,8.0,B (Inestable),Express,IO,low
2026-05-06 00:56:16+00:00,1.47,29.28,39.375,7,10.0,B (Inestable),Express,IO,low
2026-05-06 00:56:18+00:00,0.93,29.75,39.375,8,12.0,B (Inestable),Express,IO,low
2026-05-06 00:56:21+00:00,1.22,30.0,39.5,7,15.0,B (Inestable),Express,IO,low
2026-05-06 00:56:23+00:00,1.11,30.36,39.5,12,17.0,B (Inestable),Express,IO,low
2026-05-06 00:56:25+00:00,1.11,30.48,39.5,7,19.0,B (Inestable),Express,IO,low
2026-05-06 00:57:22+00:00,5.33,44.93,39.375,38,0.0,B (Inestable),FastAPI,IO,medium
2026-05-06 00:57:24+00:00,4.99,45.06,39.375,39,2.0,B (Inestable),FastAPI,IO,medium
2026-05-06 00:57:26+00:00,5.3,44.61,39.375,43,4.0,B (Inestable),FastAPI,IO,medium
2026-05-06 00:57:29+00:00,4.95,44.83,39.5,29,7.0,B (Inestable),FastAPI,IO,medium
2026-05-06 00:57:31+00:00,4.78,44.97,39.5,31,9.0,B (Inestable),FastAPI,IO,medium
2026-05-06 00:57:33+00:00,5.11,45.18,39.5,40,11.0,B (Inestable),FastAPI,IO,medium
2026-05-06 00:57:35+00:00,4.71,45.29,39.375,36,13.0,B (Inestable),FastAPI,IO,medium
2026-05-06 00:57:37+00:00,5.01,44.89,39.5,30,15.0,B (Inestable),FastAPI,IO,medium
2026-05-06 00:57:39+00:00,5.73,44.48,39.5,37,17.0,B (Inestable),FastAPI,IO,medium
2026-05-06 00:57:41+00:00,4.61,44.9,39.375,29,19.0,B (Inestable),FastAPI,IO,medium
2026-05-06 01:46:22+00:00,55.76,42.66,39.125,19,0.0,B (Inestable),Express,CPU,high
2026-05-06 01:46:24+00:00,62.45,38.57,39.125,17,2.0,B (Inestable),Express,CPU,high
2026-05-06 01:46:26+00:00,68.63,42.86,39.125,6,4.0,B (Inestable),Express,CPU,high
2026-05-06 01:46:28+00:00,74.7,43.01,39.125,10,6.0,B (Inestable),Express,CPU,high
2026-05-06 01:46:30+00:00,74.31,44.23,39.125,15,8.0,B (Inestable),Express,CPU,high
2026-05-06 01:46:33+00:00,71.12,44.43,39.125,12,11.0,B (Inestable),Express,CPU,high
2026-05-06 01:46:35+00:00,68.21,39.71,39.25,15,13.0,B (Inestable),Express,CPU,high
2026-05-06 01:46:37+00:00,65.51,39.37,39.25,18,15.0,B (Inestable),Express,CPU,high
2026-05-06 01:46:39+00:00,69.17,39.7,39.25,15,17.0,B (Inestable),Express,CPU,high
2026-05-06 01:46:41+00:00,48.05,39.04,39.25,6,19.0,B (Inestable),Express,CPU,high
2026-05-06 00:34:29+00:00,5.52,47.16,39.75,40,0.0,B (Inestable),FastAPI,IO,medium
2026-05-06 00:34:31+00:00,4.74,47.41,39.75,42,2.0,B (Inestable),FastAPI,IO,medium
2026-05-06 00:34:33+00:00,6.05,47.23,39.875,43,4.0,B (Inestable),FastAPI,IO,medium
2026-05-06 00:34:35+00:00,6.19,47.41,39.875,40,6.0,B (Inestable),FastAPI,IO,medium
2026-05-06 00:34:38+00:00,5.41,47.25,39.75,40,9.0,B (Inestable),FastAPI,IO,medium
2026-05-06 00:34:40+00:00,5.7,47.32,39.75,41,11.0,B (Inestable),FastAPI,IO,medium
2026-05-06 00:34:42+00:00,6.07,47.42,39.75,40,13.0,B (Inestable),FastAPI,IO,medium
2026-05-06 00:34:44+00:00,5.4,47.34,39.75,41,15.0,B (Inestable),FastAPI,IO,medium
2026-05-06 00:34:46+00:00,5.66,47.5,39.75,39,17.0,B (Inestable),FastAPI,IO,medium
2026-05-06 00:34:48+00:00,3.89,47.6,39.875,33,19.0,B (Inestable),FastAPI,IO,medium
2026-05-06 01:50:48+00:00,6.47,44.59,38.875,29,0.0,B (Inestable),FastAPI,IO,medium
2026-05-06 01:50:51+00:00,5.48,44.77,38.875,35,3.0,B (Inestable),FastAPI,IO,medium
2026-05-06 01:50:53+00:00,5.43,44.7,38.875,40,5.0,B (Inestable),FastAPI,IO,medium
2026-05-06 01:50:55+00:00,4.98,44.86,38.875,34,7.0,B (Inestable),FastAPI,IO,medium
2026-05-06 01:50:57+00:00,5.0,44.71,38.875,34,9.0,B (Inestable),FastAPI,IO,medium
2026-05-06 01:50:59+00:00,5.33,44.74,38.875,35,11.0,B (Inestable),FastAPI,IO,medium
2026-05-06 01:51:01+00:00,4.43,44.53,38.875,37,13.0,B (Inestable),FastAPI,IO,medium
2026-05-06 01:51:03+00:00,5.12,44.66,38.875,32,15.0,B (Inestable),FastAPI,IO,medium
2026-05-06 01:51:05+00:00,5.5,44.57,39.0,36,17.0,B (Inestable),FastAPI,IO,medium
2026-05-06 01:51:07+00:00,4.17,44.66,38.875,28,19.0,B (Inestable),FastAPI,IO,medium
2026-05-06 01:08:49+00:00,5.54,37.57,39.375,66,0.0,B (Inestable),Express,IO,high
2026-05-06 01:08:51+00:00,3.99,37.92,39.375,64,2.0,B (Inestable),Express,IO,high
2026-05-06 01:08:54+00:00,6.24,38.23,39.375,64,5.0,B (Inestable),Express,IO,high
2026-05-06 01:08:56+00:00,4.16,38.14,39.375,66,7.0,B (Inestable),Express,IO,high
2026-05-06 01:08:58+00:00,6.09,38.55,39.375,71,9.0,B (Inestable),Express,IO,high
2026-05-06 01:09:00+00:00,4.22,38.77,39.375,62,11.0,B (Inestable),Express,IO,high
2026-05-06 01:09:02+00:00,4.05,38.83,39.375,59,13.0,B (Inestable),Express,IO,high
2026-05-06 01:09:04+00:00,4.06,38.62,39.375,64,15.0,B (Inestable),Express,IO,high
2026-05-06 01:09:06+00:00,5.47,38.43,39.375,69,17.0,B (Inestable),Express,IO,high
2026-05-06 01:09:08+00:00,3.85,38.49,39.375,55,19.0,B (Inestable),Express,IO,high
2026-05-06 00:37:40+00:00,69.02,44.2,40.0,17,0.0,B (Inestable),Express,CPU,high
2026-05-06 00:37:42+00:00,71.15,43.61,40.0,17,2.0,B (Inestable),Express,CPU,high
2026-05-06 00:37:44+00:00,73.7,40.1,40.125,7,4.0,B (Inestable),Express,CPU,high
2026-05-06 00:37:46+00:00,70.47,40.18,40.125,17,6.0,B (Inestable),Express,CPU,high
2026-05-06 00:37:49+00:00,73.73,43.44,40.125,14,9.0,B (Inestable),Express,CPU,high
2026-05-06 00:37:51+00:00,67.46,43.71,40.125,11,11.0,B (Inestable),Express,CPU,high
2026-05-06 00:37:53+00:00,74.15,43.92,40.125,8,13.0,B (Inestable),Express,CPU,high
2026-05-06 00:37:55+00:00,61.5,43.9,40.125,11,15.0,B (Inestable),Express,CPU,high
2026-05-06 00:37:57+00:00,67.96,43.51,40.125,13,17.0,B (Inestable),Express,CPU,high
2026-05-06 00:37:59+00:00,42.41,43.4,40.125,6,19.0,B (Inestable),Express,CPU,high
2026-05-06 01:58:27+00:00,6.34,45.89,38.75,42,0.0,B (Inestable),FastAPI,IO,medium
2026-05-06 01:58:29+00:00,5.86,46.04,38.75,33,2.0,B (Inestable),FastAPI,IO,medium
2026-05-06 01:58:31+00:00,6.22,45.73,38.875,33,4.0,B (Inestable),FastAPI,IO,medium
2026-05-06 01:58:33+00:00,5.52,45.93,38.875,36,6.0,B (Inestable),FastAPI,IO,medium
2026-05-06 01:58:35+00:00,5.65,45.95,38.875,35,8.0,B (Inestable),FastAPI,IO,medium
2026-05-06 01:58:37+00:00,4.67,45.85,38.875,34,10.0,B (Inestable),FastAPI,IO,medium
2026-05-06 01:58:40+00:00,5.05,46.0,38.875,39,13.0,B (Inestable),FastAPI,IO,medium
2026-05-06 01:58:42+00:00,5.84,46.43,38.875,35,15.0,B (Inestable),FastAPI,IO,medium
2026-05-06 01:58:44+00:00,5.69,46.25,38.875,35,17.0,B (Inestable),FastAPI,IO,medium
2026-05-06 01:58:46+00:00,4.66,46.14,38.875,31,19.0,B (Inestable),FastAPI,IO,medium
2026-05-06 01:13:17+00:00,38.92,33.47,39.25,6,0.0,B (Inestable),Express,CPU,medium
2026-05-06 01:13:19+00:00,36.13,33.77,39.25,6,2.0,B (Inestable),Express,CPU,medium
2026-05-06 01:13:21+00:00,36.23,40.77,39.25,12,4.0,B (Inestable),Express,CPU,medium
2026-05-06 01:13:23+00:00,35.64,40.98,39.25,9,6.0,B (Inestable),Express,CPU,medium
2026-05-06 01:13:25+00:00,40.29,40.89,39.25,7,8.0,B (Inestable),Express,CPU,medium
2026-05-06 01:13:27+00:00,34.57,41.09,39.25,5,10.0,B (Inestable),Express,CPU,medium
2026-05-06 01:13:29+00:00,33.22,37.35,39.375,5,12.0,B (Inestable),Express,CPU,medium
2026-05-06 01:13:31+00:00,38.91,37.52,39.375,10,14.0,B (Inestable),Express,CPU,medium
2026-05-06 01:13:34+00:00,30.55,37.29,39.375,6,17.0,B (Inestable),Express,CPU,medium
2026-05-06 01:13:36+00:00,20.38,37.2,39.25,3,19.0,B (Inestable),Express,CPU,medium
2026-05-06 00:21:46+00:00,9.96,45.81,39.875,63,0.0,B (Inestable),FastAPI,IO,high
2026-05-06 00:21:48+00:00,10.19,45.96,39.875,63,2.0,B (Inestable),FastAPI,IO,high
2026-05-06 00:21:50+00:00,10.21,45.83,39.875,72,4.0,B (Inestable),FastAPI,IO,high
2026-05-06 00:21:52+00:00,9.68,45.85,39.875,68,6.0,B (Inestable),FastAPI,IO,high
2026-05-06 00:21:55+00:00,8.91,45.61,39.875,63,9.0,B (Inestable),FastAPI,IO,high
2026-05-06 00:21:57+00:00,10.11,46.42,39.875,71,11.0,B (Inestable),FastAPI,IO,high
2026-05-06 00:21:59+00:00,9.6,46.23,39.875,64,13.0,B (Inestable),FastAPI,IO,high
2026-05-06 00:22:01+00:00,10.62,45.62,39.875,59,15.0,B (Inestable),FastAPI,IO,high
2026-05-06 00:22:03+00:00,10.11,45.69,39.875,67,17.0,B (Inestable),FastAPI,IO,high
2026-05-06 00:22:05+00:00,7.82,45.57,39.875,48,19.0,B (Inestable),FastAPI,IO,high
2026-05-06 01:55:16+00:00,3.35,41.23,38.875,2,0.0,B (Inestable),FastAPI,CPU,low
2026-05-06 01:55:18+00:00,2.7,41.14,38.875,0,2.0,B (Inestable),FastAPI,CPU,low
2026-05-06 01:55:21+00:00,2.79,41.45,38.875,1,5.0,B (Inestable),FastAPI,CPU,low
2026-05-06 01:55:23+00:00,2.73,41.35,38.875,2,7.0,B (Inestable),FastAPI,CPU,low
2026-05-06 01:55:25+00:00,2.98,41.46,38.875,0,9.0,B (Inestable),FastAPI,CPU,low
2026-05-06 01:55:27+00:00,3.26,41.34,38.875,0,11.0,B (Inestable),FastAPI,CPU,low
2026-05-06 01:55:29+00:00,3.35,41.47,38.875,1,13.0,B (Inestable),FastAPI,CPU,low
2026-05-06 01:55:31+00:00,3.69,41.14,38.875,0,15.0,B (Inestable),FastAPI,CPU,low
2026-05-06 01:55:33+00:00,2.04,41.32,38.875,1,17.0,B (Inestable),FastAPI,CPU,low
2026-05-06 01:55:35+00:00,2.36,41.25,38.875,0,19.0,B (Inestable),FastAPI,CPU,low
2026-05-06 00:51:00+00:00,5.2,32.71,39.5,35,0.0,B (Inestable),Express,IO,medium
2026-05-06 00:51:02+00:00,5.26,33.27,39.5,34,2.0,B (Inestable),Express,IO,medium
2026-05-06 00:51:04+00:00,3.29,35.5,39.5,37,4.0,B (Inestable),Express,IO,medium
2026-05-06 00:51:07+00:00,3.28,35.57,39.5,38,7.0,B (Inestable),Express,IO,medium
2026-05-06 00:51:09+00:00,2.79,35.64,39.5,31,9.0,B (Inestable),Express,IO,medium
2026-05-06 00:51:11+00:00,2.53,35.7,39.5,25,11.0,B (Inestable),Express,IO,medium
2026-05-06 00:51:13+00:00,2.52,35.83,39.5,40,13.0,B (Inestable),Express,IO,medium
2026-05-06 00:51:15+00:00,4.3,36.89,39.5,37,15.0,B (Inestable),Express,IO,medium
2026-05-06 00:51:17+00:00,2.45,36.75,39.5,36,17.0,B (Inestable),Express,IO,medium
2026-05-06 00:51:19+00:00,2.47,36.73,39.5,25,19.0,B (Inestable),Express,IO,medium
2026-05-06 01:36:11+00:00,39.04,33.77,39.0,11,0.0,B (Inestable),Express,CPU,medium
2026-05-06 01:36:13+00:00,36.12,33.95,39.0,4,2.0,B (Inestable),Express,CPU,medium
2026-05-06 01:36:16+00:00,35.04,34.38,39.125,5,5.0,B (Inestable),Express,CPU,medium
2026-05-06 01:36:18+00:00,37.0,34.59,39.125,9,7.0,B (Inestable),Express,CPU,medium
2026-05-06 01:36:20+00:00,38.49,34.31,39.125,3,9.0,B (Inestable),Express,CPU,medium
2026-05-06 01:36:22+00:00,41.32,34.62,39.125,7,11.0,B (Inestable),Express,CPU,medium
2026-05-06 01:36:24+00:00,33.96,40.63,39.125,2,13.0,B (Inestable),Express,CPU,medium
2026-05-06 01:36:26+00:00,35.0,40.98,39.125,6,15.0,B (Inestable),Express,CPU,medium
2026-05-06 01:36:28+00:00,34.74,41.01,39.125,7,17.0,B (Inestable),Express,CPU,medium
2026-05-06 01:36:30+00:00,25.16,41.25,39.125,4,19.0,B (Inestable),Express,CPU,medium
2026-05-06 02:06:43+00:00,44.57,40.07,38.875,2,0.0,B (Inestable),Express,CPU,medium
2026-05-06 02:06:45+00:00,37.92,40.48,38.875,7,2.0,B (Inestable),Express,CPU,medium
2026-05-06 02:06:47+00:00,36.07,42.54,39.0,3,4.0,B (Inestable),Express,CPU,medium
2026-05-06 02:06:49+00:00,39.73,42.95,38.875,6,6.0,B (Inestable),Express,CPU,medium
2026-05-06 02:06:52+00:00,35.85,42.6,38.875,10,9.0,B (Inestable),Express,CPU,medium
2026-05-06 02:06:54+00:00,38.81,42.62,38.875,9,11.0,B (Inestable),Express,CPU,medium
2026-05-06 02:06:56+00:00,31.92,38.23,39.0,8,13.0,B (Inestable),Express,CPU,medium
2026-05-06 02:06:58+00:00,37.22,38.05,39.0,4,15.0,B (Inestable),Express,CPU,medium
2026-05-06 02:07:00+00:00,35.48,38.29,39.0,3,17.0,B (Inestable),Express,CPU,medium
2026-05-06 02:07:02+00:00,25.59,38.45,39.0,1,19.0,B (Inestable),Express,CPU,medium
2026-05-06 01:38:06+00:00,10.58,46.9,39.0,71,0.0,B (Inestable),FastAPI,IO,high
2026-05-06 01:38:08+00:00,10.26,46.7,39.0,83,2.0,B (Inestable),FastAPI,IO,high
2026-05-06 01:38:10+00:00,10.21,47.0,39.0,74,4.0,B (Inestable),FastAPI,IO,high
2026-05-06 01:38:12+00:00,9.13,46.86,39.0,74,6.0,B (Inestable),FastAPI,IO,high
2026-05-06 01:38:14+00:00,9.68,46.87,39.0,75,8.0,B (Inestable),FastAPI,IO,high
2026-05-06 01:38:16+00:00,10.05,47.04,39.0,77,10.0,B (Inestable),FastAPI,IO,high
2026-05-06 01:38:18+00:00,9.81,46.91,39.0,70,12.0,B (Inestable),FastAPI,IO,high
2026-05-06 01:38:20+00:00,9.76,46.9,39.0,78,14.0,B (Inestable),FastAPI,IO,high
2026-05-06 01:38:23+00:00,9.11,46.69,39.0,64,17.0,B (Inestable),FastAPI,IO,high
2026-05-06 01:38:25+00:00,8.07,46.45,39.0,48,19.0,B (Inestable),FastAPI,IO,high
2026-05-06 02:04:11+00:00,7.1,27.53,38.875,2,0.0,B (Inestable),Express,CPU,low
2026-05-06 02:04:13+00:00,7.34,28.24,38.875,1,2.0,B (Inestable),Express,CPU,low
2026-05-06 02:04:15+00:00,8.28,28.39,38.875,0,4.0,B (Inestable),Express,CPU,low
2026-05-06 02:04:17+00:00,8.11,28.97,38.875,1,6.0,B (Inestable),Express,CPU,low
2026-05-06 02:04:19+00:00,8.01,29.39,38.875,1,8.0,B (Inestable),Express,CPU,low
2026-05-06 02:04:21+00:00,8.1,29.95,38.875,0,10.0,B (Inestable),Express,CPU,low
2026-05-06 02:04:23+00:00,6.92,30.5,38.875,2,12.0,B (Inestable),Express,CPU,low
2026-05-06 02:04:26+00:00,7.06,31.11,38.875,2,15.0,B (Inestable),Express,CPU,low
2026-05-06 02:04:28+00:00,8.92,31.28,38.875,1,17.0,B (Inestable),Express,CPU,low
2026-05-06 02:04:30+00:00,7.12,31.64,38.875,0,19.0,B (Inestable),Express,CPU,low
2026-05-06 01:27:55+00:00,5.41,44.25,38.875,37,0.0,B (Inestable),FastAPI,IO,medium
2026-05-06 01:27:57+00:00,5.01,44.43,38.875,37,2.0,B (Inestable),FastAPI,IO,medium
2026-05-06 01:27:59+00:00,4.9,44.57,39.0,45,4.0,B (Inestable),FastAPI,IO,medium
2026-05-06 01:28:01+00:00,4.84,44.21,39.0,34,6.0,B (Inestable),FastAPI,IO,medium
2026-05-06 01:28:03+00:00,4.82,44.5,39.0,36,8.0,B (Inestable),FastAPI,IO,medium
2026-05-06 01:28:06+00:00,4.86,44.36,39.0,32,11.0,B (Inestable),FastAPI,IO,medium
2026-05-06 01:28:08+00:00,5.03,44.53,39.0,35,13.0,B (Inestable),FastAPI,IO,medium
2026-05-06 01:28:10+00:00,5.13,44.6,39.0,35,15.0,B (Inestable),FastAPI,IO,medium
2026-05-06 01:28:12+00:00,5.52,44.61,39.0,37,17.0,B (Inestable),FastAPI,IO,medium
2026-05-06 01:28:14+00:00,4.59,44.31,39.0,25,19.0,B (Inestable),FastAPI,IO,medium
2026-05-06 00:56:44+00:00,12.55,41.7,39.375,4,0.0,B (Inestable),FastAPI,CPU,medium
2026-05-06 00:56:46+00:00,11.42,41.37,39.375,6,2.0,B (Inestable),FastAPI,CPU,medium
2026-05-06 00:56:48+00:00,10.72,41.54,39.375,7,4.0,B (Inestable),FastAPI,CPU,medium
2026-05-06 00:56:50+00:00,12.23,41.44,39.375,7,6.0,B (Inestable),FastAPI,CPU,medium
2026-05-06 00:56:53+00:00,11.42,41.59,39.375,6,9.0,B (Inestable),FastAPI,CPU,medium
2026-05-06 00:56:55+00:00,11.91,41.73,39.5,7,11.0,B (Inestable),FastAPI,CPU,medium
2026-05-06 00:56:57+00:00,10.45,41.5,39.5,6,13.0,B (Inestable),FastAPI,CPU,medium
2026-05-06 00:56:59+00:00,12.78,41.42,39.5,2,15.0,B (Inestable),FastAPI,CPU,medium
2026-05-06 00:57:01+00:00,11.13,41.56,39.5,4,17.0,B (Inestable),FastAPI,CPU,medium
2026-05-06 00:57:03+00:00,7.4,41.58,39.5,4,19.0,B (Inestable),FastAPI,CPU,medium
2026-05-06 01:34:55+00:00,10.62,43.63,38.875,6,0.0,B (Inestable),FastAPI,CPU,medium
2026-05-06 01:34:57+00:00,13.25,43.77,38.875,4,2.0,B (Inestable),FastAPI,CPU,medium
2026-05-06 01:34:59+00:00,11.5,43.66,38.875,4,4.0,B (Inestable),FastAPI,CPU,medium
2026-05-06 01:35:01+00:00,12.98,43.79,38.875,4,6.0,B (Inestable),FastAPI,CPU,medium
2026-05-06 01:35:03+00:00,13.21,43.71,38.875,2,8.0,B (Inestable),FastAPI,CPU,medium
2026-05-06 01:35:05+00:00,12.24,43.55,39.0,4,10.0,B (Inestable),FastAPI,CPU,medium
2026-05-06 01:35:07+00:00,11.72,43.44,39.0,3,12.0,B (Inestable),FastAPI,CPU,medium
2026-05-06 01:35:10+00:00,9.81,43.85,38.875,4,15.0,B (Inestable),FastAPI,CPU,medium
2026-05-06 01:35:12+00:00,11.31,43.59,39.0,9,17.0,B (Inestable),FastAPI,CPU,medium
2026-05-06 01:35:14+00:00,9.63,43.87,39.0,6,19.0,B (Inestable),FastAPI,CPU,medium
2026-05-06 01:14:33+00:00,20.94,41.53,39.125,12,0.0,B (Inestable),FastAPI,CPU,high
2026-05-06 01:14:35+00:00,24.41,41.43,39.125,11,2.0,B (Inestable),FastAPI,CPU,high
2026-05-06 01:14:37+00:00,23.02,41.83,39.125,10,4.0,B (Inestable),FastAPI,CPU,high
2026-05-06 01:14:39+00:00,20.95,41.43,39.125,10,6.0,B (Inestable),FastAPI,CPU,high
2026-05-06 01:14:42+00:00,24.58,41.64,39.125,12,9.0,B (Inestable),FastAPI,CPU,high
2026-05-06 01:14:44+00:00,19.8,41.79,39.125,11,11.0,B (Inestable),FastAPI,CPU,high
2026-05-06 01:14:46+00:00,23.09,41.86,39.25,20,13.0,B (Inestable),FastAPI,CPU,high
2026-05-06 01:14:48+00:00,22.12,41.98,39.25,12,15.0,B (Inestable),FastAPI,CPU,high
2026-05-06 01:14:50+00:00,22.13,41.6,39.25,15,17.0,B (Inestable),FastAPI,CPU,high
2026-05-06 01:14:52+00:00,16.84,41.47,39.25,4,19.0,B (Inestable),FastAPI,CPU,high
2026-05-06 01:40:38+00:00,1.45,42.15,38.875,9,0.0,B (Inestable),FastAPI,IO,low
2026-05-06 01:40:40+00:00,1.14,42.08,38.875,13,2.0,B (Inestable),FastAPI,IO,low
2026-05-06 01:40:43+00:00,1.09,42.27,38.875,10,5.0,B (Inestable),FastAPI,IO,low
2026-05-06 01:40:45+00:00,1.45,42.62,38.875,8,7.0,B (Inestable),FastAPI,IO,low
2026-05-06 01:40:47+00:00,2.04,42.74,38.875,9,9.0,B (Inestable),FastAPI,IO,low
2026-05-06 01:40:49+00:00,1.59,42.57,38.875,10,11.0,B (Inestable),FastAPI,IO,low
2026-05-06 01:40:51+00:00,1.43,42.51,38.875,13,13.0,B (Inestable),FastAPI,IO,low
2026-05-06 01:40:53+00:00,1.79,42.59,38.875,7,15.0,B (Inestable),FastAPI,IO,low
2026-05-06 01:40:55+00:00,1.71,42.67,38.875,7,17.0,B (Inestable),FastAPI,IO,low
2026-05-06 01:40:57+00:00,1.33,42.76,38.875,4,19.0,B (Inestable),FastAPI,IO,low
2026-05-06 01:03:06+00:00,8.1,27.15,39.25,2,0.0,B (Inestable),Express,CPU,low
2026-05-06 01:03:08+00:00,8.1,27.78,39.25,1,2.0,B (Inestable),Express,CPU,low
2026-05-06 01:03:10+00:00,7.19,28.12,39.25,2,4.0,B (Inestable),Express,CPU,low
2026-05-06 01:03:12+00:00,8.22,28.57,39.25,2,6.0,B (Inestable),Express,CPU,low
2026-05-06 01:03:14+00:00,10.04,29.12,39.25,0,8.0,B (Inestable),Express,CPU,low
2026-05-06 01:03:16+00:00,10.04,29.61,39.25,0,10.0,B (Inestable),Express,CPU,low
2026-05-06 01:03:18+00:00,7.91,30.23,39.25,1,12.0,B (Inestable),Express,CPU,low
2026-05-06 01:03:20+00:00,8.83,30.89,39.25,0,14.0,B (Inestable),Express,CPU,low
2026-05-06 01:03:22+00:00,6.95,30.83,39.375,2,16.0,B (Inestable),Express,CPU,low
2026-05-06 01:03:25+00:00,6.11,31.55,39.375,1,19.0,B (Inestable),Express,CPU,low
2026-05-06 02:07:59+00:00,24.38,41.6,38.875,8,0.0,B (Inestable),FastAPI,CPU,high
2026-05-06 02:08:02+00:00,21.34,41.5,38.875,12,3.0,B (Inestable),FastAPI,CPU,high
2026-05-06 02:08:04+00:00,23.97,41.62,39.0,10,5.0,B (Inestable),FastAPI,CPU,high
2026-05-06 02:08:06+00:00,24.43,41.91,39.0,12,7.0,B (Inestable),FastAPI,CPU,high
2026-05-06 02:08:08+00:00,22.88,41.73,39.0,11,9.0,B (Inestable),FastAPI,CPU,high
2026-05-06 02:08:10+00:00,25.22,41.84,39.0,6,11.0,B (Inestable),FastAPI,CPU,high
2026-05-06 02:08:12+00:00,24.3,41.76,39.0,10,13.0,B (Inestable),FastAPI,CPU,high
2026-05-06 02:08:14+00:00,24.03,41.48,39.0,10,15.0,B (Inestable),FastAPI,CPU,high
2026-05-06 02:08:16+00:00,23.38,41.49,39.0,14,17.0,B (Inestable),FastAPI,CPU,high
2026-05-06 02:08:19+00:00,18.96,41.37,39.0,4,20.0,B (Inestable),FastAPI,CPU,high
2026-05-06 00:40:12+00:00,7.13,27.6,39.625,2,0.0,B (Inestable),Express,CPU,low
2026-05-06 00:40:15+00:00,8.11,28.42,39.625,1,3.0,B (Inestable),Express,CPU,low
2026-05-06 00:40:17+00:00,10.16,28.7,39.625,0,5.0,B (Inestable),Express,CPU,low
2026-05-06 00:40:19+00:00,8.21,29.32,39.625,0,7.0,B (Inestable),Express,CPU,low
2026-05-06 00:40:21+00:00,9.23,29.77,39.625,0,9.0,B (Inestable),Express,CPU,low
2026-05-06 00:40:23+00:00,9.04,30.07,39.625,0,11.0,B (Inestable),Express,CPU,low
2026-05-06 00:40:25+00:00,8.97,30.73,39.625,0,13.0,B (Inestable),Express,CPU,low
2026-05-06 00:40:27+00:00,6.51,30.69,39.625,1,15.0,B (Inestable),Express,CPU,low
2026-05-06 00:40:29+00:00,9.57,31.38,39.75,2,17.0,B (Inestable),Express,CPU,low
2026-05-06 00:40:31+00:00,7.03,31.88,39.75,1,19.0,B (Inestable),Express,CPU,low
2026-05-06 02:04:49+00:00,1.35,27.62,38.75,9,0.0,B (Inestable),Express,IO,low
2026-05-06 02:04:51+00:00,1.14,27.88,38.75,9,2.0,B (Inestable),Express,IO,low
2026-05-06 02:04:53+00:00,1.12,28.25,38.75,9,4.0,B (Inestable),Express,IO,low
2026-05-06 02:04:55+00:00,1.46,28.57,38.75,10,6.0,B (Inestable),Express,IO,low
2026-05-06 02:04:57+00:00,1.19,28.82,38.75,8,8.0,B (Inestable),Express,IO,low
2026-05-06 02:04:59+00:00,1.14,28.83,38.875,10,10.0,B (Inestable),Express,IO,low
2026-05-06 02:05:01+00:00,0.95,29.42,38.875,10,12.0,B (Inestable),Express,IO,low
2026-05-06 02:05:04+00:00,1.07,29.95,38.875,11,15.0,B (Inestable),Express,IO,low
2026-05-06 02:05:06+00:00,1.47,30.28,38.875,9,17.0,B (Inestable),Express,IO,low
2026-05-06 02:05:08+00:00,1.33,30.5,38.875,7,19.0,B (Inestable),Express,IO,low
2026-05-06 01:41:16+00:00,9.11,27.39,38.75,0,0.0,B (Inestable),Express,CPU,low
2026-05-06 01:41:19+00:00,9.2,28.29,38.75,1,3.0,B (Inestable),Express,CPU,low
2026-05-06 01:41:21+00:00,6.23,28.45,38.75,0,5.0,B (Inestable),Express,CPU,low
2026-05-06 01:41:23+00:00,9.79,29.2,38.875,2,7.0,B (Inestable),Express,CPU,low
2026-05-06 01:41:25+00:00,10.34,29.56,38.875,2,9.0,B (Inestable),Express,CPU,low
2026-05-06 01:41:27+00:00,5.7,30.26,38.875,1,11.0,B (Inestable),Express,CPU,low
2026-05-06 01:41:29+00:00,7.91,30.37,38.875,5,13.0,B (Inestable),Express,CPU,low
2026-05-06 01:41:31+00:00,7.09,30.7,38.875,0,15.0,B (Inestable),Express,CPU,low
2026-05-06 01:41:33+00:00,8.87,31.25,38.875,1,17.0,B (Inestable),Express,CPU,low
2026-05-06 01:41:35+00:00,6.23,32.0,38.875,3,19.0,B (Inestable),Express,CPU,low
2026-05-06 00:30:03+00:00,78.1,51.52,40.125,12,0.0,B (Inestable),Express,CPU,high
2026-05-06 00:30:05+00:00,75.7,42.9,40.125,12,2.0,B (Inestable),Express,CPU,high
2026-05-06 00:30:07+00:00,67.11,46.58,40.125,12,4.0,B (Inestable),Express,CPU,high
2026-05-06 00:30:09+00:00,68.41,46.81,40.125,15,6.0,B (Inestable),Express,CPU,high
2026-05-06 00:30:11+00:00,72.7,47.46,40.125,12,8.0,B (Inestable),Express,CPU,high
2026-05-06 00:30:13+00:00,61.24,46.73,40.125,16,10.0,B (Inestable),Express,CPU,high
2026-05-06 00:30:15+00:00,74.73,42.27,40.125,12,12.0,B (Inestable),Express,CPU,high
2026-05-06 00:30:18+00:00,64.41,42.2,40.125,15,15.0,B (Inestable),Express,CPU,high
2026-05-06 00:30:20+00:00,69.56,46.41,40.125,19,17.0,B (Inestable),Express,CPU,high
2026-05-06 00:30:22+00:00,40.4,46.06,40.125,5,19.0,B (Inestable),Express,CPU,high
2026-05-06 01:42:33+00:00,12.48,41.38,38.875,13,0.0,B (Inestable),FastAPI,CPU,medium
2026-05-06 01:42:35+00:00,11.51,41.3,38.875,9,2.0,B (Inestable),FastAPI,CPU,medium
2026-05-06 01:42:37+00:00,10.14,41.44,38.875,5,4.0,B (Inestable),FastAPI,CPU,medium
2026-05-06 01:42:39+00:00,13.01,41.42,38.875,5,6.0,B (Inestable),FastAPI,CPU,medium
2026-05-06 01:42:41+00:00,11.95,41.58,38.875,6,8.0,B (Inestable),FastAPI,CPU,medium
2026-05-06 01:42:43+00:00,12.74,41.39,38.875,6,10.0,B (Inestable),FastAPI,CPU,medium
2026-05-06 01:42:45+00:00,12.5,41.49,38.875,6,12.0,B (Inestable),FastAPI,CPU,medium
2026-05-06 01:42:47+00:00,11.68,41.36,38.875,6,14.0,B (Inestable),FastAPI,CPU,medium
2026-05-06 01:42:49+00:00,11.23,41.26,38.875,8,16.0,B (Inestable),FastAPI,CPU,medium
2026-05-06 01:42:52+00:00,10.22,41.12,38.875,3,19.0,B (Inestable),FastAPI,CPU,medium
2026-05-06 01:01:11+00:00,6.61,37.47,39.5,65,0.0,B (Inestable),Express,IO,high
2026-05-06 01:01:13+00:00,4.0,37.19,39.5,71,2.0,B (Inestable),Express,IO,high
2026-05-06 01:01:16+00:00,6.7,37.86,39.375,71,5.0,B (Inestable),Express,IO,high
2026-05-06 01:01:18+00:00,4.32,37.74,39.5,64,7.0,B (Inestable),Express,IO,high
2026-05-06 01:01:20+00:00,4.2,37.93,39.5,71,9.0,B (Inestable),Express,IO,high
2026-05-06 01:01:22+00:00,4.52,38.02,39.5,78,11.0,B (Inestable),Express,IO,high
2026-05-06 01:01:24+00:00,4.48,37.94,39.5,58,13.0,B (Inestable),Express,IO,high
2026-05-06 01:01:26+00:00,4.66,37.43,39.5,72,15.0,B (Inestable),Express,IO,high
2026-05-06 01:01:28+00:00,5.29,37.54,39.5,66,17.0,B (Inestable),Express,IO,high
2026-05-06 01:01:30+00:00,3.38,37.93,39.5,52,19.0,B (Inestable),Express,IO,high
2026-05-06 00:39:34+00:00,1.27,41.79,39.625,10,0.0,B (Inestable),FastAPI,IO,low
2026-05-06 00:39:36+00:00,1.16,41.98,39.625,7,2.0,B (Inestable),FastAPI,IO,low
2026-05-06 00:39:39+00:00,1.57,42.07,39.625,8,5.0,B (Inestable),FastAPI,IO,low
2026-05-06 00:39:41+00:00,1.53,42.48,39.625,10,7.0,B (Inestable),FastAPI,IO,low
2026-05-06 00:39:43+00:00,1.4,42.44,39.625,6,9.0,B (Inestable),FastAPI,IO,low
2026-05-06 00:39:45+00:00,1.41,42.64,39.75,6,11.0,B (Inestable),FastAPI,IO,low
2026-05-06 00:39:47+00:00,1.53,42.53,39.625,5,13.0,B (Inestable),FastAPI,IO,low
2026-05-06 00:39:49+00:00,1.26,42.66,39.625,8,15.0,B (Inestable),FastAPI,IO,low
2026-05-06 00:39:51+00:00,1.39,42.81,39.625,6,17.0,B (Inestable),FastAPI,IO,low
2026-05-06 00:39:53+00:00,1.36,42.93,39.625,6,19.0,B (Inestable),FastAPI,IO,low
2026-05-06 00:42:06+00:00,5.11,45.07,39.625,35,0.0,B (Inestable),FastAPI,IO,medium
2026-05-06 00:42:09+00:00,5.19,45.43,39.625,34,3.0,B (Inestable),FastAPI,IO,medium
2026-05-06 00:42:11+00:00,4.6,45.9,39.625,40,5.0,B (Inestable),FastAPI,IO,medium
2026-05-06 00:42:13+00:00,5.2,45.77,39.625,31,7.0,B (Inestable),FastAPI,IO,medium
2026-05-06 00:42:15+00:00,4.51,45.71,39.625,35,9.0,B (Inestable),FastAPI,IO,medium
2026-05-06 00:42:17+00:00,5.33,45.39,39.625,30,11.0,B (Inestable),FastAPI,IO,medium
2026-05-06 00:42:19+00:00,5.1,45.57,39.625,34,13.0,B (Inestable),FastAPI,IO,medium
2026-05-06 00:42:21+00:00,4.93,45.61,39.625,34,15.0,B (Inestable),FastAPI,IO,medium
2026-05-06 00:42:23+00:00,5.04,45.67,39.625,40,17.0,B (Inestable),FastAPI,IO,medium
2026-05-06 00:42:25+00:00,5.5,45.71,39.625,32,19.0,B (Inestable),FastAPI,IO,medium
2026-05-06 01:52:05+00:00,4.78,32.41,38.875,41,0.0,B (Inestable),Express,IO,medium
2026-05-06 01:52:07+00:00,6.13,34.41,38.875,38,2.0,B (Inestable),Express,IO,medium
2026-05-06 01:52:09+00:00,5.48,35.94,38.875,34,4.0,B (Inestable),Express,IO,medium
2026-05-06 01:52:11+00:00,2.97,35.92,38.875,34,6.0,B (Inestable),Express,IO,medium
2026-05-06 01:52:13+00:00,3.0,35.84,38.875,33,8.0,B (Inestable),Express,IO,medium
2026-05-06 01:52:15+00:00,2.65,36.24,38.875,34,10.0,B (Inestable),Express,IO,medium
2026-05-06 01:52:18+00:00,3.06,36.63,38.875,33,13.0,B (Inestable),Express,IO,medium
2026-05-06 01:52:20+00:00,3.05,37.36,38.875,40,15.0,B (Inestable),Express,IO,medium
2026-05-06 01:52:22+00:00,2.46,37.19,38.875,36,17.0,B (Inestable),Express,IO,medium
2026-05-06 01:52:24+00:00,2.7,37.04,39.0,27,19.0,B (Inestable),Express,IO,medium
2026-05-06 00:20:30+00:00,4.96,33.37,39.625,40,0.0,B (Inestable),Express,IO,medium
2026-05-06 00:20:32+00:00,4.73,33.37,39.75,30,2.0,B (Inestable),Express,IO,medium
2026-05-06 00:20:34+00:00,3.06,35.34,39.75,39,4.0,B (Inestable),Express,IO,medium
2026-05-06 00:20:36+00:00,2.0,35.96,39.75,35,6.0,B (Inestable),Express,IO,medium
2026-05-06 00:20:38+00:00,2.79,35.76,39.75,36,8.0,B (Inestable),Express,IO,medium
2026-05-06 00:20:40+00:00,3.03,35.98,39.75,36,10.0,B (Inestable),Express,IO,medium
2026-05-06 00:20:42+00:00,2.34,35.9,39.75,32,12.0,B (Inestable),Express,IO,medium
2026-05-06 00:20:45+00:00,2.65,36.54,39.75,33,15.0,B (Inestable),Express,IO,medium
2026-05-06 00:20:47+00:00,2.91,36.85,39.75,41,17.0,B (Inestable),Express,IO,medium
2026-05-06 00:20:49+00:00,3.01,37.06,39.75,32,19.0,B (Inestable),Express,IO,medium
2026-05-06 02:08:38+00:00,9.03,45.76,38.875,61,0.0,B (Inestable),FastAPI,IO,high
2026-05-06 02:08:40+00:00,9.4,45.74,38.875,67,2.0,B (Inestable),FastAPI,IO,high
2026-05-06 02:08:42+00:00,9.43,45.9,38.875,70,4.0,B (Inestable),FastAPI,IO,high
2026-05-06 02:08:44+00:00,9.74,45.73,38.875,61,6.0,B (Inestable),FastAPI,IO,high
2026-05-06 02:08:46+00:00,9.23,45.6,38.875,76,8.0,B (Inestable),FastAPI,IO,high
2026-05-06 02:08:48+00:00,10.37,45.69,38.875,64,10.0,B (Inestable),FastAPI,IO,high
2026-05-06 02:08:50+00:00,10.3,45.6,38.875,75,12.0,B (Inestable),FastAPI,IO,high
2026-05-06 02:08:52+00:00,10.57,45.67,38.875,72,14.0,B (Inestable),FastAPI,IO,high
2026-05-06 02:08:55+00:00,10.93,45.6,38.875,73,17.0,B (Inestable),FastAPI,IO,high
2026-05-06 02:08:57+00:00,8.91,45.63,38.875,50,19.0,B (Inestable),FastAPI,IO,high
2026-05-06 00:26:51+00:00,5.45,45.25,39.875,47,0.0,B (Inestable),FastAPI,IO,medium
2026-05-06 00:26:54+00:00,5.63,45.31,39.875,37,3.0,B (Inestable),FastAPI,IO,medium
2026-05-06 00:26:56+00:00,5.38,45.55,39.875,37,5.0,B (Inestable),FastAPI,IO,medium
2026-05-06 00:26:58+00:00,5.52,45.38,39.875,38,7.0,B (Inestable),FastAPI,IO,medium
2026-05-06 00:27:00+00:00,6.14,45.59,39.875,40,9.0,B (Inestable),FastAPI,IO,medium
2026-05-06 00:27:02+00:00,6.06,45.65,39.875,36,11.0,B (Inestable),FastAPI,IO,medium
2026-05-06 00:27:04+00:00,5.5,45.67,39.875,36,13.0,B (Inestable),FastAPI,IO,medium
2026-05-06 00:27:06+00:00,5.48,45.71,40.0,31,15.0,B (Inestable),FastAPI,IO,medium
2026-05-06 00:27:08+00:00,5.53,45.91,40.0,33,17.0,B (Inestable),FastAPI,IO,medium
2026-05-06 00:27:10+00:00,4.68,45.49,40.0,24,19.0,B (Inestable),FastAPI,IO,medium
2026-05-06 00:58:39+00:00,4.61,33.23,39.375,45,0.0,B (Inestable),Express,IO,medium
2026-05-06 00:58:41+00:00,4.8,34.82,39.375,49,2.0,B (Inestable),Express,IO,medium
2026-05-06 00:58:43+00:00,3.1,35.76,39.375,43,4.0,B (Inestable),Express,IO,medium
2026-05-06 00:58:45+00:00,3.02,36.08,39.375,43,6.0,B (Inestable),Express,IO,medium
2026-05-06 00:58:47+00:00,3.23,36.16,39.375,41,8.0,B (Inestable),Express,IO,medium
2026-05-06 00:58:49+00:00,2.72,36.01,39.375,41,10.0,B (Inestable),Express,IO,medium
2026-05-06 00:58:51+00:00,3.29,37.69,39.375,34,12.0,B (Inestable),Express,IO,medium
2026-05-06 00:58:53+00:00,2.54,37.1,39.375,38,14.0,B (Inestable),Express,IO,medium
2026-05-06 00:58:56+00:00,2.75,37.08,39.375,43,17.0,B (Inestable),Express,IO,medium
2026-05-06 00:58:58+00:00,2.5,37.21,39.375,29,19.0,B (Inestable),Express,IO,medium
2026-05-06 01:12:00+00:00,12.39,43.68,39.125,3,0.0,B (Inestable),FastAPI,CPU,medium
2026-05-06 01:12:02+00:00,13.64,43.6,39.125,3,2.0,B (Inestable),FastAPI,CPU,medium
2026-05-06 01:12:04+00:00,11.78,43.5,39.125,4,4.0,B (Inestable),FastAPI,CPU,medium
2026-05-06 01:12:07+00:00,11.48,43.83,39.125,6,7.0,B (Inestable),FastAPI,CPU,medium
2026-05-06 01:12:09+00:00,11.17,43.74,39.125,8,9.0,B (Inestable),FastAPI,CPU,medium
2026-05-06 01:12:11+00:00,11.13,43.66,39.125,3,11.0,B (Inestable),FastAPI,CPU,medium
2026-05-06 01:12:13+00:00,12.58,43.58,39.125,4,13.0,B (Inestable),FastAPI,CPU,medium
2026-05-06 01:12:15+00:00,10.27,43.83,39.125,4,15.0,B (Inestable),FastAPI,CPU,medium
2026-05-06 01:12:17+00:00,10.66,43.78,39.125,3,17.0,B (Inestable),FastAPI,CPU,medium
2026-05-06 01:12:19+00:00,8.81,43.56,39.125,4,19.0,B (Inestable),FastAPI,CPU,medium
2026-05-06 01:40:00+00:00,3.32,41.56,38.875,2,0.0,B (Inestable),FastAPI,CPU,low
2026-05-06 01:40:02+00:00,2.02,41.46,38.875,1,2.0,B (Inestable),FastAPI,CPU,low
2026-05-06 01:40:05+00:00,2.34,41.14,38.875,3,5.0,B (Inestable),FastAPI,CPU,low
2026-05-06 01:40:07+00:00,3.2,41.32,38.875,1,7.0,B (Inestable),FastAPI,CPU,low
2026-05-06 01:40:09+00:00,2.63,41.5,38.875,2,9.0,B (Inestable),FastAPI,CPU,low
2026-05-06 01:40:11+00:00,2.94,41.18,38.875,1,11.0,B (Inestable),FastAPI,CPU,low
2026-05-06 01:40:13+00:00,2.95,41.36,38.875,0,13.0,B (Inestable),FastAPI,CPU,low
2026-05-06 01:40:15+00:00,3.02,41.41,38.875,1,15.0,B (Inestable),FastAPI,CPU,low
2026-05-06 01:40:17+00:00,2.67,41.49,38.875,0,17.0,B (Inestable),FastAPI,CPU,low
2026-05-06 01:40:19+00:00,2.34,41.38,38.875,1,19.0,B (Inestable),FastAPI,CPU,low
2026-05-06 00:52:55+00:00,83.01,45.47,39.625,8,0.0,B (Inestable),Express,CPU,high
2026-05-06 00:52:57+00:00,68.9,45.25,39.625,10,2.0,B (Inestable),Express,CPU,high
2026-05-06 00:52:59+00:00,68.42,45.3,39.75,10,4.0,B (Inestable),Express,CPU,high
2026-05-06 00:53:01+00:00,67.51,45.24,39.75,17,6.0,B (Inestable),Express,CPU,high
2026-05-06 00:53:04+00:00,77.1,45.52,39.75,14,9.0,B (Inestable),Express,CPU,high
2026-05-06 00:53:06+00:00,72.78,45.14,39.75,11,11.0,B (Inestable),Express,CPU,high
2026-05-06 00:53:08+00:00,78.72,40.63,39.75,8,13.0,B (Inestable),Express,CPU,high
2026-05-06 00:53:10+00:00,70.64,40.43,39.875,14,15.0,B (Inestable),Express,CPU,high
2026-05-06 00:53:12+00:00,77.01,44.13,39.875,12,17.0,B (Inestable),Express,CPU,high
2026-05-06 00:53:14+00:00,44.14,44.11,39.875,5,19.0,B (Inestable),Express,CPU,high
2026-05-06 01:45:44+00:00,9.64,47.9,38.875,65,0.0,B (Inestable),FastAPI,IO,high
2026-05-06 01:45:46+00:00,8.95,47.35,38.875,67,2.0,B (Inestable),FastAPI,IO,high
2026-05-06 01:45:48+00:00,10.18,47.51,38.875,62,4.0,B (Inestable),FastAPI,IO,high
2026-05-06 01:45:50+00:00,10.51,47.67,38.875,67,6.0,B (Inestable),FastAPI,IO,high
2026-05-06 01:45:52+00:00,10.22,47.41,38.875,61,8.0,B (Inestable),FastAPI,IO,high
2026-05-06 01:45:54+00:00,9.68,47.61,38.875,59,10.0,B (Inestable),FastAPI,IO,high
2026-05-06 01:45:56+00:00,10.33,47.5,38.875,64,12.0,B (Inestable),FastAPI,IO,high
2026-05-06 01:45:58+00:00,8.56,47.39,38.875,64,14.0,B (Inestable),FastAPI,IO,high
2026-05-06 01:46:00+00:00,10.56,47.41,39.0,74,16.0,B (Inestable),FastAPI,IO,high
2026-05-06 01:46:03+00:00,8.9,47.25,39.0,48,19.0,B (Inestable),FastAPI,IO,high
2026-05-06 00:51:38+00:00,21.57,41.49,39.625,17,0.0,B (Inestable),FastAPI,CPU,high
2026-05-06 00:51:41+00:00,24.99,41.67,39.625,15,3.0,B (Inestable),FastAPI,CPU,high
2026-05-06 00:51:43+00:00,22.86,41.73,39.625,8,5.0,B (Inestable),FastAPI,CPU,high
2026-05-06 00:51:45+00:00,22.67,41.54,39.625,12,7.0,B (Inestable),FastAPI,CPU,high
2026-05-06 00:51:47+00:00,22.92,41.72,39.625,11,9.0,B (Inestable),FastAPI,CPU,high
2026-05-06 00:51:49+00:00,24.24,41.57,39.625,9,11.0,B (Inestable),FastAPI,CPU,high
2026-05-06 00:51:51+00:00,22.96,41.4,39.625,7,13.0,B (Inestable),FastAPI,CPU,high
2026-05-06 00:51:53+00:00,24.34,41.54,39.625,9,15.0,B (Inestable),FastAPI,CPU,high
2026-05-06 00:51:55+00:00,22.0,41.67,39.625,8,17.0,B (Inestable),FastAPI,CPU,high
2026-05-06 00:51:58+00:00,18.51,41.6,39.625,3,20.0,B (Inestable),FastAPI,CPU,high
2026-05-06 00:31:57+00:00,1.72,43.99,39.75,9,0.0,B (Inestable),FastAPI,IO,low
2026-05-06 00:31:59+00:00,1.63,43.85,39.75,10,2.0,B (Inestable),FastAPI,IO,low
2026-05-06 00:32:01+00:00,1.55,44.29,39.75,11,4.0,B (Inestable),FastAPI,IO,low
2026-05-06 00:32:03+00:00,1.5,44.44,39.625,11,6.0,B (Inestable),FastAPI,IO,low
2026-05-06 00:32:05+00:00,1.63,44.64,39.625,8,8.0,B (Inestable),FastAPI,IO,low
2026-05-06 00:32:07+00:00,1.0,44.79,39.625,9,10.0,B (Inestable),FastAPI,IO,low
2026-05-06 00:32:10+00:00,1.5,44.72,39.75,11,13.0,B (Inestable),FastAPI,IO,low
2026-05-06 00:32:12+00:00,1.87,44.89,39.75,9,15.0,B (Inestable),FastAPI,IO,low
2026-05-06 00:32:14+00:00,1.84,44.8,39.75,9,17.0,B (Inestable),FastAPI,IO,low
2026-05-06 00:32:16+00:00,1.53,44.81,39.75,6,19.0,B (Inestable),FastAPI,IO,low
2026-05-06 01:48:16+00:00,1.25,42.32,38.875,11,0.0,B (Inestable),FastAPI,IO,low
2026-05-06 01:48:19+00:00,1.6,42.15,38.875,12,3.0,B (Inestable),FastAPI,IO,low
2026-05-06 01:48:21+00:00,1.46,42.35,38.875,9,5.0,B (Inestable),FastAPI,IO,low
2026-05-06 01:48:23+00:00,1.85,42.11,38.875,10,7.0,B (Inestable),FastAPI,IO,low
2026-05-06 01:48:25+00:00,1.45,42.28,38.875,8,9.0,B (Inestable),FastAPI,IO,low
2026-05-06 01:48:27+00:00,1.59,42.45,38.875,10,11.0,B (Inestable),FastAPI,IO,low
2026-05-06 01:48:29+00:00,1.21,42.61,38.875,10,13.0,B (Inestable),FastAPI,IO,low
2026-05-06 01:48:31+00:00,1.47,42.8,38.875,12,15.0,B (Inestable),FastAPI,IO,low
2026-05-06 01:48:33+00:00,1.39,42.88,38.875,8,17.0,B (Inestable),FastAPI,IO,low
2026-05-06 01:48:35+00:00,1.56,43.07,38.875,8,19.0,B (Inestable),FastAPI,IO,low
2026-05-06 01:28:33+00:00,37.1,33.56,39.0,4,0.0,B (Inestable),Express,CPU,medium
2026-05-06 01:28:35+00:00,36.22,33.85,39.0,4,2.0,B (Inestable),Express,CPU,medium
2026-05-06 01:28:37+00:00,42.13,34.27,39.125,2,4.0,B (Inestable),Express,CPU,medium
2026-05-06 01:28:39+00:00,27.66,34.07,39.125,6,6.0,B (Inestable),Express,CPU,medium
2026-05-06 01:28:42+00:00,36.03,34.39,39.125,4,9.0,B (Inestable),Express,CPU,medium
2026-05-06 01:28:44+00:00,36.73,34.59,39.125,1,11.0,B (Inestable),Express,CPU,medium
2026-05-06 01:28:46+00:00,36.97,41.18,39.125,4,13.0,B (Inestable),Express,CPU,medium
2026-05-06 01:28:48+00:00,35.38,42.02,39.125,4,15.0,B (Inestable),Express,CPU,medium
2026-05-06 01:28:50+00:00,33.5,42.03,39.125,4,17.0,B (Inestable),Express,CPU,medium
2026-05-06 01:28:52+00:00,28.23,41.77,39.125,2,19.0,B (Inestable),Express,CPU,medium
2026-05-06 00:28:08+00:00,5.13,33.12,39.875,33,0.0,B (Inestable),Express,IO,medium
2026-05-06 00:28:10+00:00,6.52,33.81,39.875,33,2.0,B (Inestable),Express,IO,medium
2026-05-06 00:28:12+00:00,3.14,35.36,39.875,28,4.0,B (Inestable),Express,IO,medium
2026-05-06 00:28:14+00:00,3.04,36.04,39.875,47,6.0,B (Inestable),Express,IO,medium
2026-05-06 00:28:16+00:00,3.13,36.13,40.0,40,8.0,B (Inestable),Express,IO,medium
2026-05-06 00:28:19+00:00,2.91,35.84,40.0,39,11.0,B (Inestable),Express,IO,medium
2026-05-06 00:28:21+00:00,2.76,36.05,40.0,39,13.0,B (Inestable),Express,IO,medium
2026-05-06 00:28:23+00:00,3.14,37.26,40.0,34,15.0,B (Inestable),Express,IO,medium
2026-05-06 00:28:25+00:00,2.87,37.71,40.0,31,17.0,B (Inestable),Express,IO,medium
2026-05-06 00:28:27+00:00,2.8,37.18,40.0,30,19.0,B (Inestable),Express,IO,medium
2026-05-06 00:26:13+00:00,11.23,41.43,39.875,6,0.0,B (Inestable),FastAPI,CPU,medium
2026-05-06 00:26:15+00:00,11.43,41.6,39.875,6,2.0,B (Inestable),FastAPI,CPU,medium
2026-05-06 00:26:17+00:00,11.93,41.45,39.875,11,4.0,B (Inestable),FastAPI,CPU,medium
2026-05-06 00:26:20+00:00,13.06,41.28,39.875,2,7.0,B (Inestable),FastAPI,CPU,medium
2026-05-06 00:26:22+00:00,11.18,41.56,39.875,4,9.0,B (Inestable),FastAPI,CPU,medium
2026-05-06 00:26:24+00:00,12.32,41.69,40.0,2,11.0,B (Inestable),FastAPI,CPU,medium
2026-05-06 00:26:26+00:00,10.53,41.56,40.0,4,13.0,B (Inestable),FastAPI,CPU,medium
2026-05-06 00:26:28+00:00,13.15,41.39,39.875,11,15.0,B (Inestable),FastAPI,CPU,medium
2026-05-06 00:26:30+00:00,11.4,41.54,39.875,6,17.0,B (Inestable),FastAPI,CPU,medium
2026-05-06 00:26:32+00:00,9.36,41.45,39.875,1,19.0,B (Inestable),FastAPI,CPU,medium
2026-05-06 01:43:49+00:00,36.05,39.61,39.0,5,0.0,B (Inestable),Express,CPU,medium
2026-05-06 01:43:51+00:00,37.32,40.06,39.0,11,2.0,B (Inestable),Express,CPU,medium
2026-05-06 01:43:53+00:00,37.12,42.87,39.0,8,4.0,B (Inestable),Express,CPU,medium
2026-05-06 01:43:55+00:00,29.54,42.84,39.0,5,6.0,B (Inestable),Express,CPU,medium
2026-05-06 01:43:57+00:00,33.13,42.94,39.0,9,8.0,B (Inestable),Express,CPU,medium
2026-05-06 01:44:00+00:00,39.37,43.05,39.0,8,11.0,B (Inestable),Express,CPU,medium
2026-05-06 01:44:02+00:00,33.46,43.43,39.0,4,13.0,B (Inestable),Express,CPU,medium
2026-05-06 01:44:04+00:00,30.08,43.64,39.0,5,15.0,B (Inestable),Express,CPU,medium
2026-05-06 01:44:06+00:00,27.11,43.49,39.0,16,17.0,B (Inestable),Express,CPU,medium
2026-05-06 01:44:08+00:00,21.33,43.25,39.0,4,19.0,B (Inestable),Express,CPU,medium
2026-05-06 01:17:06+00:00,2.45,41.44,39.125,1,0.0,B (Inestable),FastAPI,CPU,low
2026-05-06 01:17:08+00:00,2.04,41.35,39.125,1,2.0,B (Inestable),FastAPI,CPU,low
2026-05-06 01:17:10+00:00,2.39,41.4,39.125,1,4.0,B (Inestable),FastAPI,CPU,low
2026-05-06 01:17:12+00:00,2.67,41.32,39.125,0,6.0,B (Inestable),FastAPI,CPU,low
2026-05-06 01:17:14+00:00,2.05,41.21,39.125,1,8.0,B (Inestable),FastAPI,CPU,low
2026-05-06 01:17:17+00:00,1.73,41.33,39.125,1,11.0,B (Inestable),FastAPI,CPU,low
2026-05-06 01:17:19+00:00,2.42,41.35,39.125,2,13.0,B (Inestable),FastAPI,CPU,low
2026-05-06 01:17:21+00:00,3.32,41.27,39.125,1,15.0,B (Inestable),FastAPI,CPU,low
2026-05-06 01:17:23+00:00,3.35,41.01,39.125,0,17.0,B (Inestable),FastAPI,CPU,low
2026-05-06 01:17:25+00:00,2.68,41.2,39.125,0,19.0,B (Inestable),FastAPI,CPU,low
2026-05-06 01:03:44+00:00,1.26,27.94,39.25,7,0.0,B (Inestable),Express,IO,low
2026-05-06 01:03:46+00:00,1.42,27.73,39.25,9,2.0,B (Inestable),Express,IO,low
2026-05-06 01:03:48+00:00,1.75,28.3,39.25,9,4.0,B (Inestable),Express,IO,low
2026-05-06 01:03:50+00:00,1.44,28.85,39.25,11,6.0,B (Inestable),Express,IO,low
2026-05-06 01:03:52+00:00,0.91,29.22,39.25,11,8.0,B (Inestable),Express,IO,low
2026-05-06 01:03:54+00:00,1.49,29.27,39.25,7,10.0,B (Inestable),Express,IO,low
2026-05-06 01:03:56+00:00,1.18,29.64,39.25,8,12.0,B (Inestable),Express,IO,low
2026-05-06 01:03:59+00:00,1.2,29.79,39.25,5,15.0,B (Inestable),Express,IO,low
2026-05-06 01:04:01+00:00,1.56,30.13,39.25,5,17.0,B (Inestable),Express,IO,low
2026-05-06 01:04:03+00:00,0.87,30.34,39.25,6,19.0,B (Inestable),Express,IO,low
2026-05-06 01:29:49+00:00,24.27,41.7,39.0,5,0.0,B (Inestable),FastAPI,CPU,high
2026-05-06 01:29:52+00:00,22.94,41.85,39.0,11,3.0,B (Inestable),FastAPI,CPU,high
2026-05-06 01:29:54+00:00,22.02,41.72,39.0,13,5.0,B (Inestable),FastAPI,CPU,high
2026-05-06 01:29:56+00:00,21.16,41.7,39.0,16,7.0,B (Inestable),FastAPI,CPU,high
2026-05-06 01:29:58+00:00,22.19,41.87,39.0,13,9.0,B (Inestable),FastAPI,CPU,high
2026-05-06 01:30:00+00:00,21.05,41.55,39.0,17,11.0,B (Inestable),FastAPI,CPU,high
2026-05-06 01:30:02+00:00,23.19,41.49,39.0,8,13.0,B (Inestable),FastAPI,CPU,high
2026-05-06 01:30:04+00:00,23.52,41.61,39.0,12,15.0,B (Inestable),FastAPI,CPU,high
2026-05-06 01:30:06+00:00,20.8,41.77,39.0,21,17.0,B (Inestable),FastAPI,CPU,high
2026-05-06 01:30:08+00:00,15.03,41.6,39.125,10,19.0,B (Inestable),FastAPI,CPU,high
2026-05-06 01:18:22+00:00,9.11,27.77,39.0,1,0.0,B (Inestable),Express,CPU,low
2026-05-06 01:18:24+00:00,6.17,28.07,39.0,0,2.0,B (Inestable),Express,CPU,low
2026-05-06 01:18:27+00:00,8.05,28.82,39.0,3,5.0,B (Inestable),Express,CPU,low
2026-05-06 01:18:29+00:00,7.99,29.04,39.0,2,7.0,B (Inestable),Express,CPU,low
2026-05-06 01:18:31+00:00,7.91,29.38,39.0,2,9.0,B (Inestable),Express,CPU,low
2026-05-06 01:18:33+00:00,7.91,30.04,39.0,4,11.0,B (Inestable),Express,CPU,low
2026-05-06 01:18:35+00:00,5.98,30.49,39.0,1,13.0,B (Inestable),Express,CPU,low
2026-05-06 01:18:37+00:00,7.95,31.04,39.0,3,15.0,B (Inestable),Express,CPU,low
2026-05-06 01:18:39+00:00,7.88,31.25,39.0,1,17.0,B (Inestable),Express,CPU,low
2026-05-06 01:18:41+00:00,3.17,31.63,39.0,2,19.0,B (Inestable),Express,CPU,low
2026-05-06 00:35:07+00:00,41.7,48.52,39.875,6,0.0,B (Inestable),Express,CPU,medium
2026-05-06 00:35:09+00:00,43.1,48.45,39.875,8,2.0,B (Inestable),Express,CPU,medium
2026-05-06 00:35:12+00:00,37.91,46.02,39.875,3,5.0,B (Inestable),Express,CPU,medium
2026-05-06 00:35:14+00:00,39.35,45.07,39.875,5,7.0,B (Inestable),Express,CPU,medium
2026-05-06 00:35:16+00:00,39.79,45.5,39.875,7,9.0,B (Inestable),Express,CPU,medium
2026-05-06 00:35:18+00:00,45.67,45.29,39.875,7,11.0,B (Inestable),Express,CPU,medium
2026-05-06 00:35:20+00:00,33.87,44.79,40.0,9,13.0,B (Inestable),Express,CPU,medium
2026-05-06 00:35:22+00:00,34.53,44.24,40.0,8,15.0,B (Inestable),Express,CPU,medium
2026-05-06 00:35:24+00:00,36.73,44.67,40.0,11,17.0,B (Inestable),Express,CPU,medium
2026-05-06 00:35:26+00:00,22.82,44.57,40.0,5,19.0,B (Inestable),Express,CPU,medium
2026-05-06 01:24:06+00:00,5.35,38.38,39.125,67,0.0,B (Inestable),Express,IO,high
2026-05-06 01:24:08+00:00,4.85,38.24,39.125,74,2.0,B (Inestable),Express,IO,high
2026-05-06 01:24:10+00:00,4.12,38.47,39.25,73,4.0,B (Inestable),Express,IO,high
2026-05-06 01:24:12+00:00,4.16,38.67,39.25,77,6.0,B (Inestable),Express,IO,high
2026-05-06 01:24:14+00:00,3.87,38.59,39.25,73,8.0,B (Inestable),Express,IO,high
2026-05-06 01:24:16+00:00,5.75,38.63,39.25,76,10.0,B (Inestable),Express,IO,high
2026-05-06 01:24:19+00:00,4.61,38.5,39.25,59,13.0,B (Inestable),Express,IO,high
2026-05-06 01:24:21+00:00,6.1,37.97,39.25,67,15.0,B (Inestable),Express,IO,high
2026-05-06 01:24:23+00:00,4.59,38.08,39.25,63,17.0,B (Inestable),Express,IO,high
2026-05-06 01:24:25+00:00,5.28,38.27,39.25,46,19.0,B (Inestable),Express,IO,high
2026-05-06 01:31:06+00:00,67.04,43.11,39.25,7,0.0,B (Inestable),Express,CPU,high
2026-05-06 01:31:08+00:00,75.34,52.09,39.25,11,2.0,B (Inestable),Express,CPU,high
2026-05-06 01:31:10+00:00,70.55,43.35,39.25,9,4.0,B (Inestable),Express,CPU,high
2026-05-06 01:31:12+00:00,65.1,43.58,39.25,15,6.0,B (Inestable),Express,CPU,high
2026-05-06 01:31:14+00:00,65.63,52.47,39.375,15,8.0,B (Inestable),Express,CPU,high
2026-05-06 01:31:17+00:00,63.93,52.37,39.25,10,11.0,B (Inestable),Express,CPU,high
2026-05-06 01:31:19+00:00,78.42,48.33,39.25,13,13.0,B (Inestable),Express,CPU,high
2026-05-06 01:31:21+00:00,73.75,48.0,39.375,11,15.0,B (Inestable),Express,CPU,high
2026-05-06 01:31:23+00:00,68.45,48.34,39.25,10,17.0,B (Inestable),Express,CPU,high
2026-05-06 01:31:25+00:00,36.71,47.64,39.25,7,19.0,B (Inestable),Express,CPU,high
2026-05-06 01:06:55+00:00,23.68,41.63,39.25,13,0.0,B (Inestable),FastAPI,CPU,high
2026-05-06 01:06:57+00:00,19.73,41.51,39.25,14,2.0,B (Inestable),FastAPI,CPU,high
2026-05-06 01:06:59+00:00,24.05,41.64,39.375,13,4.0,B (Inestable),FastAPI,CPU,high
2026-05-06 01:07:01+00:00,22.96,41.54,39.375,7,6.0,B (Inestable),FastAPI,CPU,high
2026-05-06 01:07:03+00:00,22.79,41.67,39.375,13,8.0,B (Inestable),FastAPI,CPU,high
2026-05-06 01:07:05+00:00,21.61,41.77,39.375,11,10.0,B (Inestable),FastAPI,CPU,high
2026-05-06 01:07:07+00:00,21.73,41.82,39.375,18,12.0,B (Inestable),FastAPI,CPU,high
2026-05-06 01:07:10+00:00,19.55,41.65,39.375,12,15.0,B (Inestable),FastAPI,CPU,high
2026-05-06 01:07:12+00:00,19.81,41.75,39.375,12,17.0,B (Inestable),FastAPI,CPU,high
2026-05-06 01:07:14+00:00,15.9,41.52,39.375,10,19.0,B (Inestable),FastAPI,CPU,high
2026-05-06 01:47:38+00:00,1.79,43.54,38.875,0,0.0,B (Inestable),FastAPI,CPU,low
2026-05-06 01:47:40+00:00,2.11,43.63,38.875,3,2.0,B (Inestable),FastAPI,CPU,low
2026-05-06 01:47:42+00:00,2.36,43.53,38.875,1,4.0,B (Inestable),FastAPI,CPU,low
2026-05-06 01:47:45+00:00,2.38,43.46,38.875,0,7.0,B (Inestable),FastAPI,CPU,low
2026-05-06 01:47:47+00:00,2.74,43.46,38.875,1,9.0,B (Inestable),FastAPI,CPU,low
2026-05-06 01:47:49+00:00,3.07,43.62,38.875,1,11.0,B (Inestable),FastAPI,CPU,low
2026-05-06 01:47:51+00:00,1.72,43.56,38.875,1,13.0,B (Inestable),FastAPI,CPU,low
2026-05-06 01:47:53+00:00,2.39,43.49,38.875,0,15.0,B (Inestable),FastAPI,CPU,low
2026-05-06 01:47:55+00:00,2.63,43.51,38.875,1,17.0,B (Inestable),FastAPI,CPU,low
2026-05-06 01:47:57+00:00,1.8,43.66,38.875,0,19.0,B (Inestable),FastAPI,CPU,low
2026-05-06 01:39:22+00:00,6.98,38.46,39.0,72,0.0,B (Inestable),Express,IO,high
2026-05-06 01:39:24+00:00,4.13,38.57,39.0,75,2.0,B (Inestable),Express,IO,high
2026-05-06 01:39:26+00:00,6.32,39.16,39.0,72,4.0,B (Inestable),Express,IO,high
2026-05-06 01:39:28+00:00,4.64,39.56,39.0,61,6.0,B (Inestable),Express,IO,high
2026-05-06 01:39:31+00:00,5.56,39.33,39.0,66,9.0,B (Inestable),Express,IO,high
2026-05-06 01:39:33+00:00,4.12,39.21,39.0,66,11.0,B (Inestable),Express,IO,high
2026-05-06 01:39:35+00:00,5.59,39.22,39.0,56,13.0,B (Inestable),Express,IO,high
2026-05-06 01:39:37+00:00,3.84,39.31,39.0,68,15.0,B (Inestable),Express,IO,high
2026-05-06 01:39:39+00:00,6.38,39.29,39.0,72,17.0,B (Inestable),Express,IO,high
2026-05-06 01:39:41+00:00,5.15,38.97,39.0,52,19.0,B (Inestable),Express,IO,high
2026-05-06 00:30:41+00:00,6.13,37.23,39.875,69,0.0,B (Inestable),Express,IO,high
2026-05-06 00:30:43+00:00,5.17,37.34,39.875,67,2.0,B (Inestable),Express,IO,high
2026-05-06 00:30:45+00:00,4.93,37.71,39.875,73,4.0,B (Inestable),Express,IO,high
2026-05-06 00:30:47+00:00,5.34,38.7,39.875,64,6.0,B (Inestable),Express,IO,high
2026-05-06 00:30:49+00:00,3.83,38.67,39.875,74,8.0,B (Inestable),Express,IO,high
2026-05-06 00:30:51+00:00,3.76,38.55,39.875,67,10.0,B (Inestable),Express,IO,high
2026-05-06 00:30:53+00:00,4.01,38.37,39.875,65,12.0,B (Inestable),Express,IO,high
2026-05-06 00:30:56+00:00,4.24,37.96,39.875,68,15.0,B (Inestable),Express,IO,high
2026-05-06 00:30:58+00:00,5.41,38.02,39.875,65,17.0,B (Inestable),Express,IO,high
2026-05-06 00:31:00+00:00,3.62,37.88,39.875,43,19.0,B (Inestable),Express,IO,high
2026-05-06 01:15:11+00:00,9.52,46.0,39.125,64,0.0,B (Inestable),FastAPI,IO,high
2026-05-06 01:15:13+00:00,10.46,46.61,39.125,75,2.0,B (Inestable),FastAPI,IO,high
2026-05-06 01:15:15+00:00,9.97,46.46,39.125,70,4.0,B (Inestable),FastAPI,IO,high
2026-05-06 01:15:18+00:00,10.57,45.97,39.125,72,7.0,B (Inestable),FastAPI,IO,high
2026-05-06 01:15:20+00:00,9.97,45.77,39.125,75,9.0,B (Inestable),FastAPI,IO,high
2026-05-06 01:15:22+00:00,9.66,45.87,39.125,76,11.0,B (Inestable),FastAPI,IO,high
2026-05-06 01:15:24+00:00,9.2,45.93,39.125,71,13.0,B (Inestable),FastAPI,IO,high
2026-05-06 01:15:26+00:00,9.67,46.08,39.125,60,15.0,B (Inestable),FastAPI,IO,high
2026-05-06 01:15:28+00:00,10.19,46.12,39.125,65,17.0,B (Inestable),FastAPI,IO,high
2026-05-06 01:15:30+00:00,8.55,45.98,39.125,51,19.0,B (Inestable),FastAPI,IO,high
2026-05-06 01:15:50+00:00,78.35,51.96,39.25,12,0.0,B (Inestable),Express,CPU,high
2026-05-06 01:15:52+00:00,73.32,46.66,39.375,17,2.0,B (Inestable),Express,CPU,high
2026-05-06 01:15:54+00:00,63.14,46.47,39.375,15,4.0,B (Inestable),Express,CPU,high
2026-05-06 01:15:56+00:00,74.87,47.84,39.375,8,6.0,B (Inestable),Express,CPU,high
2026-05-06 01:15:58+00:00,65.86,47.71,39.375,12,8.0,B (Inestable),Express,CPU,high
2026-05-06 01:16:00+00:00,73.26,47.4,39.375,13,10.0,B (Inestable),Express,CPU,high
2026-05-06 01:16:02+00:00,76.49,47.32,39.375,16,12.0,B (Inestable),Express,CPU,high
2026-05-06 01:16:05+00:00,73.05,42.73,39.375,16,15.0,B (Inestable),Express,CPU,high
2026-05-06 01:16:07+00:00,79.41,46.1,39.375,13,17.0,B (Inestable),Express,CPU,high
2026-05-06 01:16:09+00:00,36.86,46.41,39.375,11,19.0,B (Inestable),Express,CPU,high
2026-05-06 01:30:28+00:00,10.14,45.52,39.0,56,0.0,B (Inestable),FastAPI,IO,high
2026-05-06 01:30:30+00:00,9.59,45.68,39.0,72,2.0,B (Inestable),FastAPI,IO,high
2026-05-06 01:30:32+00:00,9.69,46.05,39.0,64,4.0,B (Inestable),FastAPI,IO,high
2026-05-06 01:30:34+00:00,9.71,45.8,39.0,66,6.0,B (Inestable),FastAPI,IO,high
2026-05-06 01:30:36+00:00,10.49,46.12,39.0,73,8.0,B (Inestable),FastAPI,IO,high
2026-05-06 01:30:38+00:00,9.66,46.09,39.0,68,10.0,B (Inestable),FastAPI,IO,high
2026-05-06 01:30:40+00:00,9.86,46.04,39.0,68,12.0,B (Inestable),FastAPI,IO,high
2026-05-06 01:30:42+00:00,10.31,46.29,39.0,72,14.0,B (Inestable),FastAPI,IO,high
2026-05-06 01:30:45+00:00,11.31,45.87,39.125,67,17.0,B (Inestable),FastAPI,IO,high
2026-05-06 01:30:47+00:00,8.93,45.59,39.125,53,19.0,B (Inestable),FastAPI,IO,high
2026-05-06 00:44:39+00:00,10.81,46.8,39.625,66,0.0,B (Inestable),FastAPI,IO,high
2026-05-06 00:44:41+00:00,10.34,47.32,39.625,71,2.0,B (Inestable),FastAPI,IO,high
2026-05-06 00:44:43+00:00,9.56,47.22,39.625,61,4.0,B (Inestable),FastAPI,IO,high
2026-05-06 00:44:45+00:00,9.83,46.82,39.625,65,6.0,B (Inestable),FastAPI,IO,high
2026-05-06 00:44:48+00:00,10.65,46.88,39.625,68,9.0,B (Inestable),FastAPI,IO,high
2026-05-06 00:44:50+00:00,10.0,47.02,39.625,70,11.0,B (Inestable),FastAPI,IO,high
2026-05-06 00:44:52+00:00,8.56,47.3,39.625,68,13.0,B (Inestable),FastAPI,IO,high
2026-05-06 00:44:54+00:00,9.46,47.07,39.625,70,15.0,B (Inestable),FastAPI,IO,high
2026-05-06 00:44:56+00:00,11.02,46.86,39.625,68,17.0,B (Inestable),FastAPI,IO,high
2026-05-06 00:44:58+00:00,8.17,47.04,39.625,51,19.0,B (Inestable),FastAPI,IO,high
2026-05-06 01:22:11+00:00,20.63,41.64,39.125,17,0.0,B (Inestable),FastAPI,CPU,high
2026-05-06 01:22:13+00:00,20.8,41.56,39.125,15,2.0,B (Inestable),FastAPI,CPU,high
2026-05-06 01:22:15+00:00,21.47,41.43,39.125,14,4.0,B (Inestable),FastAPI,CPU,high
2026-05-06 01:22:18+00:00,23.18,41.53,39.125,13,7.0,B (Inestable),FastAPI,CPU,high
2026-05-06 01:22:20+00:00,21.37,41.69,39.25,12,9.0,B (Inestable),FastAPI,CPU,high
2026-05-06 01:22:22+00:00,22.77,41.72,39.125,8,11.0,B (Inestable),FastAPI,CPU,high
2026-05-06 01:22:24+00:00,23.6,41.62,39.125,10,13.0,B (Inestable),FastAPI,CPU,high
2026-05-06 01:22:26+00:00,22.14,41.65,39.25,8,15.0,B (Inestable),FastAPI,CPU,high
2026-05-06 01:22:28+00:00,18.96,41.48,39.125,10,17.0,B (Inestable),FastAPI,CPU,high
2026-05-06 01:22:30+00:00,17.83,41.62,39.25,4,19.0,B (Inestable),FastAPI,CPU,high
2026-05-06 01:17:44+00:00,1.06,42.18,39.125,8,0.0,B (Inestable),FastAPI,IO,low
2026-05-06 01:17:46+00:00,1.53,42.57,39.125,5,2.0,B (Inestable),FastAPI,IO,low
2026-05-06 01:17:48+00:00,1.81,42.23,39.125,6,4.0,B (Inestable),FastAPI,IO,low
2026-05-06 01:17:50+00:00,1.51,42.45,39.125,7,6.0,B (Inestable),FastAPI,IO,low
2026-05-06 01:17:52+00:00,1.09,42.45,39.125,7,8.0,B (Inestable),FastAPI,IO,low
2026-05-06 01:17:55+00:00,1.73,42.6,39.125,8,11.0,B (Inestable),FastAPI,IO,low
2026-05-06 01:17:57+00:00,1.53,42.8,39.125,7,13.0,B (Inestable),FastAPI,IO,low
2026-05-06 01:17:59+00:00,1.5,42.96,39.125,6,15.0,B (Inestable),FastAPI,IO,low
2026-05-06 01:18:01+00:00,1.68,43.15,39.125,8,17.0,B (Inestable),FastAPI,IO,low
2026-05-06 01:18:03+00:00,0.67,43.34,39.125,9,19.0,B (Inestable),FastAPI,IO,low
2026-05-06 01:55:54+00:00,1.34,42.1,38.875,10,0.0,B (Inestable),FastAPI,IO,low
2026-05-06 01:55:56+00:00,1.22,42.31,38.875,6,2.0,B (Inestable),FastAPI,IO,low
2026-05-06 01:55:59+00:00,1.81,42.1,38.875,7,5.0,B (Inestable),FastAPI,IO,low
2026-05-06 01:56:01+00:00,1.62,42.25,38.875,9,7.0,B (Inestable),FastAPI,IO,low
2026-05-06 01:56:03+00:00,1.59,42.67,38.875,9,9.0,B (Inestable),FastAPI,IO,low
2026-05-06 01:56:05+00:00,1.81,42.88,38.875,9,11.0,B (Inestable),FastAPI,IO,low
2026-05-06 01:56:07+00:00,1.86,43.07,38.875,12,13.0,B (Inestable),FastAPI,IO,low
2026-05-06 01:56:09+00:00,1.52,43.29,38.875,11,15.0,B (Inestable),FastAPI,IO,low
2026-05-06 01:56:11+00:00,1.41,43.49,38.875,10,17.0,B (Inestable),FastAPI,IO,low
2026-05-06 01:56:13+00:00,1.45,43.42,38.875,5,19.0,B (Inestable),FastAPI,IO,low
2026-05-06 01:00:33+00:00,68.86,42.92,39.625,14,0.0,B (Inestable),Express,CPU,high
2026-05-06 01:00:35+00:00,74.04,44.05,39.625,13,2.0,B (Inestable),Express,CPU,high
2026-05-06 01:00:38+00:00,69.05,43.9,39.625,16,5.0,B (Inestable),Express,CPU,high
2026-05-06 01:00:40+00:00,65.37,43.24,39.625,7,7.0,B (Inestable),Express,CPU,high
2026-05-06 01:00:42+00:00,77.55,44.31,39.625,13,9.0,B (Inestable),Express,CPU,high
2026-05-06 01:00:44+00:00,75.24,44.61,39.625,8,11.0,B (Inestable),Express,CPU,high
2026-05-06 01:00:46+00:00,79.59,42.84,39.625,20,13.0,B (Inestable),Express,CPU,high
2026-05-06 01:00:48+00:00,70.94,43.09,39.625,10,15.0,B (Inestable),Express,CPU,high
2026-05-06 01:00:50+00:00,78.3,39.94,39.625,14,17.0,B (Inestable),Express,CPU,high
2026-05-06 01:00:52+00:00,44.89,39.45,39.625,5,19.0,B (Inestable),Express,CPU,high
2026-05-06 01:47:00+00:00,5.9,38.76,38.875,70,0.0,B (Inestable),Express,IO,high
2026-05-06 01:47:02+00:00,4.6,38.2,38.875,75,2.0,B (Inestable),Express,IO,high
2026-05-06 01:47:04+00:00,4.21,38.6,38.875,71,4.0,B (Inestable),Express,IO,high
2026-05-06 01:47:06+00:00,4.45,39.07,38.875,75,6.0,B (Inestable),Express,IO,high
2026-05-06 01:47:08+00:00,5.4,38.95,38.875,67,8.0,B (Inestable),Express,IO,high
2026-05-06 01:47:11+00:00,4.85,38.99,39.0,65,11.0,B (Inestable),Express,IO,high
2026-05-06 01:47:13+00:00,5.72,38.66,38.875,75,13.0,B (Inestable),Express,IO,high
2026-05-06 01:47:15+00:00,4.51,38.93,38.875,66,15.0,B (Inestable),Express,IO,high
2026-05-06 01:47:17+00:00,7.08,38.8,38.875,71,17.0,B (Inestable),Express,IO,high
2026-05-06 01:47:19+00:00,3.98,38.92,39.0,57,19.0,B (Inestable),Express,IO,high
2026-05-06 01:25:22+00:00,1.45,41.95,39.0,7,0.0,B (Inestable),FastAPI,IO,low
2026-05-06 01:25:24+00:00,1.98,42.13,39.0,9,2.0,B (Inestable),FastAPI,IO,low
2026-05-06 01:25:27+00:00,1.64,42.29,39.0,8,5.0,B (Inestable),FastAPI,IO,low
2026-05-06 01:25:29+00:00,1.61,42.47,39.0,9,7.0,B (Inestable),FastAPI,IO,low
2026-05-06 01:25:31+00:00,1.15,42.63,39.0,11,9.0,B (Inestable),FastAPI,IO,low
2026-05-06 01:25:33+00:00,1.69,42.82,39.0,8,11.0,B (Inestable),FastAPI,IO,low
2026-05-06 01:25:35+00:00,1.66,42.94,39.0,9,13.0,B (Inestable),FastAPI,IO,low
2026-05-06 01:25:37+00:00,1.5,43.04,39.0,8,15.0,B (Inestable),FastAPI,IO,low
2026-05-06 01:25:39+00:00,1.64,43.19,39.0,7,17.0,B (Inestable),FastAPI,IO,low
2026-05-06 01:25:41+00:00,1.45,43.07,39.0,7,19.0,B (Inestable),FastAPI,IO,low
2026-05-06 01:12:38+00:00,5.08,44.15,39.125,41,0.0,B (Inestable),FastAPI,IO,medium
2026-05-06 01:12:40+00:00,4.81,44.53,39.125,37,2.0,B (Inestable),FastAPI,IO,medium
2026-05-06 01:12:43+00:00,5.19,44.53,39.125,38,5.0,B (Inestable),FastAPI,IO,medium
2026-05-06 01:12:45+00:00,5.0,44.68,39.25,41,7.0,B (Inestable),FastAPI,IO,medium
2026-05-06 01:12:47+00:00,5.1,44.63,39.25,42,9.0,B (Inestable),FastAPI,IO,medium
2026-05-06 01:12:49+00:00,5.67,44.76,39.25,38,11.0,B (Inestable),FastAPI,IO,medium
2026-05-06 01:12:51+00:00,5.07,44.67,39.25,41,13.0,B (Inestable),FastAPI,IO,medium
2026-05-06 01:12:53+00:00,5.65,44.58,39.25,41,15.0,B (Inestable),FastAPI,IO,medium
2026-05-06 01:12:55+00:00,5.67,44.48,39.25,40,17.0,B (Inestable),FastAPI,IO,medium
2026-05-06 01:12:57+00:00,4.92,44.61,39.25,32,19.0,B (Inestable),FastAPI,IO,medium
2026-05-06 00:41:28+00:00,10.63,41.41,39.625,7,0.0,B (Inestable),FastAPI,CPU,medium
2026-05-06 00:41:30+00:00,11.77,41.46,39.625,8,2.0,B (Inestable),FastAPI,CPU,medium
2026-05-06 00:41:32+00:00,9.89,41.63,39.625,8,4.0,B (Inestable),FastAPI,CPU,medium
2026-05-06 00:41:35+00:00,11.92,41.61,39.625,4,7.0,B (Inestable),FastAPI,CPU,medium
2026-05-06 00:41:37+00:00,11.28,41.61,39.625,4,9.0,B (Inestable),FastAPI,CPU,medium
2026-05-06 00:41:39+00:00,10.95,41.52,39.625,2,11.0,B (Inestable),FastAPI,CPU,medium
2026-05-06 00:41:41+00:00,12.72,41.44,39.625,6,13.0,B (Inestable),FastAPI,CPU,medium
2026-05-06 00:41:43+00:00,11.56,41.55,39.625,3,15.0,B (Inestable),FastAPI,CPU,medium
2026-05-06 00:41:45+00:00,9.7,41.45,39.625,5,17.0,B (Inestable),FastAPI,CPU,medium
2026-05-06 00:41:47+00:00,9.31,41.36,39.625,8,19.0,B (Inestable),FastAPI,CPU,medium
2026-05-06 01:43:11+00:00,5.52,44.09,38.875,39,0.0,B (Inestable),FastAPI,IO,medium
2026-05-06 01:43:13+00:00,5.77,44.17,38.875,42,2.0,B (Inestable),FastAPI,IO,medium
2026-05-06 01:43:15+00:00,5.84,44.45,38.875,35,4.0,B (Inestable),FastAPI,IO,medium
2026-05-06 01:43:17+00:00,5.17,44.39,38.875,37,6.0,B (Inestable),FastAPI,IO,medium
2026-05-06 01:43:19+00:00,5.03,44.25,38.875,37,8.0,B (Inestable),FastAPI,IO,medium
2026-05-06 01:43:21+00:00,5.03,44.44,38.875,35,10.0,B (Inestable),FastAPI,IO,medium
2026-05-06 01:43:23+00:00,5.61,44.31,38.875,32,12.0,B (Inestable),FastAPI,IO,medium
2026-05-06 01:43:26+00:00,5.36,44.35,38.875,32,15.0,B (Inestable),FastAPI,IO,medium
2026-05-06 01:43:28+00:00,5.5,44.27,39.0,33,17.0,B (Inestable),FastAPI,IO,medium
2026-05-06 01:43:30+00:00,4.98,43.99,38.875,31,19.0,B (Inestable),FastAPI,IO,medium
2026-05-06 01:04:22+00:00,10.04,43.72,39.25,9,0.0,B (Inestable),FastAPI,CPU,medium
2026-05-06 01:04:24+00:00,12.9,43.64,39.375,5,2.0,B (Inestable),FastAPI,CPU,medium
2026-05-06 01:04:26+00:00,11.74,43.81,39.375,5,4.0,B (Inestable),FastAPI,CPU,medium
2026-05-06 01:04:28+00:00,12.68,43.66,39.375,6,6.0,B (Inestable),FastAPI,CPU,medium
2026-05-06 01:04:30+00:00,12.51,43.78,39.375,6,8.0,B (Inestable),FastAPI,CPU,medium
2026-05-06 01:04:32+00:00,12.43,43.7,39.375,7,10.0,B (Inestable),FastAPI,CPU,medium
2026-05-06 01:04:35+00:00,12.46,43.75,39.375,5,13.0,B (Inestable),FastAPI,CPU,medium
2026-05-06 01:04:37+00:00,11.82,43.79,39.375,6,15.0,B (Inestable),FastAPI,CPU,medium
2026-05-06 01:04:39+00:00,10.32,43.89,39.375,8,17.0,B (Inestable),FastAPI,CPU,medium
2026-05-06 01:04:41+00:00,9.04,43.77,39.375,3,19.0,B (Inestable),FastAPI,CPU,medium
2026-05-06 01:54:00+00:00,72.98,43.44,39.125,9,0.0,B (Inestable),Express,CPU,high
2026-05-06 01:54:02+00:00,78.19,42.93,39.125,9,2.0,B (Inestable),Express,CPU,high
2026-05-06 01:54:04+00:00,70.31,51.53,39.125,13,4.0,B (Inestable),Express,CPU,high
2026-05-06 01:54:06+00:00,78.05,51.54,39.125,13,6.0,B (Inestable),Express,CPU,high
2026-05-06 01:54:08+00:00,71.83,46.54,39.125,12,8.0,B (Inestable),Express,CPU,high
2026-05-06 01:54:11+00:00,65.71,46.62,39.125,15,11.0,B (Inestable),Express,CPU,high
2026-05-06 01:54:13+00:00,69.66,42.28,39.125,15,13.0,B (Inestable),Express,CPU,high
2026-05-06 01:54:15+00:00,64.96,42.25,39.25,13,15.0,B (Inestable),Express,CPU,high
2026-05-06 01:54:17+00:00,69.63,42.51,39.25,12,17.0,B (Inestable),Express,CPU,high
2026-05-06 01:54:19+00:00,41.39,42.25,39.25,7,19.0,B (Inestable),Express,CPU,high
2026-05-06 01:32:22+00:00,2.69,41.2,38.875,3,0.0,B (Inestable),FastAPI,CPU,low
2026-05-06 01:32:24+00:00,2.92,41.5,38.875,3,2.0,B (Inestable),FastAPI,CPU,low
2026-05-06 01:32:27+00:00,2.41,41.37,38.875,4,5.0,B (Inestable),FastAPI,CPU,low
2026-05-06 01:32:29+00:00,2.36,41.28,38.875,3,7.0,B (Inestable),FastAPI,CPU,low
2026-05-06 01:32:31+00:00,2.39,41.21,38.875,2,9.0,B (Inestable),FastAPI,CPU,low
2026-05-06 01:32:33+00:00,2.71,41.39,38.875,1,11.0,B (Inestable),FastAPI,CPU,low
2026-05-06 01:32:35+00:00,2.72,41.5,38.875,2,13.0,B (Inestable),FastAPI,CPU,low
2026-05-06 01:32:37+00:00,2.4,41.27,38.875,1,15.0,B (Inestable),FastAPI,CPU,low
2026-05-06 01:32:39+00:00,3.0,41.39,38.875,2,17.0,B (Inestable),FastAPI,CPU,low
2026-05-06 01:32:41+00:00,1.43,41.56,38.875,0,19.0,B (Inestable),FastAPI,CPU,low
2026-05-06 02:01:38+00:00,68.02,34.72,39.125,14,0.0,B (Inestable),Express,CPU,high
2026-05-06 02:01:40+00:00,74.92,49.67,39.125,8,2.0,B (Inestable),Express,CPU,high
2026-05-06 02:01:42+00:00,70.23,46.1,39.125,12,4.0,B (Inestable),Express,CPU,high
2026-05-06 02:01:45+00:00,73.35,46.49,39.125,14,7.0,B (Inestable),Express,CPU,high
2026-05-06 02:01:47+00:00,68.92,46.15,39.125,14,9.0,B (Inestable),Express,CPU,high
2026-05-06 02:01:49+00:00,69.17,46.39,39.125,13,11.0,B (Inestable),Express,CPU,high
2026-05-06 02:01:51+00:00,71.5,41.55,39.125,20,13.0,B (Inestable),Express,CPU,high
2026-05-06 02:01:53+00:00,71.09,41.47,39.125,9,15.0,B (Inestable),Express,CPU,high
2026-05-06 02:01:55+00:00,65.77,41.36,39.25,13,17.0,B (Inestable),Express,CPU,high
2026-05-06 02:01:57+00:00,34.04,41.27,39.25,5,19.0,B (Inestable),Express,CPU,high
2026-05-06 02:05:27+00:00,12.21,43.66,38.75,6,0.0,B (Inestable),FastAPI,CPU,medium
2026-05-06 02:05:29+00:00,12.11,43.57,38.75,4,2.0,B (Inestable),FastAPI,CPU,medium
2026-05-06 02:05:31+00:00,11.43,43.71,38.875,3,4.0,B (Inestable),FastAPI,CPU,medium
2026-05-06 02:05:33+00:00,10.43,43.63,38.875,5,6.0,B (Inestable),FastAPI,CPU,medium
2026-05-06 02:05:35+00:00,11.02,43.78,38.875,5,8.0,B (Inestable),FastAPI,CPU,medium
2026-05-06 02:05:37+00:00,10.48,43.84,38.875,7,10.0,B (Inestable),FastAPI,CPU,medium
2026-05-06 02:05:39+00:00,10.87,43.73,38.875,7,12.0,B (Inestable),FastAPI,CPU,medium
2026-05-06 02:05:42+00:00,11.82,43.64,38.875,6,15.0,B (Inestable),FastAPI,CPU,medium
2026-05-06 02:05:44+00:00,11.59,43.49,38.875,6,17.0,B (Inestable),FastAPI,CPU,medium
2026-05-06 02:05:46+00:00,9.05,43.66,38.875,9,19.0,B (Inestable),FastAPI,CPU,medium
2026-05-06 01:23:28+00:00,68.59,43.81,39.25,13,0.0,B (Inestable),Express,CPU,high
2026-05-06 01:23:30+00:00,67.6,39.63,39.25,24,2.0,B (Inestable),Express,CPU,high
2026-05-06 01:23:32+00:00,68.8,39.83,39.375,14,4.0,B (Inestable),Express,CPU,high
2026-05-06 01:23:34+00:00,75.06,43.33,39.375,8,6.0,B (Inestable),Express,CPU,high
2026-05-06 01:23:36+00:00,69.45,44.17,39.375,13,8.0,B (Inestable),Express,CPU,high
2026-05-06 01:23:38+00:00,71.87,40.05,39.375,10,10.0,B (Inestable),Express,CPU,high
2026-05-06 01:23:41+00:00,74.0,44.08,39.375,10,13.0,B (Inestable),Express,CPU,high
2026-05-06 01:23:43+00:00,80.86,43.2,39.375,9,15.0,B (Inestable),Express,CPU,high
2026-05-06 01:23:45+00:00,72.0,43.96,39.375,14,17.0,B (Inestable),Express,CPU,high
2026-05-06 01:23:47+00:00,39.77,43.58,39.375,4,19.0,B (Inestable),Express,CPU,high
2026-05-06 00:54:50+00:00,1.64,41.89,39.5,9,0.0,B (Inestable),FastAPI,IO,low
2026-05-06 00:54:52+00:00,1.08,42.07,39.5,9,2.0,B (Inestable),FastAPI,IO,low
2026-05-06 00:54:54+00:00,1.42,42.23,39.5,7,4.0,B (Inestable),FastAPI,IO,low
2026-05-06 00:54:56+00:00,1.79,42.11,39.5,7,6.0,B (Inestable),FastAPI,IO,low
2026-05-06 00:54:58+00:00,1.5,42.7,39.5,9,8.0,B (Inestable),FastAPI,IO,low
2026-05-06 00:55:00+00:00,1.53,42.62,39.5,9,10.0,B (Inestable),FastAPI,IO,low
2026-05-06 00:55:02+00:00,1.66,42.8,39.5,11,12.0,B (Inestable),FastAPI,IO,low
2026-05-06 00:55:04+00:00,1.87,42.95,39.5,8,14.0,B (Inestable),FastAPI,IO,low
2026-05-06 00:55:06+00:00,1.36,43.07,39.5,8,16.0,B (Inestable),FastAPI,IO,low
2026-05-06 00:55:09+00:00,1.12,42.98,39.5,6,19.0,B (Inestable),FastAPI,IO,low
2026-05-06 00:43:23+00:00,4.87,32.44,39.625,32,0.0,B (Inestable),Express,IO,medium
2026-05-06 00:43:25+00:00,4.37,33.62,39.625,32,2.0,B (Inestable),Express,IO,medium
2026-05-06 00:43:27+00:00,4.88,35.91,39.625,38,4.0,B (Inestable),Express,IO,medium
2026-05-06 00:43:29+00:00,3.02,35.79,39.625,36,6.0,B (Inestable),Express,IO,medium
2026-05-06 00:43:31+00:00,2.38,35.8,39.625,35,8.0,B (Inestable),Express,IO,medium
2026-05-06 00:43:33+00:00,2.87,36.0,39.625,39,10.0,B (Inestable),Express,IO,medium
2026-05-06 00:43:35+00:00,2.94,36.31,39.625,37,12.0,B (Inestable),Express,IO,medium
2026-05-06 00:43:38+00:00,4.21,37.05,39.625,42,15.0,B (Inestable),Express,IO,medium
2026-05-06 00:43:40+00:00,2.4,37.14,39.625,38,17.0,B (Inestable),Express,IO,medium
2026-05-06 00:43:42+00:00,2.71,36.69,39.625,23,19.0,B (Inestable),Express,IO,medium
2026-05-06 00:50:22+00:00,38.87,33.56,39.625,9,0.0,B (Inestable),Express,CPU,medium
2026-05-06 00:50:25+00:00,38.3,33.26,39.625,6,3.0,B (Inestable),Express,CPU,medium
2026-05-06 00:50:27+00:00,40.07,40.91,39.625,7,5.0,B (Inestable),Express,CPU,medium
2026-05-06 00:50:29+00:00,36.83,40.72,39.625,7,7.0,B (Inestable),Express,CPU,medium
2026-05-06 00:50:31+00:00,36.0,41.01,39.625,10,9.0,B (Inestable),Express,CPU,medium
2026-05-06 00:50:33+00:00,38.11,40.99,39.625,9,11.0,B (Inestable),Express,CPU,medium
2026-05-06 00:50:35+00:00,36.78,37.14,39.625,5,13.0,B (Inestable),Express,CPU,medium
2026-05-06 00:50:37+00:00,33.59,37.07,39.625,1,15.0,B (Inestable),Express,CPU,medium
2026-05-06 00:50:39+00:00,38.48,37.39,39.625,4,17.0,B (Inestable),Express,CPU,medium
2026-05-06 00:50:41+00:00,25.24,37.29,39.625,3,19.0,B (Inestable),Express,CPU,medium
2026-05-06 00:53:33+00:00,6.26,37.34,39.625,65,0.0,B (Inestable),Express,IO,high
2026-05-06 00:53:35+00:00,4.32,37.34,39.625,66,2.0,B (Inestable),Express,IO,high
2026-05-06 00:53:37+00:00,4.2,37.55,39.625,69,4.0,B (Inestable),Express,IO,high
2026-05-06 00:53:39+00:00,4.37,38.23,39.625,71,6.0,B (Inestable),Express,IO,high
2026-05-06 00:53:42+00:00,4.28,38.54,39.625,59,9.0,B (Inestable),Express,IO,high
2026-05-06 00:53:44+00:00,4.15,38.36,39.625,64,11.0,B (Inestable),Express,IO,high
2026-05-06 00:53:46+00:00,3.55,38.55,39.625,74,13.0,B (Inestable),Express,IO,high
2026-05-06 00:53:48+00:00,6.26,38.09,39.625,82,15.0,B (Inestable),Express,IO,high
2026-05-06 00:53:50+00:00,4.04,38.17,39.625,66,17.0,B (Inestable),Express,IO,high
2026-05-06 00:53:52+00:00,6.71,38.24,39.625,57,19.0,B (Inestable),Express,IO,high
2026-05-06 00:38:56+00:00,2.49,41.34,39.75,2,0.0,B (Inestable),FastAPI,CPU,low
2026-05-06 00:38:59+00:00,2.83,41.22,39.75,2,3.0,B (Inestable),FastAPI,CPU,low
2026-05-06 00:39:01+00:00,2.51,41.25,39.75,0,5.0,B (Inestable),FastAPI,CPU,low
2026-05-06 00:39:03+00:00,2.92,41.15,39.75,0,7.0,B (Inestable),FastAPI,CPU,low
2026-05-06 00:39:05+00:00,2.12,41.21,39.75,1,9.0,B (Inestable),FastAPI,CPU,low
2026-05-06 00:39:07+00:00,3.17,41.37,39.75,0,11.0,B (Inestable),FastAPI,CPU,low
2026-05-06 00:39:09+00:00,3.49,41.51,39.75,0,13.0,B (Inestable),FastAPI,CPU,low
2026-05-06 00:39:11+00:00,2.47,41.09,39.75,0,15.0,B (Inestable),FastAPI,CPU,low
2026-05-06 00:39:13+00:00,2.38,41.24,39.75,1,17.0,B (Inestable),FastAPI,CPU,low
2026-05-06 00:39:15+00:00,2.76,41.27,39.75,0,19.0,B (Inestable),FastAPI,CPU,low
2026-05-06 01:53:22+00:00,9.43,45.72,38.875,68,0.0,B (Inestable),FastAPI,IO,high
2026-05-06 01:53:24+00:00,10.46,46.64,38.875,71,2.0,B (Inestable),FastAPI,IO,high
2026-05-06 01:53:26+00:00,10.32,46.5,38.875,67,4.0,B (Inestable),FastAPI,IO,high
2026-05-06 01:53:28+00:00,10.47,45.93,38.875,71,6.0,B (Inestable),FastAPI,IO,high
2026-05-06 01:53:30+00:00,9.77,45.87,38.875,61,8.0,B (Inestable),FastAPI,IO,high
2026-05-06 01:53:32+00:00,10.22,45.88,38.875,67,10.0,B (Inestable),FastAPI,IO,high
2026-05-06 01:53:34+00:00,10.74,45.99,39.0,65,12.0,B (Inestable),FastAPI,IO,high
2026-05-06 01:53:36+00:00,9.3,45.51,39.0,65,14.0,B (Inestable),FastAPI,IO,high
2026-05-06 01:53:39+00:00,9.69,45.61,39.0,71,17.0,B (Inestable),FastAPI,IO,high
2026-05-06 01:53:41+00:00,7.83,45.73,39.0,50,19.0,B (Inestable),FastAPI,IO,high
2026-05-06 00:17:57+00:00,1.42,29.38,39.25,10,0.0,B (Inestable),Express,IO,low
2026-05-06 00:17:59+00:00,1.51,30.07,39.25,9,2.0,B (Inestable),Express,IO,low
2026-05-06 00:18:01+00:00,1.58,30.07,39.25,8,4.0,B (Inestable),Express,IO,low
2026-05-06 00:18:03+00:00,0.82,30.18,39.375,8,6.0,B (Inestable),Express,IO,low
2026-05-06 00:18:06+00:00,1.25,30.44,39.375,9,9.0,B (Inestable),Express,IO,low
2026-05-06 00:18:08+00:00,1.35,30.8,39.375,11,11.0,B (Inestable),Express,IO,low
2026-05-06 00:18:10+00:00,1.59,31.2,39.375,7,13.0,B (Inestable),Express,IO,low
2026-05-06 00:18:12+00:00,1.2,32.23,39.375,11,15.0,B (Inestable),Express,IO,low
2026-05-06 00:18:14+00:00,1.72,32.18,39.375,12,17.0,B (Inestable),Express,IO,low
2026-05-06 00:18:16+00:00,1.42,32.25,39.375,9,19.0,B (Inestable),Express,IO,low
2026-05-06 01:59:43+00:00,4.86,32.41,38.875,35,0.0,B (Inestable),Express,IO,medium
2026-05-06 01:59:45+00:00,5.04,33.68,38.875,37,2.0,B (Inestable),Express,IO,medium
2026-05-06 01:59:48+00:00,3.07,35.72,38.875,34,5.0,B (Inestable),Express,IO,medium
2026-05-06 01:59:50+00:00,3.13,35.72,38.875,24,7.0,B (Inestable),Express,IO,medium
2026-05-06 01:59:52+00:00,3.07,36.29,38.875,29,9.0,B (Inestable),Express,IO,medium
2026-05-06 01:59:54+00:00,2.62,36.48,38.875,42,11.0,B (Inestable),Express,IO,medium
2026-05-06 01:59:56+00:00,2.73,36.35,38.875,36,13.0,B (Inestable),Express,IO,medium
2026-05-06 01:59:58+00:00,4.42,37.16,38.875,38,15.0,B (Inestable),Express,IO,medium
2026-05-06 02:00:00+00:00,2.69,37.12,38.875,38,17.0,B (Inestable),Express,IO,medium
2026-05-06 02:00:02+00:00,2.6,37.24,38.875,26,19.0,B (Inestable),Express,IO,medium
2026-05-06 00:38:18+00:00,6.61,37.41,39.875,81,0.0,B (Inestable),Express,IO,high
2026-05-06 00:38:20+00:00,4.19,37.5,39.875,73,2.0,B (Inestable),Express,IO,high
2026-05-06 00:38:22+00:00,4.58,37.97,39.875,70,4.0,B (Inestable),Express,IO,high
2026-05-06 00:38:25+00:00,5.24,38.29,39.875,67,7.0,B (Inestable),Express,IO,high
2026-05-06 00:38:27+00:00,4.32,38.14,39.875,64,9.0,B (Inestable),Express,IO,high
2026-05-06 00:38:29+00:00,4.32,38.2,39.875,73,11.0,B (Inestable),Express,IO,high
2026-05-06 00:38:31+00:00,4.05,38.36,39.875,72,13.0,B (Inestable),Express,IO,high
2026-05-06 00:38:33+00:00,4.56,37.94,39.875,67,15.0,B (Inestable),Express,IO,high
2026-05-06 00:38:35+00:00,5.36,38.13,39.875,62,17.0,B (Inestable),Express,IO,high
2026-05-06 00:38:37+00:00,3.74,37.83,39.875,52,19.0,B (Inestable),Express,IO,high
2026-05-06 01:50:10+00:00,11.75,41.62,38.875,4,0.0,B (Inestable),FastAPI,CPU,medium
2026-05-06 01:50:13+00:00,10.0,41.33,38.875,4,3.0,B (Inestable),FastAPI,CPU,medium
2026-05-06 01:50:15+00:00,10.65,41.7,38.875,6,5.0,B (Inestable),FastAPI,CPU,medium
2026-05-06 01:50:17+00:00,10.89,41.6,38.875,9,7.0,B (Inestable),FastAPI,CPU,medium
2026-05-06 01:50:19+00:00,12.33,41.67,38.875,11,9.0,B (Inestable),FastAPI,CPU,medium
2026-05-06 01:50:21+00:00,10.49,41.55,38.875,6,11.0,B (Inestable),FastAPI,CPU,medium
2026-05-06 01:50:23+00:00,13.67,41.72,38.875,8,13.0,B (Inestable),FastAPI,CPU,medium
2026-05-06 01:50:25+00:00,10.93,41.32,38.875,1,15.0,B (Inestable),FastAPI,CPU,medium
2026-05-06 01:50:27+00:00,13.27,41.5,38.875,4,17.0,B (Inestable),FastAPI,CPU,medium
2026-05-06 01:50:29+00:00,9.91,41.37,38.875,3,19.0,B (Inestable),FastAPI,CPU,medium
2026-05-06 00:36:24+00:00,24.17,43.94,39.875,9,0.0,B (Inestable),FastAPI,CPU,high
2026-05-06 00:36:26+00:00,20.43,44.0,39.875,13,2.0,B (Inestable),FastAPI,CPU,high
2026-05-06 00:36:28+00:00,22.81,43.86,39.875,11,4.0,B (Inestable),FastAPI,CPU,high
2026-05-06 00:36:30+00:00,22.49,43.98,39.875,12,6.0,B (Inestable),FastAPI,CPU,high
2026-05-06 00:36:32+00:00,22.32,43.94,39.875,9,8.0,B (Inestable),FastAPI,CPU,high
2026-05-06 00:36:34+00:00,24.49,43.83,39.875,11,10.0,B (Inestable),FastAPI,CPU,high
2026-05-06 00:36:36+00:00,21.79,43.86,39.875,9,12.0,B (Inestable),FastAPI,CPU,high
2026-05-06 00:36:38+00:00,22.01,43.71,39.875,9,14.0,B (Inestable),FastAPI,CPU,high
2026-05-06 00:36:41+00:00,21.41,43.84,39.875,11,17.0,B (Inestable),FastAPI,CPU,high
2026-05-06 00:36:43+00:00,18.67,43.72,39.875,5,19.0,B (Inestable),FastAPI,CPU,high
2026-05-06 00:28:46+00:00,22.12,41.52,39.875,11,0.0,B (Inestable),FastAPI,CPU,high
2026-05-06 00:28:48+00:00,21.28,41.51,39.875,12,2.0,B (Inestable),FastAPI,CPU,high
2026-05-06 00:28:50+00:00,21.82,41.65,40.0,14,4.0,B (Inestable),FastAPI,CPU,high
2026-05-06 00:28:53+00:00,22.78,41.69,40.0,6,7.0,B (Inestable),FastAPI,CPU,high
2026-05-06 00:28:55+00:00,20.95,41.62,39.875,6,9.0,B (Inestable),FastAPI,CPU,high
2026-05-06 00:28:57+00:00,22.5,41.44,40.0,11,11.0,B (Inestable),FastAPI,CPU,high
2026-05-06 00:28:59+00:00,21.16,41.57,40.0,7,13.0,B (Inestable),FastAPI,CPU,high
2026-05-06 00:29:01+00:00,21.25,41.45,40.0,6,15.0,B (Inestable),FastAPI,CPU,high
2026-05-06 00:29:03+00:00,21.52,41.61,40.0,12,17.0,B (Inestable),FastAPI,CPU,high
2026-05-06 00:29:05+00:00,19.54,41.45,40.0,7,19.0,B (Inestable),FastAPI,CPU,high
2026-05-06 01:07:33+00:00,9.02,47.4,39.25,73,0.0,B (Inestable),FastAPI,IO,high
2026-05-06 01:07:35+00:00,10.22,47.72,39.25,76,2.0,B (Inestable),FastAPI,IO,high
2026-05-06 01:07:37+00:00,10.56,47.36,39.25,79,4.0,B (Inestable),FastAPI,IO,high
2026-05-06 01:07:39+00:00,9.92,47.76,39.25,66,6.0,B (Inestable),FastAPI,IO,high
2026-05-06 01:07:41+00:00,10.21,47.35,39.375,72,8.0,B (Inestable),FastAPI,IO,high
2026-05-06 01:07:44+00:00,9.6,47.73,39.375,67,11.0,B (Inestable),FastAPI,IO,high
2026-05-06 01:07:46+00:00,11.07,47.49,39.375,68,13.0,B (Inestable),FastAPI,IO,high
2026-05-06 01:07:48+00:00,9.07,47.33,39.375,70,15.0,B (Inestable),FastAPI,IO,high
2026-05-06 01:07:50+00:00,9.0,47.48,39.375,66,17.0,B (Inestable),FastAPI,IO,high
2026-05-06 01:07:52+00:00,8.66,47.36,39.375,54,19.0,B (Inestable),FastAPI,IO,high
2026-05-06 02:01:00+00:00,11.02,49.18,38.875,96,0.0,B (Inestable),FastAPI,IO,high
2026-05-06 02:01:02+00:00,11.17,48.89,38.875,79,2.0,B (Inestable),FastAPI,IO,high
2026-05-06 02:01:04+00:00,11.09,49.1,38.875,71,4.0,B (Inestable),FastAPI,IO,high
2026-05-06 02:01:06+00:00,9.03,49.48,39.0,74,6.0,B (Inestable),FastAPI,IO,high
2026-05-06 02:01:08+00:00,10.42,49.32,39.0,68,8.0,B (Inestable),FastAPI,IO,high
2026-05-06 02:01:10+00:00,10.52,49.38,39.0,71,10.0,B (Inestable),FastAPI,IO,high
2026-05-06 02:01:13+00:00,10.12,49.49,39.0,70,13.0,B (Inestable),FastAPI,IO,high
2026-05-06 02:01:15+00:00,9.07,49.6,38.875,71,15.0,B (Inestable),FastAPI,IO,high
2026-05-06 02:01:17+00:00,9.72,49.47,38.875,68,17.0,B (Inestable),FastAPI,IO,high
2026-05-06 02:01:19+00:00,8.21,49.54,39.0,47,19.0,B (Inestable),FastAPI,IO,high
2026-05-06 00:19:52+00:00,34.58,40.79,39.75,10,0.0,B (Inestable),Express,CPU,medium
2026-05-06 00:19:54+00:00,32.41,41.18,39.75,4,2.0,B (Inestable),Express,CPU,medium
2026-05-06 00:19:56+00:00,32.21,42.93,39.75,11,4.0,B (Inestable),Express,CPU,medium
2026-05-06 00:19:58+00:00,43.69,43.53,39.75,3,6.0,B (Inestable),Express,CPU,medium
2026-05-06 00:20:00+00:00,38.53,42.97,39.75,3,8.0,B (Inestable),Express,CPU,medium
2026-05-06 00:20:02+00:00,37.35,43.81,39.75,5,10.0,B (Inestable),Express,CPU,medium
2026-05-06 00:20:04+00:00,35.12,39.34,39.75,4,12.0,B (Inestable),Express,CPU,medium
2026-05-06 00:20:06+00:00,35.98,39.1,39.75,5,14.0,B (Inestable),Express,CPU,medium
2026-05-06 00:20:09+00:00,31.62,39.29,39.75,6,17.0,B (Inestable),Express,CPU,medium
2026-05-06 00:20:11+00:00,24.41,39.31,39.75,4,19.0,B (Inestable),Express,CPU,medium
2026-05-06 00:25:35+00:00,1.41,27.22,39.875,8,0.0,B (Inestable),Express,IO,low
2026-05-06 00:25:37+00:00,2.43,27.48,40.0,7,2.0,B (Inestable),Express,IO,low
2026-05-06 00:25:39+00:00,1.23,28.25,40.0,7,4.0,B (Inestable),Express,IO,low
2026-05-06 00:25:41+00:00,1.32,28.55,39.875,9,6.0,B (Inestable),Express,IO,low
2026-05-06 00:25:43+00:00,1.52,28.96,39.875,6,8.0,B (Inestable),Express,IO,low
2026-05-06 00:25:46+00:00,1.53,29.36,40.0,8,11.0,B (Inestable),Express,IO,low
2026-05-06 00:25:48+00:00,1.4,29.88,40.0,6,13.0,B (Inestable),Express,IO,low
2026-05-06 00:25:50+00:00,1.32,30.03,40.0,10,15.0,B (Inestable),Express,IO,low
2026-05-06 00:25:52+00:00,1.2,30.17,40.0,9,17.0,B (Inestable),Express,IO,low
2026-05-06 00:25:54+00:00,0.81,30.4,39.875,8,19.0,B (Inestable),Express,IO,low
2026-05-06 01:22:49+00:00,9.32,46.16,39.125,66,0.0,B (Inestable),FastAPI,IO,high
2026-05-06 01:22:52+00:00,9.75,46.03,39.125,67,3.0,B (Inestable),FastAPI,IO,high
2026-05-06 01:22:54+00:00,10.12,45.88,39.125,67,5.0,B (Inestable),FastAPI,IO,high
2026-05-06 01:22:56+00:00,9.25,45.54,39.125,67,7.0,B (Inestable),FastAPI,IO,high
2026-05-06 01:22:58+00:00,9.24,45.91,39.125,70,9.0,B (Inestable),FastAPI,IO,high
2026-05-06 01:23:00+00:00,10.26,45.77,39.125,69,11.0,B (Inestable),FastAPI,IO,high
2026-05-06 01:23:02+00:00,10.86,45.88,39.25,75,13.0,B (Inestable),FastAPI,IO,high
2026-05-06 01:23:04+00:00,9.57,45.92,39.25,69,15.0,B (Inestable),FastAPI,IO,high
2026-05-06 01:23:06+00:00,9.69,46.05,39.25,63,17.0,B (Inestable),FastAPI,IO,high
2026-05-06 01:23:08+00:00,8.47,45.91,39.25,49,19.0,B (Inestable),FastAPI,IO,high
2026-05-06 02:06:05+00:00,5.4,45.37,38.875,33,0.0,B (Inestable),FastAPI,IO,medium
2026-05-06 02:06:07+00:00,4.98,45.78,38.875,33,2.0,B (Inestable),FastAPI,IO,medium
2026-05-06 02:06:09+00:00,4.82,45.91,38.875,31,4.0,B (Inestable),FastAPI,IO,medium
2026-05-06 02:06:11+00:00,5.29,45.83,38.875,28,6.0,B (Inestable),FastAPI,IO,medium
2026-05-06 02:06:13+00:00,4.85,46.09,38.875,33,8.0,B (Inestable),FastAPI,IO,medium
2026-05-06 02:06:15+00:00,5.58,46.39,38.875,39,10.0,B (Inestable),FastAPI,IO,medium
2026-05-06 02:06:18+00:00,5.42,46.3,38.875,37,13.0,B (Inestable),FastAPI,IO,medium
2026-05-06 02:06:20+00:00,5.14,45.99,38.875,29,15.0,B (Inestable),FastAPI,IO,medium
2026-05-06 02:06:22+00:00,5.25,46.16,38.875,31,17.0,B (Inestable),FastAPI,IO,medium
2026-05-06 02:06:24+00:00,4.66,45.7,38.875,25,19.0,B (Inestable),FastAPI,IO,medium
2026-05-06 00:46:34+00:00,3.67,41.17,39.5,2,0.0,B (Inestable),FastAPI,CPU,low
2026-05-06 00:46:36+00:00,2.72,41.35,39.5,2,2.0,B (Inestable),FastAPI,CPU,low
2026-05-06 00:46:38+00:00,2.38,41.25,39.5,3,4.0,B (Inestable),FastAPI,CPU,low
2026-05-06 00:46:40+00:00,3.07,41.43,39.625,3,6.0,B (Inestable),FastAPI,CPU,low
2026-05-06 00:46:42+00:00,3.65,41.36,39.625,0,8.0,B (Inestable),FastAPI,CPU,low
2026-05-06 00:46:44+00:00,3.3,41.24,39.625,1,10.0,B (Inestable),FastAPI,CPU,low
2026-05-06 00:46:46+00:00,2.74,41.52,39.625,3,12.0,B (Inestable),FastAPI,CPU,low
2026-05-06 00:46:49+00:00,3.06,41.36,39.625,0,15.0,B (Inestable),FastAPI,CPU,low
2026-05-06 00:46:51+00:00,3.06,41.27,39.625,1,17.0,B (Inestable),FastAPI,CPU,low
2026-05-06 00:46:53+00:00,2.08,41.46,39.625,0,19.0,B (Inestable),FastAPI,CPU,low
2026-05-06 01:26:39+00:00,1.64,27.97,38.875,9,0.0,B (Inestable),Express,IO,low
2026-05-06 01:26:41+00:00,1.45,28.06,38.875,10,2.0,B (Inestable),Express,IO,low
2026-05-06 01:26:43+00:00,1.13,28.48,38.875,10,4.0,B (Inestable),Express,IO,low
2026-05-06 01:26:45+00:00,1.31,29.05,38.875,8,6.0,B (Inestable),Express,IO,low
2026-05-06 01:26:47+00:00,1.08,29.07,38.875,7,8.0,B (Inestable),Express,IO,low
2026-05-06 01:26:49+00:00,1.15,29.22,38.875,9,10.0,B (Inestable),Express,IO,low
2026-05-06 01:26:51+00:00,1.63,29.6,38.875,9,12.0,B (Inestable),Express,IO,low
2026-05-06 01:26:54+00:00,1.33,29.62,38.875,10,15.0,B (Inestable),Express,IO,low
2026-05-06 01:26:56+00:00,1.37,29.92,38.875,10,17.0,B (Inestable),Express,IO,low
2026-05-06 01:26:58+00:00,1.07,30.54,39.0,5,19.0,B (Inestable),Express,IO,low
2026-05-06 00:27:30+00:00,34.5,39.44,40.0,7,0.0,B (Inestable),Express,CPU,medium
2026-05-06 00:27:32+00:00,33.87,40.51,40.0,6,2.0,B (Inestable),Express,CPU,medium
2026-05-06 00:27:34+00:00,34.37,37.04,40.0,6,4.0,B (Inestable),Express,CPU,medium
2026-05-06 00:27:36+00:00,38.47,36.72,40.0,4,6.0,B (Inestable),Express,CPU,medium
2026-05-06 00:27:38+00:00,35.88,36.77,40.0,9,8.0,B (Inestable),Express,CPU,medium
2026-05-06 00:27:40+00:00,33.67,36.63,40.0,6,10.0,B (Inestable),Express,CPU,medium
2026-05-06 00:27:42+00:00,38.29,41.72,40.0,4,12.0,B (Inestable),Express,CPU,medium
2026-05-06 00:27:45+00:00,36.93,40.54,40.0,5,15.0,B (Inestable),Express,CPU,medium
2026-05-06 00:27:47+00:00,33.47,41.66,40.125,2,17.0,B (Inestable),Express,CPU,medium
2026-05-06 00:27:49+00:00,25.84,40.93,40.0,1,19.0,B (Inestable),Express,CPU,medium
2026-05-06 00:47:50+00:00,7.56,27.0,39.375,0,0.0,B (Inestable),Express,CPU,low
2026-05-06 00:47:52+00:00,8.24,28.06,39.5,1,2.0,B (Inestable),Express,CPU,low
2026-05-06 00:47:54+00:00,7.22,28.48,39.5,2,4.0,B (Inestable),Express,CPU,low
2026-05-06 00:47:56+00:00,8.28,28.75,39.5,0,6.0,B (Inestable),Express,CPU,low
2026-05-06 00:47:59+00:00,8.2,29.62,39.5,0,9.0,B (Inestable),Express,CPU,low
2026-05-06 00:48:01+00:00,6.9,30.16,39.5,1,11.0,B (Inestable),Express,CPU,low
2026-05-06 00:48:03+00:00,6.03,30.46,39.5,1,13.0,B (Inestable),Express,CPU,low
2026-05-06 00:48:05+00:00,8.11,31.32,39.5,2,15.0,B (Inestable),Express,CPU,low
2026-05-06 00:48:07+00:00,9.89,31.86,39.5,0,17.0,B (Inestable),Express,CPU,low
2026-05-06 00:48:09+00:00,10.05,31.8,39.5,0,19.0,B (Inestable),Express,CPU,low
2026-05-06 00:16:03+00:00,1.82,65.14,38.5,1,0.0,B (Inestable),FastAPI,CPU,low
2026-05-06 00:16:05+00:00,3.69,65.07,38.5,1,2.0,B (Inestable),FastAPI,CPU,low
2026-05-06 00:16:07+00:00,2.37,65.12,38.625,0,4.0,B (Inestable),FastAPI,CPU,low
2026-05-06 00:16:09+00:00,2.74,65.06,38.625,2,6.0,B (Inestable),FastAPI,CPU,low
2026-05-06 00:16:11+00:00,3.13,65.23,38.625,0,8.0,B (Inestable),FastAPI,CPU,low
2026-05-06 00:16:14+00:00,2.75,65.27,38.625,2,11.0,B (Inestable),FastAPI,CPU,low
2026-05-06 00:16:16+00:00,2.85,65.13,38.625,0,13.0,B (Inestable),FastAPI,CPU,low
2026-05-06 00:16:18+00:00,2.65,65.32,38.625,0,15.0,B (Inestable),FastAPI,CPU,low
2026-05-06 00:16:20+00:00,2.78,65.21,38.75,1,17.0,B (Inestable),FastAPI,CPU,low
2026-05-06 00:16:22+00:00,3.1,65.11,38.75,0,19.0,B (Inestable),FastAPI,CPU,low
2026-05-06 03:51:38+00:00,1.31,41.85,39.625,12,0.0,C (Caos),FastAPI,IO,low
2026-05-06 03:51:40+00:00,1.18,42.1,39.625,8,2.0,C (Caos),FastAPI,IO,low
2026-05-06 03:51:43+00:00,1.36,42.18,39.625,7,5.0,C (Caos),FastAPI,IO,low
2026-05-06 03:51:45+00:00,0.95,42.11,39.625,8,7.0,C (Caos),FastAPI,IO,low
2026-05-06 03:51:47+00:00,1.2,42.25,39.625,14,9.0,C (Caos),FastAPI,IO,low
2026-05-06 03:51:49+00:00,1.52,42.43,39.625,7,11.0,C (Caos),FastAPI,IO,low
2026-05-06 03:51:51+00:00,0.46,42.66,39.625,12,13.0,C (Caos),FastAPI,IO,low
2026-05-06 03:51:53+00:00,1.3,42.83,39.625,16,15.0,C (Caos),FastAPI,IO,low
2026-05-06 03:51:55+00:00,1.57,43.04,39.625,14,17.0,C (Caos),FastAPI,IO,low
2026-05-06 03:51:57+00:00,1.36,42.93,39.625,11,19.0,C (Caos),FastAPI,IO,low
2026-05-06 04:06:55+00:00,1.24,42.11,39.75,8,0.0,C (Caos),FastAPI,IO,low
2026-05-06 04:06:57+00:00,1.5,42.3,39.75,11,2.0,C (Caos),FastAPI,IO,low
2026-05-06 04:06:59+00:00,1.11,42.41,39.75,8,4.0,C (Caos),FastAPI,IO,low
2026-05-06 04:07:01+00:00,1.21,42.23,39.75,11,6.0,C (Caos),FastAPI,IO,low
2026-05-06 04:07:03+00:00,1.47,42.21,39.75,7,8.0,C (Caos),FastAPI,IO,low
2026-05-06 04:07:05+00:00,1.27,42.6,39.75,10,10.0,C (Caos),FastAPI,IO,low
2026-05-06 04:07:07+00:00,1.54,42.86,39.75,13,12.0,C (Caos),FastAPI,IO,low
2026-05-06 04:07:09+00:00,1.7,42.75,39.75,11,14.0,C (Caos),FastAPI,IO,low
2026-05-06 04:07:11+00:00,1.65,42.92,39.75,10,16.0,C (Caos),FastAPI,IO,low
2026-05-06 04:07:14+00:00,1.51,42.83,39.75,8,19.0,C (Caos),FastAPI,IO,low
2026-05-06 04:03:05+00:00,4.87,32.49,39.625,47,0.0,C (Caos),Express,IO,medium
2026-05-06 04:03:08+00:00,3.88,33.41,39.625,52,3.0,C (Caos),Express,IO,medium
2026-05-06 04:03:10+00:00,7.09,35.62,39.75,39,5.0,C (Caos),Express,IO,medium
2026-05-06 04:03:12+00:00,2.51,35.57,39.75,45,7.0,C (Caos),Express,IO,medium
2026-05-06 04:03:14+00:00,2.6,35.87,39.625,44,9.0,C (Caos),Express,IO,medium
2026-05-06 04:03:16+00:00,2.96,35.99,39.625,50,11.0,C (Caos),Express,IO,medium
2026-05-06 04:03:18+00:00,3.07,36.35,39.75,45,13.0,C (Caos),Express,IO,medium
2026-05-06 04:03:20+00:00,2.8,36.82,39.75,44,15.0,C (Caos),Express,IO,medium
2026-05-06 04:03:22+00:00,2.4,37.41,39.75,41,17.0,C (Caos),Express,IO,medium
2026-05-06 04:03:24+00:00,2.13,37.24,39.75,34,19.0,C (Caos),Express,IO,medium
2026-05-06 04:53:23+00:00,8.06,26.8,38.875,0,0.0,C (Caos),Express,CPU,low
2026-05-06 04:53:25+00:00,7.08,27.61,38.875,2,2.0,C (Caos),Express,CPU,low
2026-05-06 04:53:27+00:00,6.98,28.1,38.875,3,4.0,C (Caos),Express,CPU,low
2026-05-06 04:53:29+00:00,8.9,28.35,38.875,1,6.0,C (Caos),Express,CPU,low
2026-05-06 04:53:31+00:00,6.02,29.02,38.875,5,8.0,C (Caos),Express,CPU,low
2026-05-06 04:53:33+00:00,8.17,29.57,38.875,1,10.0,C (Caos),Express,CPU,low
2026-05-06 04:53:35+00:00,7.1,29.81,38.875,1,12.0,C (Caos),Express,CPU,low
2026-05-06 04:53:38+00:00,5.01,30.31,38.875,1,15.0,C (Caos),Express,CPU,low
2026-05-06 04:53:40+00:00,6.88,31.05,39.0,0,17.0,C (Caos),Express,CPU,low
2026-05-06 04:53:42+00:00,4.89,31.38,39.0,1,19.0,C (Caos),Express,CPU,low
2026-05-06 04:43:50+00:00,4.98,38.38,39.875,97,0.0,C (Caos),Express,IO,high
2026-05-06 04:43:52+00:00,4.42,38.45,39.875,97,2.0,C (Caos),Express,IO,high
2026-05-06 04:43:54+00:00,3.97,38.81,39.875,101,4.0,C (Caos),Express,IO,high
2026-05-06 04:43:56+00:00,6.17,38.89,39.875,88,6.0,C (Caos),Express,IO,high
2026-05-06 04:43:58+00:00,4.18,38.9,39.875,75,8.0,C (Caos),Express,IO,high
2026-05-06 04:44:00+00:00,3.58,38.97,39.875,68,10.0,C (Caos),Express,IO,high
2026-05-06 04:44:02+00:00,4.09,39.07,39.875,97,12.0,C (Caos),Express,IO,high
2026-05-06 04:44:04+00:00,3.67,39.14,39.875,99,14.0,C (Caos),Express,IO,high
2026-05-06 04:44:07+00:00,3.79,38.75,39.875,89,17.0,C (Caos),Express,IO,high
2026-05-06 04:44:09+00:00,3.45,38.77,39.875,72,19.0,C (Caos),Express,IO,high
2026-05-06 04:33:00+00:00,34.09,39.62,39.875,12,0.0,C (Caos),Express,CPU,medium
2026-05-06 04:33:02+00:00,35.04,40.13,39.875,15,2.0,C (Caos),Express,CPU,medium
2026-05-06 04:33:04+00:00,40.93,41.17,39.875,10,4.0,C (Caos),Express,CPU,medium
2026-05-06 04:33:07+00:00,27.28,43.04,39.875,13,7.0,C (Caos),Express,CPU,medium
2026-05-06 04:33:09+00:00,30.95,42.82,39.875,15,9.0,C (Caos),Express,CPU,medium
2026-05-06 04:33:11+00:00,30.24,43.05,39.875,15,11.0,C (Caos),Express,CPU,medium
2026-05-06 04:33:13+00:00,20.29,43.18,39.875,12,13.0,C (Caos),Express,CPU,medium
2026-05-06 04:33:15+00:00,32.77,43.16,39.875,16,15.0,C (Caos),Express,CPU,medium
2026-05-06 04:33:17+00:00,36.7,43.31,39.875,10,17.0,C (Caos),Express,CPU,medium
2026-05-06 04:33:19+00:00,20.32,42.94,39.875,7,19.0,C (Caos),Express,CPU,medium
2026-05-06 04:12:00+00:00,10.13,46.39,39.875,89,0.0,C (Caos),FastAPI,IO,high
2026-05-06 04:12:02+00:00,9.88,46.0,39.875,83,2.0,C (Caos),FastAPI,IO,high
2026-05-06 04:12:04+00:00,8.64,46.14,39.875,78,4.0,C (Caos),FastAPI,IO,high
2026-05-06 04:12:06+00:00,9.02,46.27,39.875,77,6.0,C (Caos),FastAPI,IO,high
2026-05-06 04:12:09+00:00,8.68,46.36,39.875,88,9.0,C (Caos),FastAPI,IO,high
2026-05-06 04:12:11+00:00,9.54,46.52,39.875,93,11.0,C (Caos),FastAPI,IO,high
2026-05-06 04:12:13+00:00,8.19,46.74,39.875,99,13.0,C (Caos),FastAPI,IO,high
2026-05-06 04:12:15+00:00,9.22,46.81,39.875,90,15.0,C (Caos),FastAPI,IO,high
2026-05-06 04:12:17+00:00,9.22,46.76,39.875,87,17.0,C (Caos),FastAPI,IO,high
2026-05-06 04:12:19+00:00,7.68,46.87,39.875,76,19.0,C (Caos),FastAPI,IO,high
2026-05-06 03:55:27+00:00,4.08,32.75,39.75,47,0.0,C (Caos),Express,IO,medium
2026-05-06 03:55:29+00:00,4.71,33.81,39.75,51,2.0,C (Caos),Express,IO,medium
2026-05-06 03:55:31+00:00,3.67,34.87,39.75,60,4.0,C (Caos),Express,IO,medium
2026-05-06 03:55:33+00:00,2.98,36.35,39.75,55,6.0,C (Caos),Express,IO,medium
2026-05-06 03:55:35+00:00,2.69,36.31,39.75,54,8.0,C (Caos),Express,IO,medium
2026-05-06 03:55:38+00:00,3.03,36.01,39.75,50,11.0,C (Caos),Express,IO,medium
2026-05-06 03:55:40+00:00,3.08,36.25,39.75,40,13.0,C (Caos),Express,IO,medium
2026-05-06 03:55:42+00:00,4.59,36.9,39.75,46,15.0,C (Caos),Express,IO,medium
2026-05-06 03:55:44+00:00,2.82,37.22,39.75,51,17.0,C (Caos),Express,IO,medium
2026-05-06 03:55:46+00:00,2.26,37.04,39.75,36,19.0,C (Caos),Express,IO,medium
2026-05-06 05:23:19+00:00,1.91,42.01,38.5,11,0.0,C (Caos),FastAPI,IO,low
2026-05-06 05:23:21+00:00,1.31,41.93,38.375,12,2.0,C (Caos),FastAPI,IO,low
2026-05-06 05:23:23+00:00,1.48,42.36,38.375,11,4.0,C (Caos),FastAPI,IO,low
2026-05-06 05:23:25+00:00,0.92,42.54,38.375,13,6.0,C (Caos),FastAPI,IO,low
2026-05-06 05:23:27+00:00,1.31,42.43,38.5,14,8.0,C (Caos),FastAPI,IO,low
2026-05-06 05:23:29+00:00,1.67,42.98,38.375,13,10.0,C (Caos),FastAPI,IO,low
2026-05-06 05:23:31+00:00,1.29,42.95,38.5,11,12.0,C (Caos),FastAPI,IO,low
2026-05-06 05:23:34+00:00,1.32,42.82,38.5,14,15.0,C (Caos),FastAPI,IO,low
2026-05-06 05:23:36+00:00,2.06,42.98,38.375,12,17.0,C (Caos),FastAPI,IO,low
2026-05-06 05:23:38+00:00,1.04,43.2,38.375,10,19.0,C (Caos),FastAPI,IO,low
2026-05-06 05:11:12+00:00,31.64,33.52,38.625,8,0.0,C (Caos),Express,CPU,medium
2026-05-06 05:11:15+00:00,28.3,33.36,38.625,4,3.0,C (Caos),Express,CPU,medium
2026-05-06 05:11:17+00:00,25.29,33.91,38.75,9,5.0,C (Caos),Express,CPU,medium
2026-05-06 05:11:19+00:00,34.59,34.71,38.75,11,7.0,C (Caos),Express,CPU,medium
2026-05-06 05:11:21+00:00,36.68,34.75,38.75,9,9.0,C (Caos),Express,CPU,medium
2026-05-06 05:11:23+00:00,36.1,34.61,38.75,12,11.0,C (Caos),Express,CPU,medium
2026-05-06 05:11:25+00:00,34.0,35.21,38.75,9,13.0,C (Caos),Express,CPU,medium
2026-05-06 05:11:27+00:00,32.5,40.46,38.75,14,15.0,C (Caos),Express,CPU,medium
2026-05-06 05:11:29+00:00,33.9,40.95,38.75,16,17.0,C (Caos),Express,CPU,medium
2026-05-06 05:11:32+00:00,29.36,41.88,38.75,16,20.0,C (Caos),Express,CPU,medium
2026-05-06 03:50:22+00:00,4.54,38.27,39.75,86,0.0,C (Caos),Express,IO,high
2026-05-06 03:50:24+00:00,4.68,38.65,39.75,84,2.0,C (Caos),Express,IO,high
2026-05-06 03:50:26+00:00,4.19,38.91,39.75,82,4.0,C (Caos),Express,IO,high
2026-05-06 03:50:29+00:00,6.78,38.72,39.75,93,7.0,C (Caos),Express,IO,high
2026-05-06 03:50:31+00:00,4.0,39.01,39.875,86,9.0,C (Caos),Express,IO,high
2026-05-06 03:50:33+00:00,5.87,39.38,39.75,90,11.0,C (Caos),Express,IO,high
2026-05-06 03:50:35+00:00,3.74,39.45,39.75,81,13.0,C (Caos),Express,IO,high
2026-05-06 03:50:37+00:00,4.31,39.42,39.75,88,15.0,C (Caos),Express,IO,high
2026-05-06 03:50:39+00:00,4.23,39.09,39.875,89,17.0,C (Caos),Express,IO,high
2026-05-06 03:50:41+00:00,3.51,39.12,39.75,66,19.0,C (Caos),Express,IO,high
2026-05-06 03:47:49+00:00,4.54,32.92,39.625,43,0.0,C (Caos),Express,IO,medium
2026-05-06 03:47:51+00:00,3.14,33.25,39.625,45,2.0,C (Caos),Express,IO,medium
2026-05-06 03:47:54+00:00,6.36,35.39,39.625,42,5.0,C (Caos),Express,IO,medium
2026-05-06 03:47:56+00:00,3.15,36.37,39.625,45,7.0,C (Caos),Express,IO,medium
2026-05-06 03:47:58+00:00,2.81,36.36,39.625,46,9.0,C (Caos),Express,IO,medium
2026-05-06 03:48:00+00:00,3.0,36.43,39.625,43,11.0,C (Caos),Express,IO,medium
2026-05-06 03:48:02+00:00,2.81,36.34,39.625,46,13.0,C (Caos),Express,IO,medium
2026-05-06 03:48:04+00:00,3.02,36.53,39.625,47,15.0,C (Caos),Express,IO,medium
2026-05-06 03:48:06+00:00,2.62,37.19,39.75,43,17.0,C (Caos),Express,IO,medium
2026-05-06 03:48:08+00:00,2.36,37.14,39.75,39,19.0,C (Caos),Express,IO,medium
2026-05-06 05:15:02+00:00,2.36,41.11,38.5,5,0.0,C (Caos),FastAPI,CPU,low
2026-05-06 05:15:04+00:00,1.47,41.37,38.5,6,2.0,C (Caos),FastAPI,CPU,low
2026-05-06 05:15:06+00:00,1.75,41.3,38.5,4,4.0,C (Caos),FastAPI,CPU,low
2026-05-06 05:15:08+00:00,2.36,41.49,38.5,3,6.0,C (Caos),FastAPI,CPU,low
2026-05-06 05:15:10+00:00,2.65,41.28,38.5,4,8.0,C (Caos),FastAPI,CPU,low
2026-05-06 05:15:12+00:00,2.66,41.46,38.625,1,10.0,C (Caos),FastAPI,CPU,low
2026-05-06 05:15:15+00:00,2.06,41.57,38.625,2,13.0,C (Caos),FastAPI,CPU,low
2026-05-06 05:15:17+00:00,1.85,41.18,38.625,3,15.0,C (Caos),FastAPI,CPU,low
2026-05-06 05:15:19+00:00,1.8,41.36,38.625,1,17.0,C (Caos),FastAPI,CPU,low
2026-05-06 05:15:21+00:00,2.33,41.28,38.625,2,19.0,C (Caos),FastAPI,CPU,low
2026-05-06 03:52:54+00:00,1.32,27.11,39.625,14,0.0,C (Caos),Express,IO,low
2026-05-06 03:52:57+00:00,1.04,27.64,39.625,12,3.0,C (Caos),Express,IO,low
2026-05-06 03:52:59+00:00,1.56,28.45,39.625,15,5.0,C (Caos),Express,IO,low
2026-05-06 03:53:01+00:00,1.26,28.62,39.625,13,7.0,C (Caos),Express,IO,low
2026-05-06 03:53:03+00:00,1.26,28.79,39.625,13,9.0,C (Caos),Express,IO,low
2026-05-06 03:53:05+00:00,1.23,29.17,39.625,11,11.0,C (Caos),Express,IO,low
2026-05-06 03:53:07+00:00,0.59,29.18,39.625,7,13.0,C (Caos),Express,IO,low
2026-05-06 03:53:09+00:00,1.34,29.31,39.625,12,15.0,C (Caos),Express,IO,low
2026-05-06 03:53:11+00:00,1.11,29.72,39.625,13,17.0,C (Caos),Express,IO,low
2026-05-06 03:53:13+00:00,1.52,29.8,39.625,9,19.0,C (Caos),Express,IO,low
2026-05-06 05:13:45+00:00,66.47,50.02,38.875,27,0.0,C (Caos),Express,CPU,high
2026-05-06 05:13:48+00:00,64.43,46.57,38.875,19,3.0,C (Caos),Express,CPU,high
2026-05-06 05:13:50+00:00,57.25,46.52,38.875,27,5.0,C (Caos),Express,CPU,high
2026-05-06 05:13:52+00:00,59.14,46.73,38.875,30,7.0,C (Caos),Express,CPU,high
2026-05-06 05:13:54+00:00,61.7,46.44,38.875,23,9.0,C (Caos),Express,CPU,high
2026-05-06 05:13:56+00:00,65.47,46.32,38.875,27,11.0,C (Caos),Express,CPU,high
2026-05-06 05:13:58+00:00,57.13,46.46,38.875,22,13.0,C (Caos),Express,CPU,high
2026-05-06 05:14:00+00:00,68.0,46.83,38.875,22,15.0,C (Caos),Express,CPU,high
2026-05-06 05:14:02+00:00,68.77,46.16,38.875,27,17.0,C (Caos),Express,CPU,high
2026-05-06 05:14:05+00:00,46.6,45.52,38.875,16,20.0,C (Caos),Express,CPU,high
2026-05-06 04:26:00+00:00,4.02,32.99,39.75,61,0.0,C (Caos),Express,IO,medium
2026-05-06 04:26:02+00:00,3.34,33.38,39.75,55,2.0,C (Caos),Express,IO,medium
2026-05-06 04:26:04+00:00,3.06,35.14,39.75,61,4.0,C (Caos),Express,IO,medium
2026-05-06 04:26:06+00:00,3.5,36.67,39.75,59,6.0,C (Caos),Express,IO,medium
2026-05-06 04:26:08+00:00,3.06,36.66,39.75,45,8.0,C (Caos),Express,IO,medium
2026-05-06 04:26:11+00:00,2.97,37.32,39.75,65,11.0,C (Caos),Express,IO,medium
2026-05-06 04:26:13+00:00,3.12,36.8,39.75,51,13.0,C (Caos),Express,IO,medium
2026-05-06 04:26:15+00:00,5.11,37.66,39.75,55,15.0,C (Caos),Express,IO,medium
2026-05-06 04:26:17+00:00,2.74,37.23,39.75,50,17.0,C (Caos),Express,IO,medium
2026-05-06 04:26:19+00:00,2.3,37.33,39.75,43,19.0,C (Caos),Express,IO,medium
2026-05-06 04:45:44+00:00,4.91,26.92,39.625,1,0.0,C (Caos),Express,CPU,low
2026-05-06 04:45:47+00:00,6.06,27.22,39.625,1,3.0,C (Caos),Express,CPU,low
2026-05-06 04:45:49+00:00,7.21,27.59,39.625,2,5.0,C (Caos),Express,CPU,low
2026-05-06 04:45:51+00:00,5.05,28.3,39.625,4,7.0,C (Caos),Express,CPU,low
2026-05-06 04:45:53+00:00,6.2,28.64,39.625,3,9.0,C (Caos),Express,CPU,low
2026-05-06 04:45:55+00:00,8.83,29.29,39.625,4,11.0,C (Caos),Express,CPU,low
2026-05-06 04:45:57+00:00,7.03,29.29,39.625,2,13.0,C (Caos),Express,CPU,low
2026-05-06 04:45:59+00:00,7.7,29.7,39.625,3,15.0,C (Caos),Express,CPU,low
2026-05-06 04:46:01+00:00,7.98,29.96,39.625,0,17.0,C (Caos),Express,CPU,low
2026-05-06 04:46:03+00:00,6.9,30.72,39.75,1,19.0,C (Caos),Express,CPU,low
2026-05-06 03:47:11+00:00,32.97,33.34,39.625,17,0.0,C (Caos),Express,CPU,medium
2026-05-06 03:47:13+00:00,30.86,33.3,39.625,12,2.0,C (Caos),Express,CPU,medium
2026-05-06 03:47:15+00:00,30.44,34.02,39.75,18,4.0,C (Caos),Express,CPU,medium
2026-05-06 03:47:18+00:00,30.11,34.43,39.625,12,7.0,C (Caos),Express,CPU,medium
2026-05-06 03:47:20+00:00,39.23,34.48,39.75,15,9.0,C (Caos),Express,CPU,medium
2026-05-06 03:47:22+00:00,29.53,34.58,39.75,17,11.0,C (Caos),Express,CPU,medium
2026-05-06 03:47:24+00:00,33.06,35.06,39.75,8,13.0,C (Caos),Express,CPU,medium
2026-05-06 03:47:26+00:00,32.43,35.08,39.75,14,15.0,C (Caos),Express,CPU,medium
2026-05-06 03:47:28+00:00,28.36,34.85,39.75,12,17.0,C (Caos),Express,CPU,medium
2026-05-06 03:47:30+00:00,20.41,34.62,39.75,7,19.0,C (Caos),Express,CPU,medium
2026-05-06 04:18:22+00:00,4.79,33.42,39.75,48,0.0,C (Caos),Express,IO,medium
2026-05-06 04:18:24+00:00,3.6,33.31,39.75,43,2.0,C (Caos),Express,IO,medium
2026-05-06 04:18:26+00:00,6.27,35.41,39.75,42,4.0,C (Caos),Express,IO,medium
2026-05-06 04:18:28+00:00,2.55,36.31,39.75,48,6.0,C (Caos),Express,IO,medium
2026-05-06 04:18:30+00:00,2.71,36.24,39.75,42,8.0,C (Caos),Express,IO,medium
2026-05-06 04:18:32+00:00,2.33,36.97,39.75,45,10.0,C (Caos),Express,IO,medium
2026-05-06 04:18:34+00:00,2.82,36.86,39.75,42,12.0,C (Caos),Express,IO,medium
2026-05-06 04:18:36+00:00,2.71,36.71,39.75,48,14.0,C (Caos),Express,IO,medium
2026-05-06 04:18:39+00:00,4.28,37.57,39.75,37,17.0,C (Caos),Express,IO,medium
2026-05-06 04:18:41+00:00,2.36,37.05,39.75,37,19.0,C (Caos),Express,IO,medium
2026-05-06 04:03:44+00:00,21.02,43.88,39.625,22,0.0,C (Caos),FastAPI,CPU,high
2026-05-06 04:03:46+00:00,20.82,43.83,39.625,31,2.0,C (Caos),FastAPI,CPU,high
2026-05-06 04:03:48+00:00,21.26,43.9,39.75,18,4.0,C (Caos),FastAPI,CPU,high
2026-05-06 04:03:50+00:00,19.76,44.04,39.75,19,6.0,C (Caos),FastAPI,CPU,high
2026-05-06 04:03:52+00:00,23.22,43.88,39.75,22,8.0,C (Caos),FastAPI,CPU,high
2026-05-06 04:03:54+00:00,21.5,43.96,39.75,23,10.0,C (Caos),FastAPI,CPU,high
2026-05-06 04:03:56+00:00,19.76,44.12,39.75,26,12.0,C (Caos),FastAPI,CPU,high
2026-05-06 04:03:58+00:00,18.09,44.01,39.75,27,14.0,C (Caos),FastAPI,CPU,high
2026-05-06 04:04:01+00:00,21.31,44.04,39.75,25,17.0,C (Caos),FastAPI,CPU,high
2026-05-06 04:04:03+00:00,14.96,44.14,39.75,25,19.0,C (Caos),FastAPI,CPU,high
2026-05-06 04:40:38+00:00,30.94,33.7,39.875,11,0.0,C (Caos),Express,CPU,medium
2026-05-06 04:40:41+00:00,31.52,33.34,39.875,13,3.0,C (Caos),Express,CPU,medium
2026-05-06 04:40:43+00:00,36.61,33.85,39.875,8,5.0,C (Caos),Express,CPU,medium
2026-05-06 04:40:45+00:00,27.83,34.72,39.875,9,7.0,C (Caos),Express,CPU,medium
2026-05-06 04:40:47+00:00,35.62,34.66,39.875,3,9.0,C (Caos),Express,CPU,medium
2026-05-06 04:40:49+00:00,30.96,34.37,39.875,8,11.0,C (Caos),Express,CPU,medium
2026-05-06 04:40:51+00:00,33.16,34.55,39.875,9,13.0,C (Caos),Express,CPU,medium
2026-05-06 04:40:53+00:00,27.89,34.98,39.875,11,15.0,C (Caos),Express,CPU,medium
2026-05-06 04:40:55+00:00,31.06,35.03,39.875,12,17.0,C (Caos),Express,CPU,medium
2026-05-06 04:40:58+00:00,22.14,35.17,39.875,11,20.0,C (Caos),Express,CPU,medium
2026-05-06 03:58:00+00:00,3.91,38.47,39.625,90,0.0,C (Caos),Express,IO,high
2026-05-06 03:58:02+00:00,4.4,38.29,39.75,76,2.0,C (Caos),Express,IO,high
2026-05-06 03:58:04+00:00,3.84,38.24,39.75,88,4.0,C (Caos),Express,IO,high
2026-05-06 03:58:06+00:00,5.71,38.54,39.75,87,6.0,C (Caos),Express,IO,high
2026-05-06 03:58:08+00:00,4.41,39.0,39.75,80,8.0,C (Caos),Express,IO,high
2026-05-06 03:58:10+00:00,5.51,39.04,39.75,85,10.0,C (Caos),Express,IO,high
2026-05-06 03:58:12+00:00,4.32,39.09,39.75,87,12.0,C (Caos),Express,IO,high
2026-05-06 03:58:15+00:00,3.65,39.21,39.75,80,15.0,C (Caos),Express,IO,high
2026-05-06 03:58:17+00:00,4.46,39.12,39.75,85,17.0,C (Caos),Express,IO,high
2026-05-06 03:58:19+00:00,3.69,39.05,39.75,69,19.0,C (Caos),Express,IO,high
2026-05-06 03:51:00+00:00,2.07,41.33,39.625,3,0.0,C (Caos),FastAPI,CPU,low
2026-05-06 03:51:02+00:00,2.0,41.52,39.625,3,2.0,C (Caos),FastAPI,CPU,low
2026-05-06 03:51:05+00:00,1.09,41.66,39.625,2,5.0,C (Caos),FastAPI,CPU,low
2026-05-06 03:51:07+00:00,2.74,41.33,39.625,7,7.0,C (Caos),FastAPI,CPU,low
2026-05-06 03:51:09+00:00,1.44,41.42,39.625,3,9.0,C (Caos),FastAPI,CPU,low
2026-05-06 03:51:11+00:00,2.68,41.29,39.625,1,11.0,C (Caos),FastAPI,CPU,low
2026-05-06 03:51:13+00:00,1.48,41.41,39.625,3,13.0,C (Caos),FastAPI,CPU,low
2026-05-06 03:51:15+00:00,2.09,41.36,39.625,5,15.0,C (Caos),FastAPI,CPU,low
2026-05-06 03:51:17+00:00,2.37,41.52,39.625,4,17.0,C (Caos),FastAPI,CPU,low
2026-05-06 03:51:19+00:00,2.69,41.42,39.625,2,19.0,C (Caos),FastAPI,CPU,low
2026-05-06 03:45:55+00:00,9.36,41.45,39.5,10,0.0,C (Caos),FastAPI,CPU,medium
2026-05-06 03:45:57+00:00,12.95,41.61,39.5,14,2.0,C (Caos),FastAPI,CPU,medium
2026-05-06 03:45:59+00:00,8.27,42.02,39.5,7,4.0,C (Caos),FastAPI,CPU,medium
2026-05-06 03:46:01+00:00,12.83,41.84,39.5,12,6.0,C (Caos),FastAPI,CPU,medium
2026-05-06 03:46:03+00:00,11.55,41.67,39.5,17,8.0,C (Caos),FastAPI,CPU,medium
2026-05-06 03:46:05+00:00,10.09,41.62,39.625,18,10.0,C (Caos),FastAPI,CPU,medium
2026-05-06 03:46:07+00:00,10.83,41.54,39.5,22,12.0,C (Caos),FastAPI,CPU,medium
2026-05-06 03:46:10+00:00,11.6,41.7,39.625,16,15.0,C (Caos),FastAPI,CPU,medium
2026-05-06 03:46:12+00:00,9.54,41.48,39.625,11,17.0,C (Caos),FastAPI,CPU,medium
2026-05-06 03:46:14+00:00,9.49,41.57,39.625,8,19.0,C (Caos),FastAPI,CPU,medium
2026-05-06 04:22:49+00:00,6.9,27.82,39.75,2,0.0,C (Caos),Express,CPU,low
2026-05-06 04:22:51+00:00,6.1,28.35,39.75,5,2.0,C (Caos),Express,CPU,low
2026-05-06 04:22:53+00:00,8.02,28.64,39.75,1,4.0,C (Caos),Express,CPU,low
2026-05-06 04:22:55+00:00,7.87,29.48,39.75,1,6.0,C (Caos),Express,CPU,low
2026-05-06 04:22:58+00:00,4.95,29.68,39.875,5,9.0,C (Caos),Express,CPU,low
2026-05-06 04:23:00+00:00,7.85,30.02,39.875,4,11.0,C (Caos),Express,CPU,low
2026-05-06 04:23:02+00:00,3.92,30.62,39.75,1,13.0,C (Caos),Express,CPU,low
2026-05-06 04:23:04+00:00,4.96,30.63,39.75,0,15.0,C (Caos),Express,CPU,low
2026-05-06 04:23:06+00:00,6.84,31.42,39.75,0,17.0,C (Caos),Express,CPU,low
2026-05-06 04:23:08+00:00,5.98,31.51,39.875,2,19.0,C (Caos),Express,CPU,low
2026-05-06 04:08:11+00:00,0.93,27.16,39.625,17,0.0,C (Caos),Express,IO,low
2026-05-06 04:08:13+00:00,1.33,27.43,39.625,13,2.0,C (Caos),Express,IO,low
2026-05-06 04:08:15+00:00,1.27,28.2,39.625,14,4.0,C (Caos),Express,IO,low
2026-05-06 04:08:17+00:00,1.4,28.3,39.625,16,6.0,C (Caos),Express,IO,low
2026-05-06 04:08:19+00:00,0.9,28.77,39.625,13,8.0,C (Caos),Express,IO,low
2026-05-06 04:08:21+00:00,1.33,28.92,39.625,17,10.0,C (Caos),Express,IO,low
2026-05-06 04:08:23+00:00,1.3,29.3,39.625,16,12.0,C (Caos),Express,IO,low
2026-05-06 04:08:26+00:00,1.44,29.21,39.625,13,15.0,C (Caos),Express,IO,low
2026-05-06 04:08:28+00:00,1.53,29.63,39.625,12,17.0,C (Caos),Express,IO,low
2026-05-06 04:08:30+00:00,0.88,29.89,39.75,9,19.0,C (Caos),Express,IO,low
2026-05-06 03:38:55+00:00,5.03,46.02,39.0,46,0.0,C (Caos),FastAPI,IO,medium
2026-05-06 03:38:57+00:00,5.63,45.9,39.0,51,2.0,C (Caos),FastAPI,IO,medium
2026-05-06 03:38:59+00:00,5.77,46.03,39.0,52,4.0,C (Caos),FastAPI,IO,medium
2026-05-06 03:39:02+00:00,5.08,46.02,39.0,55,7.0,C (Caos),FastAPI,IO,medium
2026-05-06 03:39:04+00:00,5.31,45.93,39.0,48,9.0,C (Caos),FastAPI,IO,medium
2026-05-06 03:39:06+00:00,5.14,45.85,39.125,48,11.0,C (Caos),FastAPI,IO,medium
2026-05-06 03:39:08+00:00,5.21,45.75,39.125,44,13.0,C (Caos),FastAPI,IO,medium
2026-05-06 03:39:10+00:00,6.1,45.81,39.125,40,15.0,C (Caos),FastAPI,IO,medium
2026-05-06 03:39:12+00:00,5.33,45.73,39.125,43,17.0,C (Caos),FastAPI,IO,medium
2026-05-06 03:39:14+00:00,4.98,45.91,39.125,34,19.0,C (Caos),FastAPI,IO,medium
2026-05-06 04:55:17+00:00,5.31,44.57,38.875,39,0.0,C (Caos),FastAPI,IO,medium
2026-05-06 04:55:19+00:00,5.2,44.48,38.875,40,2.0,C (Caos),FastAPI,IO,medium
2026-05-06 04:55:22+00:00,4.74,44.44,38.875,44,5.0,C (Caos),FastAPI,IO,medium
2026-05-06 04:55:24+00:00,4.61,44.15,38.875,47,7.0,C (Caos),FastAPI,IO,medium
2026-05-06 04:55:26+00:00,4.92,44.39,38.875,45,9.0,C (Caos),FastAPI,IO,medium
2026-05-06 04:55:28+00:00,5.44,44.46,38.875,42,11.0,C (Caos),FastAPI,IO,medium
2026-05-06 04:55:30+00:00,5.18,44.32,38.875,42,13.0,C (Caos),FastAPI,IO,medium
2026-05-06 04:55:32+00:00,5.34,43.97,38.875,46,15.0,C (Caos),FastAPI,IO,medium
2026-05-06 04:55:34+00:00,5.68,44.22,38.875,40,17.0,C (Caos),FastAPI,IO,medium
2026-05-06 04:55:36+00:00,4.14,44.64,38.875,34,19.0,C (Caos),FastAPI,IO,medium
2026-05-06 04:35:33+00:00,53.0,35.05,40.0,34,0.0,C (Caos),Express,CPU,high
2026-05-06 04:35:35+00:00,66.93,35.45,40.0,33,2.0,C (Caos),Express,CPU,high
2026-05-06 04:35:38+00:00,60.27,35.55,40.0,25,5.0,C (Caos),Express,CPU,high
2026-05-06 04:35:40+00:00,61.06,43.21,40.0,21,7.0,C (Caos),Express,CPU,high
2026-05-06 04:35:42+00:00,65.72,43.27,40.125,24,9.0,C (Caos),Express,CPU,high
2026-05-06 04:35:44+00:00,78.47,44.04,40.125,16,11.0,C (Caos),Express,CPU,high
2026-05-06 04:35:46+00:00,64.2,44.11,40.125,28,13.0,C (Caos),Express,CPU,high
2026-05-06 04:35:48+00:00,67.07,44.43,40.125,23,15.0,C (Caos),Express,CPU,high
2026-05-06 04:35:50+00:00,63.86,43.62,40.125,28,17.0,C (Caos),Express,CPU,high
2026-05-06 04:35:52+00:00,48.38,43.32,40.125,15,19.0,C (Caos),Express,CPU,high
2026-05-06 04:04:22+00:00,10.69,47.21,39.75,106,0.0,C (Caos),FastAPI,IO,high
2026-05-06 04:04:24+00:00,9.14,47.12,39.75,111,2.0,C (Caos),FastAPI,IO,high
2026-05-06 04:04:26+00:00,9.43,47.27,39.875,104,4.0,C (Caos),FastAPI,IO,high
2026-05-06 04:04:28+00:00,8.93,47.23,39.875,99,6.0,C (Caos),FastAPI,IO,high
2026-05-06 04:04:30+00:00,10.08,47.09,39.875,99,8.0,C (Caos),FastAPI,IO,high
2026-05-06 04:04:32+00:00,9.15,47.2,39.875,83,10.0,C (Caos),FastAPI,IO,high
2026-05-06 04:04:35+00:00,9.27,47.39,39.875,88,13.0,C (Caos),FastAPI,IO,high
2026-05-06 04:04:37+00:00,8.98,47.3,39.875,91,15.0,C (Caos),FastAPI,IO,high
2026-05-06 04:04:39+00:00,9.41,47.14,39.75,86,17.0,C (Caos),FastAPI,IO,high
2026-05-06 04:04:41+00:00,8.13,46.96,39.875,70,19.0,C (Caos),FastAPI,IO,high
2026-05-06 04:30:28+00:00,5.02,27.33,39.75,3,0.0,C (Caos),Express,CPU,low
2026-05-06 04:30:30+00:00,4.09,27.55,39.75,1,2.0,C (Caos),Express,CPU,low
2026-05-06 04:30:32+00:00,6.94,28.22,39.75,1,4.0,C (Caos),Express,CPU,low
2026-05-06 04:30:34+00:00,9.01,28.58,39.75,1,6.0,C (Caos),Express,CPU,low
2026-05-06 04:30:36+00:00,6.21,28.61,39.75,2,8.0,C (Caos),Express,CPU,low
2026-05-06 04:30:38+00:00,6.01,29.24,39.75,4,10.0,C (Caos),Express,CPU,low
2026-05-06 04:30:40+00:00,7.04,29.79,39.875,1,12.0,C (Caos),Express,CPU,low
2026-05-06 04:30:42+00:00,7.76,30.14,39.875,3,14.0,C (Caos),Express,CPU,low
2026-05-06 04:30:44+00:00,6.72,30.94,39.875,4,16.0,C (Caos),Express,CPU,low
2026-05-06 04:30:47+00:00,9.01,31.09,39.875,3,19.0,C (Caos),Express,CPU,low
2026-05-06 04:38:06+00:00,3.04,27.29,39.75,0,0.0,C (Caos),Express,CPU,low
2026-05-06 04:38:08+00:00,6.41,27.66,39.75,1,2.0,C (Caos),Express,CPU,low
2026-05-06 04:38:10+00:00,5.1,28.15,39.75,3,4.0,C (Caos),Express,CPU,low
2026-05-06 04:38:12+00:00,4.14,28.45,39.75,1,6.0,C (Caos),Express,CPU,low
2026-05-06 04:38:15+00:00,5.16,28.75,39.75,2,9.0,C (Caos),Express,CPU,low
2026-05-06 04:38:17+00:00,5.97,29.22,39.75,3,11.0,C (Caos),Express,CPU,low
2026-05-06 04:38:19+00:00,7.81,29.69,39.875,2,13.0,C (Caos),Express,CPU,low
2026-05-06 04:38:21+00:00,6.11,30.07,39.875,0,15.0,C (Caos),Express,CPU,low
2026-05-06 04:38:23+00:00,7.92,30.37,39.875,1,17.0,C (Caos),Express,CPU,low
2026-05-06 04:38:25+00:00,6.84,31.0,39.875,0,19.0,C (Caos),Express,CPU,low
2026-05-06 04:50:50+00:00,54.51,44.22,39.375,13,0.0,C (Caos),Express,CPU,high
2026-05-06 04:50:52+00:00,70.56,43.7,39.375,24,2.0,C (Caos),Express,CPU,high
2026-05-06 04:50:54+00:00,64.91,43.96,39.375,24,4.0,C (Caos),Express,CPU,high
2026-05-06 04:50:56+00:00,62.41,40.28,39.375,30,6.0,C (Caos),Express,CPU,high
2026-05-06 04:50:59+00:00,63.1,40.79,39.375,23,9.0,C (Caos),Express,CPU,high
2026-05-06 04:51:01+00:00,56.96,44.16,39.375,24,11.0,C (Caos),Express,CPU,high
2026-05-06 04:51:03+00:00,60.89,44.67,39.375,18,13.0,C (Caos),Express,CPU,high
2026-05-06 04:51:05+00:00,60.9,44.11,39.375,27,15.0,C (Caos),Express,CPU,high
2026-05-06 04:51:07+00:00,55.31,43.98,39.375,35,17.0,C (Caos),Express,CPU,high
2026-05-06 04:51:09+00:00,37.61,43.81,39.375,25,19.0,C (Caos),Express,CPU,high
2026-05-06 04:55:56+00:00,28.9,33.23,38.875,14,0.0,C (Caos),Express,CPU,medium
2026-05-06 04:55:58+00:00,32.09,33.45,38.875,13,2.0,C (Caos),Express,CPU,medium
2026-05-06 04:56:00+00:00,34.82,33.74,38.875,7,4.0,C (Caos),Express,CPU,medium
2026-05-06 04:56:02+00:00,29.64,34.46,39.0,15,6.0,C (Caos),Express,CPU,medium
2026-05-06 04:56:04+00:00,29.63,34.39,39.0,10,8.0,C (Caos),Express,CPU,medium
2026-05-06 04:56:06+00:00,33.3,34.56,39.0,19,10.0,C (Caos),Express,CPU,medium
2026-05-06 04:56:08+00:00,35.39,34.6,39.0,15,12.0,C (Caos),Express,CPU,medium
2026-05-06 04:56:10+00:00,37.53,35.62,39.0,13,14.0,C (Caos),Express,CPU,medium
2026-05-06 04:56:13+00:00,33.54,34.86,39.0,12,17.0,C (Caos),Express,CPU,medium
2026-05-06 04:56:15+00:00,22.02,35.09,39.0,9,19.0,C (Caos),Express,CPU,medium
2026-05-06 03:44:00+00:00,1.83,43.91,39.375,12,0.0,C (Caos),FastAPI,IO,low
2026-05-06 03:44:03+00:00,1.5,44.07,39.375,10,3.0,C (Caos),FastAPI,IO,low
2026-05-06 03:44:05+00:00,1.76,44.17,39.5,13,5.0,C (Caos),FastAPI,IO,low
2026-05-06 03:44:07+00:00,1.44,44.14,39.5,13,7.0,C (Caos),FastAPI,IO,low
2026-05-06 03:44:09+00:00,0.78,44.55,39.5,13,9.0,C (Caos),FastAPI,IO,low
2026-05-06 03:44:11+00:00,1.41,44.38,39.5,14,11.0,C (Caos),FastAPI,IO,low
2026-05-06 03:44:13+00:00,1.05,44.78,39.5,13,13.0,C (Caos),FastAPI,IO,low
2026-05-06 03:44:15+00:00,1.28,45.02,39.5,14,15.0,C (Caos),FastAPI,IO,low
2026-05-06 03:44:17+00:00,1.05,44.56,39.5,9,17.0,C (Caos),FastAPI,IO,low
2026-05-06 03:44:19+00:00,1.64,44.78,39.5,10,19.0,C (Caos),FastAPI,IO,low
2026-05-06 05:18:51+00:00,34.27,33.52,38.625,13,0.0,C (Caos),Express,CPU,medium
2026-05-06 05:18:53+00:00,34.52,33.93,38.625,12,2.0,C (Caos),Express,CPU,medium
2026-05-06 05:18:55+00:00,26.03,33.87,38.625,11,4.0,C (Caos),Express,CPU,medium
2026-05-06 05:18:58+00:00,33.79,34.46,38.625,9,7.0,C (Caos),Express,CPU,medium
2026-05-06 05:19:00+00:00,30.68,34.42,38.625,12,9.0,C (Caos),Express,CPU,medium
2026-05-06 05:19:02+00:00,30.27,34.69,38.625,9,11.0,C (Caos),Express,CPU,medium
2026-05-06 05:19:04+00:00,31.75,34.86,38.625,12,13.0,C (Caos),Express,CPU,medium
2026-05-06 05:19:06+00:00,33.68,35.07,38.625,5,15.0,C (Caos),Express,CPU,medium
2026-05-06 05:19:08+00:00,34.56,35.0,38.625,12,17.0,C (Caos),Express,CPU,medium
2026-05-06 05:19:10+00:00,25.32,34.71,38.625,6,19.0,C (Caos),Express,CPU,medium
2026-05-06 03:36:22+00:00,1.27,44.31,38.25,12,0.0,C (Caos),FastAPI,IO,low
2026-05-06 03:36:25+00:00,0.95,44.25,38.25,13,3.0,C (Caos),FastAPI,IO,low
2026-05-06 03:36:27+00:00,1.39,44.39,38.375,7,5.0,C (Caos),FastAPI,IO,low
2026-05-06 03:36:29+00:00,1.26,44.55,38.375,8,7.0,C (Caos),FastAPI,IO,low
2026-05-06 03:36:31+00:00,1.3,44.75,38.375,8,9.0,C (Caos),FastAPI,IO,low
2026-05-06 03:36:33+00:00,1.55,44.69,38.375,9,11.0,C (Caos),FastAPI,IO,low
2026-05-06 03:36:35+00:00,1.22,44.66,38.375,9,13.0,C (Caos),FastAPI,IO,low
2026-05-06 03:36:37+00:00,1.91,45.08,38.375,9,15.0,C (Caos),FastAPI,IO,low
2026-05-06 03:36:39+00:00,1.34,44.72,38.375,11,17.0,C (Caos),FastAPI,IO,low
2026-05-06 03:36:41+00:00,1.32,44.88,38.5,7,19.0,C (Caos),FastAPI,IO,low
2026-05-06 04:08:49+00:00,10.79,41.67,39.75,16,0.0,C (Caos),FastAPI,CPU,medium
2026-05-06 04:08:51+00:00,10.03,41.85,39.75,20,2.0,C (Caos),FastAPI,CPU,medium
2026-05-06 04:08:53+00:00,12.23,41.78,39.75,15,4.0,C (Caos),FastAPI,CPU,medium
2026-05-06 04:08:55+00:00,8.91,41.92,39.75,12,6.0,C (Caos),FastAPI,CPU,medium
2026-05-06 04:08:58+00:00,10.88,41.55,39.75,13,9.0,C (Caos),FastAPI,CPU,medium
2026-05-06 04:09:00+00:00,10.66,41.91,39.875,11,11.0,C (Caos),FastAPI,CPU,medium
2026-05-06 04:09:02+00:00,9.84,41.56,39.875,8,13.0,C (Caos),FastAPI,CPU,medium
2026-05-06 04:09:04+00:00,8.78,41.75,39.875,17,15.0,C (Caos),FastAPI,CPU,medium
2026-05-06 04:09:06+00:00,11.31,41.86,39.875,19,17.0,C (Caos),FastAPI,CPU,medium
2026-05-06 04:09:08+00:00,8.75,41.51,39.875,11,19.0,C (Caos),FastAPI,CPU,medium
2026-05-06 05:08:02+00:00,1.67,42.07,38.625,10,0.0,C (Caos),FastAPI,IO,low
2026-05-06 05:08:04+00:00,1.34,42.01,38.625,14,2.0,C (Caos),FastAPI,IO,low
2026-05-06 05:08:06+00:00,1.47,42.16,38.625,12,4.0,C (Caos),FastAPI,IO,low
2026-05-06 05:08:08+00:00,1.42,42.11,38.625,10,6.0,C (Caos),FastAPI,IO,low
2026-05-06 05:08:10+00:00,1.3,42.3,38.625,11,8.0,C (Caos),FastAPI,IO,low
2026-05-06 05:08:12+00:00,1.45,42.69,38.625,7,10.0,C (Caos),FastAPI,IO,low
2026-05-06 05:08:14+00:00,1.42,42.61,38.625,6,12.0,C (Caos),FastAPI,IO,low
2026-05-06 05:08:16+00:00,1.68,43.3,38.75,12,14.0,C (Caos),FastAPI,IO,low
2026-05-06 05:08:18+00:00,1.07,43.53,38.75,14,16.0,C (Caos),FastAPI,IO,low
2026-05-06 05:08:21+00:00,1.07,43.3,38.75,12,19.0,C (Caos),FastAPI,IO,low
2026-05-06 05:08:40+00:00,7.95,26.9,38.625,4,0.0,C (Caos),Express,CPU,low
2026-05-06 05:08:42+00:00,3.09,27.34,38.625,2,2.0,C (Caos),Express,CPU,low
2026-05-06 05:08:44+00:00,7.36,27.94,38.625,0,4.0,C (Caos),Express,CPU,low
2026-05-06 05:08:46+00:00,7.13,28.45,38.625,1,6.0,C (Caos),Express,CPU,low
2026-05-06 05:08:48+00:00,6.06,28.59,38.625,2,8.0,C (Caos),Express,CPU,low
2026-05-06 05:08:50+00:00,3.95,29.04,38.625,2,10.0,C (Caos),Express,CPU,low
2026-05-06 05:08:53+00:00,5.85,29.39,38.625,2,13.0,C (Caos),Express,CPU,low
2026-05-06 05:08:55+00:00,5.88,29.91,38.625,4,15.0,C (Caos),Express,CPU,low
2026-05-06 05:08:57+00:00,11.15,30.07,38.625,0,17.0,C (Caos),Express,CPU,low
2026-05-06 05:08:59+00:00,8.71,30.55,38.625,1,19.0,C (Caos),Express,CPU,low
2026-05-06 05:20:46+00:00,8.61,46.39,38.5,84,0.0,C (Caos),FastAPI,IO,high
2026-05-06 05:20:48+00:00,9.71,46.46,38.5,94,2.0,C (Caos),FastAPI,IO,high
2026-05-06 05:20:50+00:00,10.12,46.45,38.5,77,4.0,C (Caos),FastAPI,IO,high
2026-05-06 05:20:52+00:00,9.28,46.58,38.625,84,6.0,C (Caos),FastAPI,IO,high
2026-05-06 05:20:54+00:00,7.97,46.55,38.625,76,8.0,C (Caos),FastAPI,IO,high
2026-05-06 05:20:56+00:00,8.37,46.68,38.5,85,10.0,C (Caos),FastAPI,IO,high
2026-05-06 05:20:58+00:00,8.74,46.59,38.625,84,12.0,C (Caos),FastAPI,IO,high
2026-05-06 05:21:01+00:00,8.47,46.97,38.625,96,15.0,C (Caos),FastAPI,IO,high
2026-05-06 05:21:03+00:00,9.16,47.36,38.625,89,17.0,C (Caos),FastAPI,IO,high
2026-05-06 05:21:05+00:00,8.82,46.86,38.625,72,19.0,C (Caos),FastAPI,IO,high
2026-05-06 03:37:01+00:00,6.1,89.05,38.5,0,0.0,C (Caos),Express,CPU,low
2026-05-06 03:37:03+00:00,6.42,89.95,38.5,2,2.0,C (Caos),Express,CPU,low
2026-05-06 03:37:05+00:00,6.11,89.97,38.5,0,4.0,C (Caos),Express,CPU,low
2026-05-06 03:37:07+00:00,5.0,90.75,38.5,4,6.0,C (Caos),Express,CPU,low
2026-05-06 03:37:09+00:00,4.19,90.9,38.5,2,8.0,C (Caos),Express,CPU,low
2026-05-06 03:37:11+00:00,7.89,91.29,38.5,1,10.0,C (Caos),Express,CPU,low
2026-05-06 03:37:13+00:00,7.81,91.7,38.5,3,12.0,C (Caos),Express,CPU,low
2026-05-06 03:37:15+00:00,5.03,92.04,38.625,0,14.0,C (Caos),Express,CPU,low
2026-05-06 03:37:17+00:00,7.84,92.75,38.625,2,16.0,C (Caos),Express,CPU,low
2026-05-06 03:37:20+00:00,4.93,92.75,38.625,1,19.0,C (Caos),Express,CPU,low
2026-05-06 03:48:28+00:00,20.26,42.02,39.625,23,0.0,C (Caos),FastAPI,CPU,high
2026-05-06 03:48:30+00:00,19.1,41.88,39.625,28,2.0,C (Caos),FastAPI,CPU,high
2026-05-06 03:48:32+00:00,22.94,41.74,39.625,21,4.0,C (Caos),FastAPI,CPU,high
2026-05-06 03:48:34+00:00,19.03,41.86,39.75,21,6.0,C (Caos),FastAPI,CPU,high
2026-05-06 03:48:36+00:00,20.08,41.91,39.75,23,8.0,C (Caos),FastAPI,CPU,high
2026-05-06 03:48:38+00:00,17.35,41.83,39.75,20,10.0,C (Caos),FastAPI,CPU,high
2026-05-06 03:48:40+00:00,16.76,42.06,39.75,21,12.0,C (Caos),FastAPI,CPU,high
2026-05-06 03:48:42+00:00,19.27,42.22,39.75,21,14.0,C (Caos),FastAPI,CPU,high
2026-05-06 03:48:44+00:00,20.7,41.83,39.75,22,16.0,C (Caos),FastAPI,CPU,high
2026-05-06 03:48:47+00:00,17.1,42.01,39.75,18,19.0,C (Caos),FastAPI,CPU,high
2026-05-06 04:01:49+00:00,5.54,44.92,39.625,42,0.0,C (Caos),FastAPI,IO,medium
2026-05-06 04:01:51+00:00,5.09,45.11,39.625,49,2.0,C (Caos),FastAPI,IO,medium
2026-05-06 04:01:53+00:00,4.96,45.26,39.75,44,4.0,C (Caos),FastAPI,IO,medium
2026-05-06 04:01:55+00:00,5.43,44.92,39.75,46,6.0,C (Caos),FastAPI,IO,medium
2026-05-06 04:01:58+00:00,4.65,45.34,39.75,44,9.0,C (Caos),FastAPI,IO,medium
2026-05-06 04:02:00+00:00,5.34,44.71,39.75,39,11.0,C (Caos),FastAPI,IO,medium
2026-05-06 04:02:02+00:00,5.51,45.29,39.75,42,13.0,C (Caos),FastAPI,IO,medium
2026-05-06 04:02:04+00:00,5.09,45.27,39.75,48,15.0,C (Caos),FastAPI,IO,medium
2026-05-06 04:02:06+00:00,5.88,45.45,39.75,47,17.0,C (Caos),FastAPI,IO,medium
2026-05-06 04:02:08+00:00,4.63,45.37,39.75,38,19.0,C (Caos),FastAPI,IO,medium
2026-05-06 04:21:33+00:00,3.48,41.38,39.75,1,0.0,C (Caos),FastAPI,CPU,low
2026-05-06 04:21:35+00:00,2.01,41.22,39.75,0,2.0,C (Caos),FastAPI,CPU,low
2026-05-06 04:21:37+00:00,2.36,41.38,39.875,0,4.0,C (Caos),FastAPI,CPU,low
2026-05-06 04:21:39+00:00,2.01,41.3,39.875,1,6.0,C (Caos),FastAPI,CPU,low
2026-05-06 04:21:41+00:00,2.03,41.44,39.875,3,8.0,C (Caos),FastAPI,CPU,low
2026-05-06 04:21:44+00:00,1.7,41.28,39.875,3,11.0,C (Caos),FastAPI,CPU,low
2026-05-06 04:21:46+00:00,1.41,41.4,39.875,4,13.0,C (Caos),FastAPI,CPU,low
2026-05-06 04:21:48+00:00,2.64,41.25,39.875,1,15.0,C (Caos),FastAPI,CPU,low
2026-05-06 04:21:50+00:00,1.74,41.66,39.875,2,17.0,C (Caos),FastAPI,CPU,low
2026-05-06 04:21:52+00:00,2.34,41.09,39.875,1,19.0,C (Caos),FastAPI,CPU,low
2026-05-06 05:16:57+00:00,1.17,26.97,38.5,13,0.0,C (Caos),Express,IO,low
2026-05-06 05:16:59+00:00,1.13,27.19,38.5,17,2.0,C (Caos),Express,IO,low
2026-05-06 05:17:01+00:00,1.34,27.44,38.5,12,4.0,C (Caos),Express,IO,low
2026-05-06 05:17:03+00:00,1.25,28.19,38.5,13,6.0,C (Caos),Express,IO,low
2026-05-06 05:17:05+00:00,1.35,28.57,38.5,10,8.0,C (Caos),Express,IO,low
2026-05-06 05:17:07+00:00,1.21,28.64,38.5,11,10.0,C (Caos),Express,IO,low
2026-05-06 05:17:09+00:00,1.38,29.11,38.5,8,12.0,C (Caos),Express,IO,low
2026-05-06 05:17:11+00:00,1.68,30.38,38.5,13,14.0,C (Caos),Express,IO,low
2026-05-06 05:17:13+00:00,1.06,29.51,38.5,10,16.0,C (Caos),Express,IO,low
2026-05-06 05:17:16+00:00,0.85,29.58,38.5,11,19.0,C (Caos),Express,IO,low
2026-05-06 04:16:27+00:00,10.89,41.5,39.75,19,0.0,C (Caos),FastAPI,CPU,medium
2026-05-06 04:16:29+00:00,10.02,41.39,39.75,14,2.0,C (Caos),FastAPI,CPU,medium
2026-05-06 04:16:31+00:00,9.29,41.55,39.75,17,4.0,C (Caos),FastAPI,CPU,medium
2026-05-06 04:16:33+00:00,9.65,41.88,39.75,20,6.0,C (Caos),FastAPI,CPU,medium
2026-05-06 04:16:35+00:00,9.64,41.68,39.75,14,8.0,C (Caos),FastAPI,CPU,medium
2026-05-06 04:16:38+00:00,9.01,41.83,39.875,13,11.0,C (Caos),FastAPI,CPU,medium
2026-05-06 04:16:40+00:00,9.89,41.39,39.875,15,13.0,C (Caos),FastAPI,CPU,medium
2026-05-06 04:16:42+00:00,11.95,41.77,39.875,16,15.0,C (Caos),FastAPI,CPU,medium
2026-05-06 04:16:44+00:00,11.24,41.69,39.875,14,17.0,C (Caos),FastAPI,CPU,medium
2026-05-06 04:16:46+00:00,8.18,41.56,39.875,6,19.0,C (Caos),FastAPI,CPU,medium
2026-05-06 05:22:02+00:00,4.53,38.13,38.5,90,0.0,C (Caos),Express,IO,high
2026-05-06 05:22:04+00:00,4.4,38.04,38.5,82,2.0,C (Caos),Express,IO,high
2026-05-06 05:22:07+00:00,4.25,38.05,38.5,79,5.0,C (Caos),Express,IO,high
2026-05-06 05:22:09+00:00,6.0,38.69,38.5,72,7.0,C (Caos),Express,IO,high
2026-05-06 05:22:11+00:00,4.24,39.79,38.625,84,9.0,C (Caos),Express,IO,high
2026-05-06 05:22:13+00:00,5.18,39.34,38.625,86,11.0,C (Caos),Express,IO,high
2026-05-06 05:22:15+00:00,3.46,39.4,38.625,81,13.0,C (Caos),Express,IO,high
2026-05-06 05:22:17+00:00,3.65,39.43,38.625,79,15.0,C (Caos),Express,IO,high
2026-05-06 05:22:19+00:00,3.94,39.07,38.625,77,17.0,C (Caos),Express,IO,high
2026-05-06 05:22:21+00:00,4.12,39.18,38.625,73,19.0,C (Caos),Express,IO,high
2026-05-06 03:40:12+00:00,4.57,32.88,39.25,45,0.0,C (Caos),Express,IO,medium
2026-05-06 03:40:14+00:00,4.5,32.91,39.25,56,2.0,C (Caos),Express,IO,medium
2026-05-06 03:40:16+00:00,4.84,34.25,39.25,47,4.0,C (Caos),Express,IO,medium
2026-05-06 03:40:18+00:00,4.53,35.67,39.25,53,6.0,C (Caos),Express,IO,medium
2026-05-06 03:40:20+00:00,2.36,36.35,39.125,51,8.0,C (Caos),Express,IO,medium
2026-05-06 03:40:22+00:00,2.66,35.97,39.25,46,10.0,C (Caos),Express,IO,medium
2026-05-06 03:40:24+00:00,2.86,36.33,39.25,42,12.0,C (Caos),Express,IO,medium
2026-05-06 03:40:26+00:00,2.2,36.86,39.25,44,14.0,C (Caos),Express,IO,medium
2026-05-06 03:40:28+00:00,2.39,37.47,39.25,46,16.0,C (Caos),Express,IO,medium
2026-05-06 03:40:31+00:00,2.17,37.91,39.25,40,19.0,C (Caos),Express,IO,medium
2026-05-06 05:21:24+00:00,61.71,42.19,38.625,36,0.0,C (Caos),Express,CPU,high
2026-05-06 05:21:26+00:00,61.6,44.93,38.625,38,2.0,C (Caos),Express,CPU,high
2026-05-06 05:21:28+00:00,61.9,45.09,38.625,24,4.0,C (Caos),Express,CPU,high
2026-05-06 05:21:31+00:00,67.14,40.54,38.625,23,7.0,C (Caos),Express,CPU,high
2026-05-06 05:21:33+00:00,63.19,40.36,38.625,16,9.0,C (Caos),Express,CPU,high
2026-05-06 05:21:35+00:00,65.83,40.02,38.625,24,11.0,C (Caos),Express,CPU,high
2026-05-06 05:21:37+00:00,58.92,40.17,38.625,21,13.0,C (Caos),Express,CPU,high
2026-05-06 05:21:39+00:00,60.67,44.24,38.625,19,15.0,C (Caos),Express,CPU,high
2026-05-06 05:21:41+00:00,60.01,44.03,38.75,25,17.0,C (Caos),Express,CPU,high
2026-05-06 05:21:43+00:00,37.35,44.13,38.75,19,19.0,C (Caos),Express,CPU,high
2026-05-06 05:04:51+00:00,20.66,41.86,38.875,17,0.0,C (Caos),FastAPI,CPU,high
2026-05-06 05:04:53+00:00,22.04,41.73,38.875,14,2.0,C (Caos),FastAPI,CPU,high
2026-05-06 05:04:55+00:00,21.59,41.5,38.875,17,4.0,C (Caos),FastAPI,CPU,high
2026-05-06 05:04:57+00:00,17.81,41.78,38.875,23,6.0,C (Caos),FastAPI,CPU,high
2026-05-06 05:04:59+00:00,20.88,41.79,39.0,25,8.0,C (Caos),FastAPI,CPU,high
2026-05-06 05:05:01+00:00,18.19,41.88,38.875,30,10.0,C (Caos),FastAPI,CPU,high
2026-05-06 05:05:03+00:00,19.77,42.05,39.0,19,12.0,C (Caos),FastAPI,CPU,high
2026-05-06 05:05:05+00:00,19.86,41.99,39.0,22,14.0,C (Caos),FastAPI,CPU,high
2026-05-06 05:05:07+00:00,21.63,42.11,39.0,17,16.0,C (Caos),FastAPI,CPU,high
2026-05-06 05:05:10+00:00,13.8,41.91,39.0,15,19.0,C (Caos),FastAPI,CPU,high
2026-05-06 03:35:44+00:00,2.25,65.25,37.875,1,0.0,C (Caos),FastAPI,CPU,low
2026-05-06 03:35:46+00:00,2.87,65.3,37.875,2,2.0,C (Caos),FastAPI,CPU,low
2026-05-06 03:35:48+00:00,1.76,64.96,38.0,2,4.0,C (Caos),FastAPI,CPU,low
2026-05-06 03:35:51+00:00,2.49,65.15,38.0,4,7.0,C (Caos),FastAPI,CPU,low
2026-05-06 03:35:53+00:00,3.3,65.32,38.0,3,9.0,C (Caos),FastAPI,CPU,low
2026-05-06 03:35:55+00:00,2.68,65.24,38.0,3,11.0,C (Caos),FastAPI,CPU,low
2026-05-06 03:35:57+00:00,2.56,65.38,38.125,2,13.0,C (Caos),FastAPI,CPU,low
2026-05-06 03:35:59+00:00,2.4,65.38,38.125,1,15.0,C (Caos),FastAPI,CPU,low
2026-05-06 03:36:01+00:00,2.51,65.22,38.125,2,17.0,C (Caos),FastAPI,CPU,low
2026-05-06 03:36:03+00:00,2.5,65.41,38.125,1,19.0,C (Caos),FastAPI,CPU,low
2026-05-06 04:13:55+00:00,2.07,41.44,39.75,1,0.0,C (Caos),FastAPI,CPU,low
2026-05-06 04:13:57+00:00,3.22,41.12,39.875,1,2.0,C (Caos),FastAPI,CPU,low
2026-05-06 04:13:59+00:00,3.3,41.38,39.875,3,4.0,C (Caos),FastAPI,CPU,low
2026-05-06 04:14:01+00:00,2.96,41.55,39.875,2,6.0,C (Caos),FastAPI,CPU,low
2026-05-06 04:14:03+00:00,2.07,41.48,39.875,3,8.0,C (Caos),FastAPI,CPU,low
2026-05-06 04:14:05+00:00,2.98,41.63,39.875,4,10.0,C (Caos),FastAPI,CPU,low
2026-05-06 04:14:07+00:00,2.03,41.26,39.875,1,12.0,C (Caos),FastAPI,CPU,low
2026-05-06 04:14:10+00:00,2.05,41.4,39.875,1,15.0,C (Caos),FastAPI,CPU,low
2026-05-06 04:14:12+00:00,2.68,41.56,39.875,2,17.0,C (Caos),FastAPI,CPU,low
2026-05-06 04:14:14+00:00,2.36,41.5,39.875,1,19.0,C (Caos),FastAPI,CPU,low
2026-05-06 03:49:44+00:00,61.41,34.47,39.875,18,0.0,C (Caos),Express,CPU,high
2026-05-06 03:49:46+00:00,61.78,35.39,39.875,30,2.0,C (Caos),Express,CPU,high
2026-05-06 03:49:48+00:00,57.79,35.57,39.875,28,4.0,C (Caos),Express,CPU,high
2026-05-06 03:49:50+00:00,69.61,49.35,39.875,27,6.0,C (Caos),Express,CPU,high
2026-05-06 03:49:53+00:00,64.53,49.72,39.875,17,9.0,C (Caos),Express,CPU,high
2026-05-06 03:49:55+00:00,67.99,41.75,40.0,18,11.0,C (Caos),Express,CPU,high
2026-05-06 03:49:57+00:00,61.79,42.19,40.0,20,13.0,C (Caos),Express,CPU,high
2026-05-06 03:49:59+00:00,73.08,41.79,40.0,24,15.0,C (Caos),Express,CPU,high
2026-05-06 03:50:01+00:00,55.44,41.84,40.0,25,17.0,C (Caos),Express,CPU,high
2026-05-06 03:50:03+00:00,34.51,42.0,40.0,19,19.0,C (Caos),Express,CPU,high
2026-05-06 03:54:11+00:00,5.13,45.75,39.625,45,0.0,C (Caos),FastAPI,IO,medium
2026-05-06 03:54:13+00:00,4.91,45.99,39.625,37,2.0,C (Caos),FastAPI,IO,medium
2026-05-06 03:54:15+00:00,4.41,46.17,39.75,42,4.0,C (Caos),FastAPI,IO,medium
2026-05-06 03:54:17+00:00,5.03,46.1,39.75,53,6.0,C (Caos),FastAPI,IO,medium
2026-05-06 03:54:19+00:00,4.84,46.04,39.75,57,8.0,C (Caos),FastAPI,IO,medium
2026-05-06 03:54:21+00:00,5.52,46.07,39.75,54,10.0,C (Caos),FastAPI,IO,medium
2026-05-06 03:54:23+00:00,5.04,45.82,39.75,48,12.0,C (Caos),FastAPI,IO,medium
2026-05-06 03:54:25+00:00,5.07,45.66,39.75,39,14.0,C (Caos),FastAPI,IO,medium
2026-05-06 03:54:28+00:00,5.34,45.62,39.75,46,17.0,C (Caos),FastAPI,IO,medium
2026-05-06 03:54:30+00:00,4.62,45.55,39.75,33,19.0,C (Caos),FastAPI,IO,medium
2026-05-06 04:33:38+00:00,4.63,33.03,39.875,36,0.0,C (Caos),Express,IO,medium
2026-05-06 04:33:40+00:00,4.2,33.98,39.875,43,2.0,C (Caos),Express,IO,medium
2026-05-06 04:33:43+00:00,6.45,36.28,39.875,42,5.0,C (Caos),Express,IO,medium
2026-05-06 04:33:45+00:00,2.71,35.75,39.875,43,7.0,C (Caos),Express,IO,medium
2026-05-06 04:33:47+00:00,2.8,35.95,39.875,51,9.0,C (Caos),Express,IO,medium
2026-05-06 04:33:49+00:00,2.63,36.21,39.875,52,11.0,C (Caos),Express,IO,medium
2026-05-06 04:33:51+00:00,2.67,36.24,39.875,46,13.0,C (Caos),Express,IO,medium
2026-05-06 04:33:53+00:00,4.44,37.0,39.875,51,15.0,C (Caos),Express,IO,medium
2026-05-06 04:33:55+00:00,2.41,36.82,39.875,52,17.0,C (Caos),Express,IO,medium
2026-05-06 04:33:57+00:00,2.8,36.72,39.875,36,19.0,C (Caos),Express,IO,medium
2026-05-06 04:06:16+00:00,3.24,41.57,39.75,4,0.0,C (Caos),FastAPI,CPU,low
2026-05-06 04:06:19+00:00,2.9,41.22,39.75,6,3.0,C (Caos),FastAPI,CPU,low
2026-05-06 04:06:21+00:00,2.33,41.45,39.75,1,5.0,C (Caos),FastAPI,CPU,low
2026-05-06 04:06:23+00:00,2.41,41.38,39.875,2,7.0,C (Caos),FastAPI,CPU,low
2026-05-06 04:06:25+00:00,2.92,41.78,39.75,3,9.0,C (Caos),FastAPI,CPU,low
2026-05-06 04:06:27+00:00,2.61,41.44,39.75,3,11.0,C (Caos),FastAPI,CPU,low
2026-05-06 04:06:29+00:00,2.59,41.34,39.75,2,13.0,C (Caos),FastAPI,CPU,low
2026-05-06 04:06:31+00:00,2.93,41.27,39.75,1,15.0,C (Caos),FastAPI,CPU,low
2026-05-06 04:06:33+00:00,2.35,41.51,39.75,3,17.0,C (Caos),FastAPI,CPU,low
2026-05-06 04:06:36+00:00,2.08,41.54,39.75,3,20.0,C (Caos),FastAPI,CPU,low
2026-05-06 04:52:06+00:00,2.44,43.44,39.0,1,0.0,C (Caos),FastAPI,CPU,low
2026-05-06 04:52:09+00:00,2.38,43.61,39.0,0,3.0,C (Caos),FastAPI,CPU,low
2026-05-06 04:52:11+00:00,2.35,43.73,39.0,4,5.0,C (Caos),FastAPI,CPU,low
2026-05-06 04:52:13+00:00,1.73,43.41,39.125,1,7.0,C (Caos),FastAPI,CPU,low
2026-05-06 04:52:15+00:00,2.09,43.57,39.125,2,9.0,C (Caos),FastAPI,CPU,low
2026-05-06 04:52:17+00:00,2.09,43.45,39.125,4,11.0,C (Caos),FastAPI,CPU,low
2026-05-06 04:52:19+00:00,1.76,43.58,39.125,7,13.0,C (Caos),FastAPI,CPU,low
2026-05-06 04:52:21+00:00,2.03,43.62,39.125,4,15.0,C (Caos),FastAPI,CPU,low
2026-05-06 04:52:23+00:00,2.96,43.73,39.125,0,17.0,C (Caos),FastAPI,CPU,low
2026-05-06 04:52:25+00:00,1.7,43.63,39.0,0,19.0,C (Caos),FastAPI,CPU,low
2026-05-06 04:47:00+00:00,12.11,41.61,39.5,9,0.0,C (Caos),FastAPI,CPU,medium
2026-05-06 04:47:03+00:00,10.81,41.71,39.625,12,3.0,C (Caos),FastAPI,CPU,medium
2026-05-06 04:47:05+00:00,8.21,41.64,39.625,13,5.0,C (Caos),FastAPI,CPU,medium
2026-05-06 04:47:07+00:00,10.67,41.83,39.625,10,7.0,C (Caos),FastAPI,CPU,medium
2026-05-06 04:47:09+00:00,10.65,41.68,39.625,14,9.0,C (Caos),FastAPI,CPU,medium
2026-05-06 04:47:11+00:00,9.1,41.84,39.625,13,11.0,C (Caos),FastAPI,CPU,medium
2026-05-06 04:47:13+00:00,10.61,41.75,39.625,15,13.0,C (Caos),FastAPI,CPU,medium
2026-05-06 04:47:15+00:00,9.8,41.62,39.625,16,15.0,C (Caos),FastAPI,CPU,medium
2026-05-06 04:47:17+00:00,11.79,41.77,39.625,11,17.0,C (Caos),FastAPI,CPU,medium
2026-05-06 04:47:20+00:00,7.06,41.61,39.625,7,20.0,C (Caos),FastAPI,CPU,medium
2026-05-06 04:32:22+00:00,4.79,45.58,39.875,43,0.0,C (Caos),FastAPI,IO,medium
2026-05-06 04:32:24+00:00,5.16,46.0,39.875,41,2.0,C (Caos),FastAPI,IO,medium
2026-05-06 04:32:26+00:00,5.19,46.17,39.875,47,4.0,C (Caos),FastAPI,IO,medium
2026-05-06 04:32:28+00:00,5.31,46.41,39.875,47,6.0,C (Caos),FastAPI,IO,medium
2026-05-06 04:32:30+00:00,5.09,46.47,39.875,46,8.0,C (Caos),FastAPI,IO,medium
2026-05-06 04:32:32+00:00,4.45,46.39,39.875,44,10.0,C (Caos),FastAPI,IO,medium
2026-05-06 04:32:35+00:00,4.74,46.51,39.875,40,13.0,C (Caos),FastAPI,IO,medium
2026-05-06 04:32:37+00:00,5.41,46.11,39.875,39,15.0,C (Caos),FastAPI,IO,medium
2026-05-06 04:32:39+00:00,4.52,46.34,39.875,48,17.0,C (Caos),FastAPI,IO,medium
2026-05-06 04:32:41+00:00,4.35,46.53,39.875,37,19.0,C (Caos),FastAPI,IO,medium
2026-05-06 05:16:18+00:00,7.09,26.99,38.5,1,0.0,C (Caos),Express,CPU,low
2026-05-06 05:16:20+00:00,4.2,27.17,38.5,1,2.0,C (Caos),Express,CPU,low
2026-05-06 05:16:22+00:00,9.81,28.09,38.5,2,4.0,C (Caos),Express,CPU,low
2026-05-06 05:16:25+00:00,8.88,28.67,38.625,4,7.0,C (Caos),Express,CPU,low
2026-05-06 05:16:27+00:00,7.29,28.6,38.625,2,9.0,C (Caos),Express,CPU,low
2026-05-06 05:16:29+00:00,7.0,29.47,38.625,1,11.0,C (Caos),Express,CPU,low
2026-05-06 05:16:31+00:00,6.56,29.55,38.625,5,13.0,C (Caos),Express,CPU,low
2026-05-06 05:16:33+00:00,9.13,30.18,38.625,2,15.0,C (Caos),Express,CPU,low
2026-05-06 05:16:35+00:00,6.96,30.99,38.625,2,17.0,C (Caos),Express,CPU,low
2026-05-06 05:16:37+00:00,8.87,30.72,38.625,1,19.0,C (Caos),Express,CPU,low
2026-05-06 03:42:06+00:00,62.08,37.78,39.625,16,0.0,C (Caos),Express,CPU,high
2026-05-06 03:42:08+00:00,63.85,37.5,39.625,29,2.0,C (Caos),Express,CPU,high
2026-05-06 03:42:10+00:00,68.23,37.88,39.625,24,4.0,C (Caos),Express,CPU,high
2026-05-06 03:42:13+00:00,60.3,43.41,39.625,25,7.0,C (Caos),Express,CPU,high
2026-05-06 03:42:15+00:00,66.44,43.55,39.625,22,9.0,C (Caos),Express,CPU,high
2026-05-06 03:42:17+00:00,55.42,43.68,39.625,15,11.0,C (Caos),Express,CPU,high
2026-05-06 03:42:19+00:00,51.33,43.73,39.625,30,13.0,C (Caos),Express,CPU,high
2026-05-06 03:42:21+00:00,65.11,43.84,39.625,23,15.0,C (Caos),Express,CPU,high
2026-05-06 03:42:23+00:00,65.92,43.94,39.625,24,17.0,C (Caos),Express,CPU,high
2026-05-06 03:42:25+00:00,34.03,44.3,39.625,21,19.0,C (Caos),Express,CPU,high
2026-05-06 04:29:11+00:00,2.59,41.32,39.75,5,0.0,C (Caos),FastAPI,CPU,low
2026-05-06 04:29:13+00:00,2.31,41.45,39.75,5,2.0,C (Caos),FastAPI,CPU,low
2026-05-06 04:29:15+00:00,1.36,41.33,39.75,7,4.0,C (Caos),FastAPI,CPU,low
2026-05-06 04:29:17+00:00,2.01,41.68,39.75,6,6.0,C (Caos),FastAPI,CPU,low
2026-05-06 04:29:20+00:00,2.04,41.36,39.75,3,9.0,C (Caos),FastAPI,CPU,low
2026-05-06 04:29:22+00:00,2.02,41.56,39.75,4,11.0,C (Caos),FastAPI,CPU,low
2026-05-06 04:29:24+00:00,2.26,41.5,39.75,3,13.0,C (Caos),FastAPI,CPU,low
2026-05-06 04:29:26+00:00,2.38,41.58,39.875,3,15.0,C (Caos),FastAPI,CPU,low
2026-05-06 04:29:28+00:00,1.07,41.77,39.875,2,17.0,C (Caos),FastAPI,CPU,low
2026-05-06 04:29:30+00:00,2.07,41.69,39.875,3,19.0,C (Caos),FastAPI,CPU,low
2026-05-06 04:05:38+00:00,3.78,37.73,39.75,82,0.0,C (Caos),Express,IO,high
2026-05-06 04:05:40+00:00,3.66,38.21,39.75,82,2.0,C (Caos),Express,IO,high
2026-05-06 04:05:42+00:00,4.16,38.52,39.875,94,4.0,C (Caos),Express,IO,high
2026-05-06 04:05:45+00:00,3.95,38.75,39.875,83,7.0,C (Caos),Express,IO,high
2026-05-06 04:05:47+00:00,4.21,39.0,39.875,82,9.0,C (Caos),Express,IO,high
2026-05-06 04:05:49+00:00,5.53,39.08,39.875,88,11.0,C (Caos),Express,IO,high
2026-05-06 04:05:51+00:00,4.56,38.84,39.875,93,13.0,C (Caos),Express,IO,high
2026-05-06 04:05:53+00:00,5.26,38.32,39.875,82,15.0,C (Caos),Express,IO,high
2026-05-06 04:05:55+00:00,4.02,38.52,39.875,80,17.0,C (Caos),Express,IO,high
2026-05-06 04:05:57+00:00,3.34,38.54,39.875,71,19.0,C (Caos),Express,IO,high
2026-05-06 04:52:45+00:00,1.14,42.29,38.875,9,0.0,C (Caos),FastAPI,IO,low
2026-05-06 04:52:47+00:00,1.29,42.46,38.875,12,2.0,C (Caos),FastAPI,IO,low
2026-05-06 04:52:49+00:00,0.59,42.59,38.875,10,4.0,C (Caos),FastAPI,IO,low
2026-05-06 04:52:51+00:00,1.85,42.49,38.875,12,6.0,C (Caos),FastAPI,IO,low
2026-05-06 04:52:53+00:00,1.17,42.65,38.875,11,8.0,C (Caos),FastAPI,IO,low
2026-05-06 04:52:55+00:00,1.39,42.86,39.0,9,10.0,C (Caos),FastAPI,IO,low
2026-05-06 04:52:57+00:00,1.67,43.05,39.0,13,12.0,C (Caos),FastAPI,IO,low
2026-05-06 04:52:59+00:00,1.18,43.03,39.0,11,14.0,C (Caos),FastAPI,IO,low
2026-05-06 04:53:01+00:00,1.26,43.18,39.0,16,16.0,C (Caos),FastAPI,IO,low
2026-05-06 04:53:04+00:00,1.7,43.12,39.0,12,19.0,C (Caos),FastAPI,IO,low
2026-05-06 05:03:34+00:00,29.32,33.64,38.875,7,0.0,C (Caos),Express,CPU,medium
2026-05-06 05:03:36+00:00,32.24,33.5,38.875,8,2.0,C (Caos),Express,CPU,medium
2026-05-06 05:03:38+00:00,31.38,33.77,38.875,10,4.0,C (Caos),Express,CPU,medium
2026-05-06 05:03:40+00:00,35.98,34.54,39.0,8,6.0,C (Caos),Express,CPU,medium
2026-05-06 05:03:42+00:00,26.54,34.45,39.0,9,8.0,C (Caos),Express,CPU,medium
2026-05-06 05:03:45+00:00,27.55,34.42,39.0,8,11.0,C (Caos),Express,CPU,medium
2026-05-06 05:03:47+00:00,27.3,34.51,38.875,10,13.0,C (Caos),Express,CPU,medium
2026-05-06 05:03:49+00:00,28.22,34.91,38.875,7,15.0,C (Caos),Express,CPU,medium
2026-05-06 05:03:51+00:00,25.87,35.15,38.875,7,17.0,C (Caos),Express,CPU,medium
2026-05-06 05:03:53+00:00,23.73,34.74,38.875,5,19.0,C (Caos),Express,CPU,medium
2026-05-06 03:58:38+00:00,2.05,41.18,39.625,1,0.0,C (Caos),FastAPI,CPU,low
2026-05-06 03:58:40+00:00,2.06,41.37,39.625,4,2.0,C (Caos),FastAPI,CPU,low
2026-05-06 03:58:42+00:00,2.62,41.29,39.625,2,4.0,C (Caos),FastAPI,CPU,low
2026-05-06 03:58:44+00:00,1.76,41.46,39.625,6,6.0,C (Caos),FastAPI,CPU,low
2026-05-06 03:58:47+00:00,1.99,41.88,39.625,3,9.0,C (Caos),FastAPI,CPU,low
2026-05-06 03:58:49+00:00,2.34,41.57,39.625,2,11.0,C (Caos),FastAPI,CPU,low
2026-05-06 03:58:51+00:00,2.31,41.62,39.625,1,13.0,C (Caos),FastAPI,CPU,low
2026-05-06 03:58:53+00:00,2.3,41.5,39.625,2,15.0,C (Caos),FastAPI,CPU,low
2026-05-06 03:58:55+00:00,2.7,41.42,39.625,2,17.0,C (Caos),FastAPI,CPU,low
2026-05-06 03:58:57+00:00,2.34,41.83,39.625,1,19.0,C (Caos),FastAPI,CPU,low
2026-05-06 04:19:00+00:00,19.99,41.82,39.875,22,0.0,C (Caos),FastAPI,CPU,high
2026-05-06 04:19:02+00:00,22.97,41.98,39.875,18,2.0,C (Caos),FastAPI,CPU,high
2026-05-06 04:19:04+00:00,21.52,42.01,39.875,21,4.0,C (Caos),FastAPI,CPU,high
2026-05-06 04:19:06+00:00,18.41,42.16,39.875,19,6.0,C (Caos),FastAPI,CPU,high
2026-05-06 04:19:08+00:00,19.84,41.7,39.875,23,8.0,C (Caos),FastAPI,CPU,high
2026-05-06 04:19:10+00:00,18.97,41.84,39.875,20,10.0,C (Caos),FastAPI,CPU,high
2026-05-06 04:19:13+00:00,21.27,41.85,39.875,19,13.0,C (Caos),FastAPI,CPU,high
2026-05-06 04:19:15+00:00,20.68,41.68,39.875,11,15.0,C (Caos),FastAPI,CPU,high
2026-05-06 04:19:17+00:00,20.25,41.59,39.875,18,17.0,C (Caos),FastAPI,CPU,high
2026-05-06 04:19:19+00:00,15.23,41.85,39.875,21,19.0,C (Caos),FastAPI,CPU,high
2026-05-06 03:56:05+00:00,21.04,41.83,39.75,24,0.0,C (Caos),FastAPI,CPU,high
2026-05-06 03:56:07+00:00,19.9,41.95,39.75,19,2.0,C (Caos),FastAPI,CPU,high
2026-05-06 03:56:09+00:00,20.49,41.78,39.75,24,4.0,C (Caos),FastAPI,CPU,high
2026-05-06 03:56:12+00:00,19.34,42.2,39.75,24,7.0,C (Caos),FastAPI,CPU,high
2026-05-06 03:56:14+00:00,19.24,41.97,39.75,25,9.0,C (Caos),FastAPI,CPU,high
2026-05-06 03:56:16+00:00,19.88,42.03,39.75,23,11.0,C (Caos),FastAPI,CPU,high
2026-05-06 03:56:18+00:00,16.65,41.84,39.75,26,13.0,C (Caos),FastAPI,CPU,high
2026-05-06 03:56:20+00:00,20.63,42.0,39.75,29,15.0,C (Caos),FastAPI,CPU,high
2026-05-06 03:56:22+00:00,19.98,41.76,39.75,20,17.0,C (Caos),FastAPI,CPU,high
2026-05-06 03:56:24+00:00,15.5,41.89,39.75,23,19.0,C (Caos),FastAPI,CPU,high
2026-05-06 04:41:55+00:00,21.0,41.72,39.875,17,0.0,C (Caos),FastAPI,CPU,high
2026-05-06 04:41:57+00:00,20.46,41.86,39.875,17,2.0,C (Caos),FastAPI,CPU,high
2026-05-06 04:41:59+00:00,17.57,42.02,39.875,26,4.0,C (Caos),FastAPI,CPU,high
2026-05-06 04:42:01+00:00,18.66,41.92,39.875,29,6.0,C (Caos),FastAPI,CPU,high
2026-05-06 04:42:03+00:00,15.92,41.98,39.875,18,8.0,C (Caos),FastAPI,CPU,high
2026-05-06 04:42:05+00:00,20.69,41.91,39.875,31,10.0,C (Caos),FastAPI,CPU,high
2026-05-06 04:42:08+00:00,23.27,42.02,39.875,16,13.0,C (Caos),FastAPI,CPU,high
2026-05-06 04:42:10+00:00,21.22,42.08,39.875,21,15.0,C (Caos),FastAPI,CPU,high
2026-05-06 04:42:12+00:00,20.15,41.98,39.875,18,17.0,C (Caos),FastAPI,CPU,high
2026-05-06 04:42:14+00:00,16.64,41.99,39.875,15,19.0,C (Caos),FastAPI,CPU,high
2026-05-06 04:23:27+00:00,1.32,27.2,39.625,10,0.0,C (Caos),Express,IO,low
2026-05-06 04:23:29+00:00,1.5,27.38,39.625,11,2.0,C (Caos),Express,IO,low
2026-05-06 04:23:31+00:00,1.49,28.05,39.625,12,4.0,C (Caos),Express,IO,low
2026-05-06 04:23:34+00:00,0.83,28.46,39.625,12,7.0,C (Caos),Express,IO,low
2026-05-06 04:23:36+00:00,1.2,28.57,39.625,12,9.0,C (Caos),Express,IO,low
2026-05-06 04:23:38+00:00,0.73,28.89,39.625,13,11.0,C (Caos),Express,IO,low
2026-05-06 04:23:40+00:00,1.12,29.17,39.75,9,13.0,C (Caos),Express,IO,low
2026-05-06 04:23:42+00:00,1.05,29.34,39.75,13,15.0,C (Caos),Express,IO,low
2026-05-06 04:23:44+00:00,0.72,29.57,39.75,12,17.0,C (Caos),Express,IO,low
2026-05-06 04:23:46+00:00,0.81,30.27,39.75,10,19.0,C (Caos),Express,IO,low
2026-05-06 04:14:33+00:00,1.29,42.0,39.75,11,0.0,C (Caos),FastAPI,IO,low
2026-05-06 04:14:35+00:00,1.6,42.38,39.75,12,2.0,C (Caos),FastAPI,IO,low
2026-05-06 04:14:37+00:00,1.64,42.57,39.75,11,4.0,C (Caos),FastAPI,IO,low
2026-05-06 04:14:39+00:00,1.64,42.49,39.75,12,6.0,C (Caos),FastAPI,IO,low
2026-05-06 04:14:41+00:00,1.51,42.36,39.75,11,8.0,C (Caos),FastAPI,IO,low
2026-05-06 04:14:43+00:00,1.64,42.77,39.75,8,10.0,C (Caos),FastAPI,IO,low
2026-05-06 04:14:46+00:00,1.0,42.66,39.75,10,13.0,C (Caos),FastAPI,IO,low
2026-05-06 04:14:48+00:00,1.24,42.55,39.75,11,15.0,C (Caos),FastAPI,IO,low
2026-05-06 04:14:50+00:00,1.45,42.62,39.75,8,17.0,C (Caos),FastAPI,IO,low
2026-05-06 04:14:52+00:00,1.01,42.82,39.75,11,19.0,C (Caos),FastAPI,IO,low
2026-05-06 05:19:29+00:00,3.81,33.56,38.5,62,0.0,C (Caos),Express,IO,medium
2026-05-06 05:19:32+00:00,2.97,34.43,38.5,55,3.0,C (Caos),Express,IO,medium
2026-05-06 05:19:34+00:00,3.14,36.29,38.5,47,5.0,C (Caos),Express,IO,medium
2026-05-06 05:19:36+00:00,3.64,37.69,38.5,55,7.0,C (Caos),Express,IO,medium
2026-05-06 05:19:38+00:00,3.25,37.43,38.5,57,9.0,C (Caos),Express,IO,medium
2026-05-06 05:19:40+00:00,3.03,37.07,38.625,54,11.0,C (Caos),Express,IO,medium
2026-05-06 05:19:42+00:00,3.22,37.2,38.625,56,13.0,C (Caos),Express,IO,medium
2026-05-06 05:19:44+00:00,2.13,37.0,38.625,52,15.0,C (Caos),Express,IO,medium
2026-05-06 05:19:46+00:00,2.33,37.98,38.625,48,17.0,C (Caos),Express,IO,medium
2026-05-06 05:19:48+00:00,2.42,37.62,38.625,39,19.0,C (Caos),Express,IO,medium
2026-05-06 03:41:28+00:00,9.81,49.28,39.375,115,0.0,C (Caos),FastAPI,IO,high
2026-05-06 03:41:30+00:00,9.09,49.38,39.375,100,2.0,C (Caos),FastAPI,IO,high
2026-05-06 03:41:32+00:00,9.57,49.4,39.375,99,4.0,C (Caos),FastAPI,IO,high
2026-05-06 03:41:34+00:00,9.91,49.3,39.375,94,6.0,C (Caos),FastAPI,IO,high
2026-05-06 03:41:36+00:00,9.76,49.16,39.375,95,8.0,C (Caos),FastAPI,IO,high
2026-05-06 03:41:39+00:00,8.69,49.38,39.375,91,11.0,C (Caos),FastAPI,IO,high
2026-05-06 03:41:41+00:00,7.98,48.92,39.5,102,13.0,C (Caos),FastAPI,IO,high
2026-05-06 03:41:43+00:00,10.68,49.3,39.5,92,15.0,C (Caos),FastAPI,IO,high
2026-05-06 03:41:45+00:00,9.45,49.16,39.5,89,17.0,C (Caos),FastAPI,IO,high
2026-05-06 03:41:47+00:00,8.91,49.01,39.5,71,19.0,C (Caos),FastAPI,IO,high
2026-05-06 04:43:11+00:00,67.5,34.99,40.0,22,0.0,C (Caos),Express,CPU,high
2026-05-06 04:43:14+00:00,61.13,35.27,40.0,14,3.0,C (Caos),Express,CPU,high
2026-05-06 04:43:16+00:00,63.2,35.61,40.0,27,5.0,C (Caos),Express,CPU,high
2026-05-06 04:43:18+00:00,65.52,35.61,40.0,33,7.0,C (Caos),Express,CPU,high
2026-05-06 04:43:20+00:00,64.6,35.61,40.125,33,9.0,C (Caos),Express,CPU,high
2026-05-06 04:43:22+00:00,66.0,35.22,40.125,22,11.0,C (Caos),Express,CPU,high
2026-05-06 04:43:24+00:00,47.89,35.27,40.125,15,13.0,C (Caos),Express,CPU,high
2026-05-06 04:43:26+00:00,55.24,35.64,40.0,28,15.0,C (Caos),Express,CPU,high
2026-05-06 04:43:28+00:00,57.95,42.91,40.0,28,17.0,C (Caos),Express,CPU,high
2026-05-06 04:43:31+00:00,45.28,43.13,40.125,20,20.0,C (Caos),Express,CPU,high
2026-05-06 04:29:49+00:00,1.0,42.0,39.75,9,0.0,C (Caos),FastAPI,IO,low
2026-05-06 04:29:51+00:00,1.4,42.18,39.75,10,2.0,C (Caos),FastAPI,IO,low
2026-05-06 04:29:54+00:00,1.25,42.16,39.75,11,5.0,C (Caos),FastAPI,IO,low
2026-05-06 04:29:56+00:00,1.13,42.29,39.75,12,7.0,C (Caos),FastAPI,IO,low
2026-05-06 04:29:58+00:00,1.11,42.49,39.75,9,9.0,C (Caos),FastAPI,IO,low
2026-05-06 04:30:00+00:00,1.51,42.67,39.75,10,11.0,C (Caos),FastAPI,IO,low
2026-05-06 04:30:02+00:00,0.83,42.71,39.75,8,13.0,C (Caos),FastAPI,IO,low
2026-05-06 04:30:04+00:00,1.18,43.11,39.75,13,15.0,C (Caos),FastAPI,IO,low
2026-05-06 04:30:06+00:00,1.72,43.04,39.75,15,17.0,C (Caos),FastAPI,IO,low
2026-05-06 04:30:08+00:00,1.58,43.23,39.75,8,19.0,C (Caos),FastAPI,IO,low
2026-05-06 05:15:40+00:00,1.36,42.35,38.625,10,0.0,C (Caos),FastAPI,IO,low
2026-05-06 05:15:42+00:00,1.61,42.78,38.625,10,2.0,C (Caos),FastAPI,IO,low
2026-05-06 05:15:44+00:00,1.18,42.95,38.625,8,4.0,C (Caos),FastAPI,IO,low
2026-05-06 05:15:46+00:00,1.69,42.34,38.625,14,6.0,C (Caos),FastAPI,IO,low
2026-05-06 05:15:48+00:00,1.41,42.25,38.625,10,8.0,C (Caos),FastAPI,IO,low
2026-05-06 05:15:51+00:00,1.25,42.52,38.625,10,11.0,C (Caos),FastAPI,IO,low
2026-05-06 05:15:53+00:00,1.62,42.99,38.625,12,13.0,C (Caos),FastAPI,IO,low
2026-05-06 05:15:55+00:00,1.39,42.76,38.625,14,15.0,C (Caos),FastAPI,IO,low
2026-05-06 05:15:57+00:00,2.03,42.92,38.625,16,17.0,C (Caos),FastAPI,IO,low
2026-05-06 05:15:59+00:00,1.68,43.12,38.625,14,19.0,C (Caos),FastAPI,IO,low
2026-05-06 04:44:28+00:00,2.88,41.23,39.625,2,0.0,C (Caos),FastAPI,CPU,low
2026-05-06 04:44:30+00:00,2.6,41.38,39.625,1,2.0,C (Caos),FastAPI,CPU,low
2026-05-06 04:44:32+00:00,1.4,41.35,39.75,3,4.0,C (Caos),FastAPI,CPU,low
2026-05-06 04:44:34+00:00,2.86,41.29,39.75,3,6.0,C (Caos),FastAPI,CPU,low
2026-05-06 04:44:36+00:00,1.87,41.45,39.75,4,8.0,C (Caos),FastAPI,CPU,low
2026-05-06 04:44:38+00:00,2.07,41.37,39.75,2,10.0,C (Caos),FastAPI,CPU,low
2026-05-06 04:44:41+00:00,2.59,41.29,39.75,1,13.0,C (Caos),FastAPI,CPU,low
2026-05-06 04:44:43+00:00,2.05,41.38,39.75,1,15.0,C (Caos),FastAPI,CPU,low
2026-05-06 04:44:45+00:00,2.91,41.73,39.75,1,17.0,C (Caos),FastAPI,CPU,low
2026-05-06 04:44:47+00:00,2.29,41.42,39.75,0,19.0,C (Caos),FastAPI,CPU,low
2026-05-06 05:23:57+00:00,4.98,26.98,38.375,1,0.0,C (Caos),Express,CPU,low
2026-05-06 05:23:59+00:00,5.1,27.44,38.375,1,2.0,C (Caos),Express,CPU,low
2026-05-06 05:24:01+00:00,6.06,27.92,38.5,1,4.0,C (Caos),Express,CPU,low
2026-05-06 05:24:03+00:00,5.84,28.45,38.5,3,6.0,C (Caos),Express,CPU,low
2026-05-06 05:24:05+00:00,2.09,28.75,38.5,8,8.0,C (Caos),Express,CPU,low
2026-05-06 05:24:08+00:00,10.01,29.41,38.5,3,11.0,C (Caos),Express,CPU,low
2026-05-06 05:24:10+00:00,9.84,29.98,38.5,4,13.0,C (Caos),Express,CPU,low
2026-05-06 05:24:12+00:00,6.75,30.36,38.5,2,15.0,C (Caos),Express,CPU,low
2026-05-06 05:24:14+00:00,9.67,30.66,38.5,1,17.0,C (Caos),Express,CPU,low
2026-05-06 05:24:16+00:00,6.05,31.12,38.5,0,19.0,C (Caos),Express,CPU,low
2026-05-06 05:25:52+00:00,5.23,45.25,38.5,50,0.0,C (Caos),FastAPI,IO,medium
2026-05-06 05:25:54+00:00,4.78,45.5,38.5,47,2.0,C (Caos),FastAPI,IO,medium
2026-05-06 05:25:56+00:00,4.33,45.03,38.5,46,4.0,C (Caos),FastAPI,IO,medium
2026-05-06 05:25:58+00:00,5.05,44.72,38.5,48,6.0,C (Caos),FastAPI,IO,medium
2026-05-06 05:26:00+00:00,4.38,44.7,38.625,42,8.0,C (Caos),FastAPI,IO,medium
2026-05-06 05:26:02+00:00,5.07,45.1,38.625,47,10.0,C (Caos),FastAPI,IO,medium
2026-05-06 05:26:04+00:00,4.36,44.75,38.625,39,12.0,C (Caos),FastAPI,IO,medium
2026-05-06 05:26:07+00:00,4.58,44.86,38.625,44,15.0,C (Caos),FastAPI,IO,medium
2026-05-06 05:26:09+00:00,5.64,44.8,38.625,44,17.0,C (Caos),FastAPI,IO,medium
2026-05-06 05:26:11+00:00,4.07,44.98,38.625,41,19.0,C (Caos),FastAPI,IO,medium
2026-05-06 04:34:55+00:00,9.22,45.49,39.875,90,0.0,C (Caos),FastAPI,IO,high
2026-05-06 04:34:57+00:00,9.32,45.8,39.875,79,2.0,C (Caos),FastAPI,IO,high
2026-05-06 04:34:59+00:00,9.2,46.04,39.875,78,4.0,C (Caos),FastAPI,IO,high
2026-05-06 04:35:01+00:00,9.13,46.04,39.875,76,6.0,C (Caos),FastAPI,IO,high
2026-05-06 04:35:03+00:00,9.87,45.7,39.875,77,8.0,C (Caos),FastAPI,IO,high
2026-05-06 04:35:05+00:00,8.54,45.86,39.875,80,10.0,C (Caos),FastAPI,IO,high
2026-05-06 04:35:08+00:00,9.37,45.91,39.875,73,13.0,C (Caos),FastAPI,IO,high
2026-05-06 04:35:10+00:00,9.56,45.63,39.875,86,15.0,C (Caos),FastAPI,IO,high
2026-05-06 04:35:12+00:00,8.96,45.55,39.875,81,17.0,C (Caos),FastAPI,IO,high
2026-05-06 04:35:14+00:00,7.76,45.73,39.875,64,19.0,C (Caos),FastAPI,IO,high
2026-05-06 03:59:16+00:00,1.28,42.24,39.5,10,0.0,C (Caos),FastAPI,IO,low
2026-05-06 03:59:18+00:00,0.96,42.45,39.625,11,2.0,C (Caos),FastAPI,IO,low
2026-05-06 03:59:20+00:00,1.31,42.36,39.625,13,4.0,C (Caos),FastAPI,IO,low
2026-05-06 03:59:23+00:00,1.08,42.51,39.625,8,7.0,C (Caos),FastAPI,IO,low
2026-05-06 03:59:25+00:00,1.29,42.43,39.625,12,9.0,C (Caos),FastAPI,IO,low
2026-05-06 03:59:27+00:00,1.74,43.04,39.625,13,11.0,C (Caos),FastAPI,IO,low
2026-05-06 03:59:29+00:00,1.48,42.88,39.625,13,13.0,C (Caos),FastAPI,IO,low
2026-05-06 03:59:31+00:00,1.81,42.84,39.625,10,15.0,C (Caos),FastAPI,IO,low
2026-05-06 03:59:33+00:00,1.23,42.52,39.625,12,17.0,C (Caos),FastAPI,IO,low
2026-05-06 03:59:35+00:00,1.16,42.9,39.625,9,19.0,C (Caos),FastAPI,IO,low
2026-05-06 04:05:00+00:00,61.76,37.45,39.875,31,0.0,C (Caos),Express,CPU,high
2026-05-06 04:05:02+00:00,68.05,43.29,39.875,20,2.0,C (Caos),Express,CPU,high
2026-05-06 04:05:04+00:00,57.59,43.5,39.875,23,4.0,C (Caos),Express,CPU,high
2026-05-06 04:05:06+00:00,62.25,43.34,40.0,23,6.0,C (Caos),Express,CPU,high
2026-05-06 04:05:09+00:00,56.13,40.0,40.0,26,9.0,C (Caos),Express,CPU,high
2026-05-06 04:05:11+00:00,62.72,40.16,40.0,16,11.0,C (Caos),Express,CPU,high
2026-05-06 04:05:13+00:00,65.79,40.05,40.0,25,13.0,C (Caos),Express,CPU,high
2026-05-06 04:05:15+00:00,63.45,39.82,40.0,31,15.0,C (Caos),Express,CPU,high
2026-05-06 04:05:17+00:00,60.8,43.95,40.0,25,17.0,C (Caos),Express,CPU,high
2026-05-06 04:05:19+00:00,40.39,43.76,40.125,16,19.0,C (Caos),Express,CPU,high
2026-05-06 04:10:06+00:00,36.56,33.49,39.875,12,0.0,C (Caos),Express,CPU,medium
2026-05-06 04:10:08+00:00,31.84,33.57,39.875,10,2.0,C (Caos),Express,CPU,medium
2026-05-06 04:10:10+00:00,32.32,33.59,39.875,12,4.0,C (Caos),Express,CPU,medium
2026-05-06 04:10:12+00:00,29.43,33.99,39.875,10,6.0,C (Caos),Express,CPU,medium
2026-05-06 04:10:14+00:00,33.86,33.76,39.875,5,8.0,C (Caos),Express,CPU,medium
2026-05-06 04:10:16+00:00,34.83,34.25,40.0,12,10.0,C (Caos),Express,CPU,medium
2026-05-06 04:10:18+00:00,27.18,34.54,40.0,14,12.0,C (Caos),Express,CPU,medium
2026-05-06 04:10:20+00:00,33.52,34.7,40.0,12,14.0,C (Caos),Express,CPU,medium
2026-05-06 04:10:23+00:00,34.31,34.61,40.0,12,17.0,C (Caos),Express,CPU,medium
2026-05-06 04:10:25+00:00,21.32,34.8,40.0,8,19.0,C (Caos),Express,CPU,medium
2026-05-06 05:20:08+00:00,21.13,41.58,38.5,19,0.0,C (Caos),FastAPI,CPU,high
2026-05-06 05:20:10+00:00,20.09,41.74,38.5,21,2.0,C (Caos),FastAPI,CPU,high
2026-05-06 05:20:12+00:00,19.16,41.61,38.5,22,4.0,C (Caos),FastAPI,CPU,high
2026-05-06 05:20:14+00:00,19.59,41.84,38.625,32,6.0,C (Caos),FastAPI,CPU,high
2026-05-06 05:20:16+00:00,20.18,41.77,38.625,26,8.0,C (Caos),FastAPI,CPU,high
2026-05-06 05:20:18+00:00,19.8,41.87,38.5,23,10.0,C (Caos),FastAPI,CPU,high
2026-05-06 05:20:20+00:00,21.48,41.68,38.5,15,12.0,C (Caos),FastAPI,CPU,high
2026-05-06 05:20:22+00:00,17.43,41.95,38.625,20,14.0,C (Caos),FastAPI,CPU,high
2026-05-06 05:20:25+00:00,23.75,42.11,38.625,23,17.0,C (Caos),FastAPI,CPU,high
2026-05-06 05:20:27+00:00,15.81,41.92,38.625,16,19.0,C (Caos),FastAPI,CPU,high
2026-05-06 04:46:22+00:00,1.18,27.39,39.625,14,0.0,C (Caos),Express,IO,low
2026-05-06 04:46:24+00:00,1.55,27.9,39.625,8,2.0,C (Caos),Express,IO,low
2026-05-06 04:46:26+00:00,1.3,28.66,39.625,11,4.0,C (Caos),Express,IO,low
2026-05-06 04:46:29+00:00,1.15,28.54,39.625,11,7.0,C (Caos),Express,IO,low
2026-05-06 04:46:31+00:00,1.26,29.27,39.625,8,9.0,C (Caos),Express,IO,low
2026-05-06 04:46:33+00:00,1.08,29.43,39.625,11,11.0,C (Caos),Express,IO,low
2026-05-06 04:46:35+00:00,1.31,29.73,39.625,10,13.0,C (Caos),Express,IO,low
2026-05-06 04:46:37+00:00,1.0,29.89,39.625,9,15.0,C (Caos),Express,IO,low
2026-05-06 04:46:39+00:00,0.89,30.12,39.625,7,17.0,C (Caos),Express,IO,low
2026-05-06 04:46:41+00:00,1.03,30.76,39.625,12,19.0,C (Caos),Express,IO,low
2026-05-06 05:25:14+00:00,10.14,41.62,38.5,9,0.0,C (Caos),FastAPI,CPU,medium
2026-05-06 05:25:16+00:00,9.58,41.5,38.5,14,2.0,C (Caos),FastAPI,CPU,medium
2026-05-06 05:25:18+00:00,12.13,41.65,38.5,7,4.0,C (Caos),FastAPI,CPU,medium
2026-05-06 05:25:20+00:00,10.1,41.81,38.5,7,6.0,C (Caos),FastAPI,CPU,medium
2026-05-06 05:25:22+00:00,9.82,41.73,38.5,7,8.0,C (Caos),FastAPI,CPU,medium
2026-05-06 05:25:24+00:00,9.87,41.62,38.5,8,10.0,C (Caos),FastAPI,CPU,medium
2026-05-06 05:25:26+00:00,9.7,41.78,38.5,9,12.0,C (Caos),FastAPI,CPU,medium
2026-05-06 05:25:28+00:00,11.14,41.55,38.625,7,14.0,C (Caos),FastAPI,CPU,medium
2026-05-06 05:25:30+00:00,10.97,41.45,38.625,16,16.0,C (Caos),FastAPI,CPU,medium
2026-05-06 05:25:33+00:00,8.56,41.61,38.625,6,19.0,C (Caos),FastAPI,CPU,medium
2026-05-06 03:40:50+00:00,21.41,41.74,39.25,22,0.0,C (Caos),FastAPI,CPU,high
2026-05-06 03:40:52+00:00,21.1,41.9,39.25,22,2.0,C (Caos),FastAPI,CPU,high
2026-05-06 03:40:54+00:00,17.07,41.82,39.25,22,4.0,C (Caos),FastAPI,CPU,high
2026-05-06 03:40:56+00:00,18.54,41.72,39.375,20,6.0,C (Caos),FastAPI,CPU,high
2026-05-06 03:40:58+00:00,22.61,41.84,39.375,24,8.0,C (Caos),FastAPI,CPU,high
2026-05-06 03:41:00+00:00,18.5,41.73,39.375,26,10.0,C (Caos),FastAPI,CPU,high
2026-05-06 03:41:02+00:00,20.37,41.77,39.375,25,12.0,C (Caos),FastAPI,CPU,high
2026-05-06 03:41:05+00:00,18.36,42.16,39.375,29,15.0,C (Caos),FastAPI,CPU,high
2026-05-06 03:41:07+00:00,19.83,42.06,39.375,24,17.0,C (Caos),FastAPI,CPU,high
2026-05-06 03:41:09+00:00,16.3,42.24,39.375,12,19.0,C (Caos),FastAPI,CPU,high
2026-05-06 04:07:33+00:00,3.96,27.41,39.75,2,0.0,C (Caos),Express,CPU,low
2026-05-06 04:07:35+00:00,5.0,27.92,39.75,0,2.0,C (Caos),Express,CPU,low
2026-05-06 04:07:37+00:00,8.15,28.03,39.75,0,4.0,C (Caos),Express,CPU,low
2026-05-06 04:07:39+00:00,6.89,28.62,39.75,2,6.0,C (Caos),Express,CPU,low
2026-05-06 04:07:41+00:00,5.21,29.21,39.75,1,8.0,C (Caos),Express,CPU,low
2026-05-06 04:07:43+00:00,5.04,29.5,39.75,4,10.0,C (Caos),Express,CPU,low
2026-05-06 04:07:45+00:00,7.77,29.54,39.75,4,12.0,C (Caos),Express,CPU,low
2026-05-06 04:07:47+00:00,7.79,30.26,39.75,2,14.0,C (Caos),Express,CPU,low
2026-05-06 04:07:50+00:00,5.89,30.82,39.75,2,17.0,C (Caos),Express,CPU,low
2026-05-06 04:07:52+00:00,5.89,30.73,39.75,3,19.0,C (Caos),Express,CPU,low
2026-05-06 04:13:17+00:00,4.75,37.71,39.875,85,0.0,C (Caos),Express,IO,high
2026-05-06 04:13:19+00:00,4.24,38.07,39.875,84,2.0,C (Caos),Express,IO,high
2026-05-06 04:13:21+00:00,3.65,38.26,39.875,86,4.0,C (Caos),Express,IO,high
2026-05-06 04:13:23+00:00,6.16,38.29,39.875,78,6.0,C (Caos),Express,IO,high
2026-05-06 04:13:25+00:00,4.5,38.76,40.0,78,8.0,C (Caos),Express,IO,high
2026-05-06 04:13:27+00:00,5.52,39.07,40.0,82,10.0,C (Caos),Express,IO,high
2026-05-06 04:13:29+00:00,3.87,38.77,40.0,84,12.0,C (Caos),Express,IO,high
2026-05-06 04:13:31+00:00,4.0,38.93,40.0,96,14.0,C (Caos),Express,IO,high
2026-05-06 04:13:33+00:00,4.28,39.02,40.0,91,16.0,C (Caos),Express,IO,high
2026-05-06 04:13:36+00:00,3.98,39.46,40.0,79,19.0,C (Caos),Express,IO,high
2026-05-06 04:31:05+00:00,1.07,27.43,39.75,10,0.0,C (Caos),Express,IO,low
2026-05-06 04:31:07+00:00,1.06,27.63,39.75,8,2.0,C (Caos),Express,IO,low
2026-05-06 04:31:10+00:00,1.57,28.0,39.75,10,5.0,C (Caos),Express,IO,low
2026-05-06 04:31:12+00:00,1.34,28.34,39.875,8,7.0,C (Caos),Express,IO,low
2026-05-06 04:31:14+00:00,0.83,28.69,39.75,7,9.0,C (Caos),Express,IO,low
2026-05-06 04:31:16+00:00,1.36,28.59,39.875,10,11.0,C (Caos),Express,IO,low
2026-05-06 04:31:18+00:00,0.88,29.0,39.875,10,13.0,C (Caos),Express,IO,low
2026-05-06 04:31:20+00:00,0.93,29.21,39.875,7,15.0,C (Caos),Express,IO,low
2026-05-06 04:31:22+00:00,1.14,29.34,39.875,14,17.0,C (Caos),Express,IO,low
2026-05-06 04:31:24+00:00,1.47,30.3,39.875,8,19.0,C (Caos),Express,IO,low
2026-05-06 03:37:39+00:00,1.3,29.88,38.625,11,0.0,C (Caos),Express,IO,low
2026-05-06 03:37:41+00:00,0.92,29.98,38.625,10,2.0,C (Caos),Express,IO,low
2026-05-06 03:37:43+00:00,1.61,30.55,38.75,14,4.0,C (Caos),Express,IO,low
2026-05-06 03:37:45+00:00,1.03,30.63,38.75,14,6.0,C (Caos),Express,IO,low
2026-05-06 03:37:47+00:00,1.38,30.64,38.75,12,8.0,C (Caos),Express,IO,low
2026-05-06 03:37:49+00:00,1.61,31.17,38.75,13,10.0,C (Caos),Express,IO,low
2026-05-06 03:37:51+00:00,1.49,31.49,38.75,12,12.0,C (Caos),Express,IO,low
2026-05-06 03:37:54+00:00,1.13,32.02,38.75,18,15.0,C (Caos),Express,IO,low
2026-05-06 03:37:56+00:00,0.92,32.34,38.75,16,17.0,C (Caos),Express,IO,low
2026-05-06 03:37:58+00:00,0.98,32.8,38.75,11,19.0,C (Caos),Express,IO,low
2026-05-06 04:11:22+00:00,19.16,41.55,39.875,25,0.0,C (Caos),FastAPI,CPU,high
2026-05-06 04:11:24+00:00,20.92,41.69,39.875,25,2.0,C (Caos),FastAPI,CPU,high
2026-05-06 04:11:26+00:00,17.21,41.96,39.875,19,4.0,C (Caos),FastAPI,CPU,high
2026-05-06 04:11:28+00:00,21.44,42.11,39.875,23,6.0,C (Caos),FastAPI,CPU,high
2026-05-06 04:11:30+00:00,21.05,41.89,39.875,26,8.0,C (Caos),FastAPI,CPU,high
2026-05-06 04:11:32+00:00,18.56,41.97,39.875,21,10.0,C (Caos),FastAPI,CPU,high
2026-05-06 04:11:35+00:00,19.1,42.09,39.875,20,13.0,C (Caos),FastAPI,CPU,high
2026-05-06 04:11:37+00:00,19.33,41.65,39.875,23,15.0,C (Caos),FastAPI,CPU,high
2026-05-06 04:11:39+00:00,19.75,41.74,40.0,23,17.0,C (Caos),FastAPI,CPU,high
2026-05-06 04:11:41+00:00,14.54,41.8,39.875,18,19.0,C (Caos),FastAPI,CPU,high
2026-05-06 04:54:01+00:00,0.84,27.77,38.875,12,0.0,C (Caos),Express,IO,low
2026-05-06 04:54:03+00:00,1.35,28.05,38.875,10,2.0,C (Caos),Express,IO,low
2026-05-06 04:54:05+00:00,1.6,28.25,38.875,14,4.0,C (Caos),Express,IO,low
2026-05-06 04:54:07+00:00,1.36,28.39,38.875,13,6.0,C (Caos),Express,IO,low
2026-05-06 04:54:09+00:00,1.2,28.66,38.875,12,8.0,C (Caos),Express,IO,low
2026-05-06 04:54:11+00:00,0.95,29.16,38.875,11,10.0,C (Caos),Express,IO,low
2026-05-06 04:54:14+00:00,1.1,29.45,38.875,13,13.0,C (Caos),Express,IO,low
2026-05-06 04:54:16+00:00,1.37,29.9,38.875,8,15.0,C (Caos),Express,IO,low
2026-05-06 04:54:18+00:00,0.86,30.0,38.875,11,17.0,C (Caos),Express,IO,low
2026-05-06 04:54:20+00:00,1.14,30.32,38.875,9,19.0,C (Caos),Express,IO,low
2026-05-06 05:27:08+00:00,4.84,32.57,38.5,42,0.0,C (Caos),Express,IO,medium
2026-05-06 05:27:10+00:00,3.98,33.16,38.5,44,2.0,C (Caos),Express,IO,medium
2026-05-06 05:27:13+00:00,5.74,35.21,38.5,42,5.0,C (Caos),Express,IO,medium
2026-05-06 05:27:15+00:00,3.77,36.05,38.5,39,7.0,C (Caos),Express,IO,medium
2026-05-06 05:27:17+00:00,2.55,36.13,38.5,43,9.0,C (Caos),Express,IO,medium
2026-05-06 05:27:19+00:00,3.08,36.27,38.5,48,11.0,C (Caos),Express,IO,medium
2026-05-06 05:27:21+00:00,2.46,36.55,38.5,42,13.0,C (Caos),Express,IO,medium
2026-05-06 05:27:23+00:00,2.51,37.38,38.5,41,15.0,C (Caos),Express,IO,medium
2026-05-06 05:27:25+00:00,2.31,37.24,38.5,44,17.0,C (Caos),Express,IO,medium
2026-05-06 05:27:27+00:00,1.99,37.11,38.5,39,19.0,C (Caos),Express,IO,medium
2026-05-06 04:01:11+00:00,11.45,41.63,39.625,13,0.0,C (Caos),FastAPI,CPU,medium
2026-05-06 04:01:13+00:00,10.55,42.0,39.625,11,2.0,C (Caos),FastAPI,CPU,medium
2026-05-06 04:01:15+00:00,13.04,41.9,39.625,7,4.0,C (Caos),FastAPI,CPU,medium
2026-05-06 04:01:17+00:00,13.07,41.82,39.75,8,6.0,C (Caos),FastAPI,CPU,medium
2026-05-06 04:01:19+00:00,8.44,41.73,39.75,13,8.0,C (Caos),FastAPI,CPU,medium
2026-05-06 04:01:22+00:00,9.75,41.84,39.75,10,11.0,C (Caos),FastAPI,CPU,medium
2026-05-06 04:01:24+00:00,8.69,41.99,39.75,12,13.0,C (Caos),FastAPI,CPU,medium
2026-05-06 04:01:26+00:00,10.04,41.8,39.75,7,15.0,C (Caos),FastAPI,CPU,medium
2026-05-06 04:01:28+00:00,11.12,41.6,39.75,9,17.0,C (Caos),FastAPI,CPU,medium
2026-05-06 04:01:30+00:00,7.38,41.77,39.75,9,19.0,C (Caos),FastAPI,CPU,medium
2026-05-06 04:36:11+00:00,5.33,38.46,39.875,82,0.0,C (Caos),Express,IO,high
2026-05-06 04:36:14+00:00,4.49,38.13,39.875,84,3.0,C (Caos),Express,IO,high
2026-05-06 04:36:16+00:00,4.21,38.43,39.875,96,5.0,C (Caos),Express,IO,high
2026-05-06 04:36:18+00:00,6.91,39.7,39.875,100,7.0,C (Caos),Express,IO,high
2026-05-06 04:36:20+00:00,4.33,39.16,39.875,92,9.0,C (Caos),Express,IO,high
2026-05-06 04:36:22+00:00,5.96,39.2,39.875,97,11.0,C (Caos),Express,IO,high
2026-05-06 04:36:24+00:00,3.97,38.95,39.875,100,13.0,C (Caos),Express,IO,high
2026-05-06 04:36:26+00:00,5.2,38.77,39.875,89,15.0,C (Caos),Express,IO,high
2026-05-06 04:36:28+00:00,4.24,38.61,39.875,87,17.0,C (Caos),Express,IO,high
2026-05-06 04:36:30+00:00,3.85,38.84,39.875,71,19.0,C (Caos),Express,IO,high
2026-05-06 04:24:44+00:00,5.1,44.65,39.75,56,0.0,C (Caos),FastAPI,IO,medium
2026-05-06 04:24:46+00:00,5.11,44.75,39.75,56,2.0,C (Caos),FastAPI,IO,medium
2026-05-06 04:24:48+00:00,5.91,44.49,39.75,56,4.0,C (Caos),FastAPI,IO,medium
2026-05-06 04:24:50+00:00,4.83,44.42,39.75,41,6.0,C (Caos),FastAPI,IO,medium
2026-05-06 04:24:52+00:00,4.69,44.51,39.75,52,8.0,C (Caos),FastAPI,IO,medium
2026-05-06 04:24:54+00:00,5.1,44.44,39.75,49,10.0,C (Caos),FastAPI,IO,medium
2026-05-06 04:24:56+00:00,5.3,44.27,39.75,41,12.0,C (Caos),FastAPI,IO,medium
2026-05-06 04:24:58+00:00,5.18,44.48,39.75,45,14.0,C (Caos),FastAPI,IO,medium
2026-05-06 04:25:00+00:00,5.23,44.25,39.75,47,16.0,C (Caos),FastAPI,IO,medium
2026-05-06 04:25:03+00:00,4.81,44.24,39.75,35,19.0,C (Caos),FastAPI,IO,medium
2026-05-06 04:47:39+00:00,4.79,43.89,39.5,34,0.0,C (Caos),FastAPI,IO,medium
2026-05-06 04:47:41+00:00,5.66,44.82,39.5,52,2.0,C (Caos),FastAPI,IO,medium
2026-05-06 04:47:43+00:00,5.24,44.97,39.5,47,4.0,C (Caos),FastAPI,IO,medium
2026-05-06 04:47:45+00:00,5.13,45.31,39.5,43,6.0,C (Caos),FastAPI,IO,medium
2026-05-06 04:47:47+00:00,6.04,45.17,39.5,45,8.0,C (Caos),FastAPI,IO,medium
2026-05-06 04:47:49+00:00,4.53,45.29,39.5,40,10.0,C (Caos),FastAPI,IO,medium
2026-05-06 04:47:51+00:00,5.2,44.9,39.375,43,12.0,C (Caos),FastAPI,IO,medium
2026-05-06 04:47:53+00:00,5.17,45.03,39.375,44,14.0,C (Caos),FastAPI,IO,medium
2026-05-06 04:47:56+00:00,5.15,44.94,39.375,44,17.0,C (Caos),FastAPI,IO,medium
2026-05-06 04:47:58+00:00,5.26,44.88,39.5,31,19.0,C (Caos),FastAPI,IO,medium
2026-05-06 04:00:33+00:00,1.27,27.53,39.625,14,0.0,C (Caos),Express,IO,low
2026-05-06 04:00:35+00:00,1.36,27.69,39.625,10,2.0,C (Caos),Express,IO,low
2026-05-06 04:00:37+00:00,1.57,28.11,39.625,11,4.0,C (Caos),Express,IO,low
2026-05-06 04:00:39+00:00,1.25,28.79,39.625,13,6.0,C (Caos),Express,IO,low
2026-05-06 04:00:41+00:00,1.11,29.16,39.625,9,8.0,C (Caos),Express,IO,low
2026-05-06 04:00:43+00:00,1.46,29.64,39.625,11,10.0,C (Caos),Express,IO,low
2026-05-06 04:00:45+00:00,1.22,29.18,39.75,10,12.0,C (Caos),Express,IO,low
2026-05-06 04:00:47+00:00,1.3,29.74,39.625,10,14.0,C (Caos),Express,IO,low
2026-05-06 04:00:50+00:00,1.12,30.22,39.625,12,17.0,C (Caos),Express,IO,low
2026-05-06 04:00:52+00:00,1.41,30.4,39.625,9,19.0,C (Caos),Express,IO,low
2026-05-06 04:41:17+00:00,4.22,32.69,39.75,44,0.0,C (Caos),Express,IO,medium
2026-05-06 04:41:19+00:00,4.85,33.09,39.75,41,2.0,C (Caos),Express,IO,medium
2026-05-06 04:41:21+00:00,3.59,33.72,39.75,47,4.0,C (Caos),Express,IO,medium
2026-05-06 04:41:23+00:00,4.41,35.62,39.75,45,6.0,C (Caos),Express,IO,medium
2026-05-06 04:41:25+00:00,2.7,35.86,39.75,51,8.0,C (Caos),Express,IO,medium
2026-05-06 04:41:27+00:00,2.16,35.72,39.875,45,10.0,C (Caos),Express,IO,medium
2026-05-06 04:41:29+00:00,2.78,36.02,39.75,43,12.0,C (Caos),Express,IO,medium
2026-05-06 04:41:31+00:00,2.33,36.08,39.75,47,14.0,C (Caos),Express,IO,medium
2026-05-06 04:41:34+00:00,2.3,37.21,39.875,40,17.0,C (Caos),Express,IO,medium
2026-05-06 04:41:36+00:00,2.2,36.81,39.875,36,19.0,C (Caos),Express,IO,medium
2026-05-06 05:28:25+00:00,9.67,47.79,38.625,99,0.0,C (Caos),FastAPI,IO,high
2026-05-06 05:28:27+00:00,8.15,48.36,38.625,81,2.0,C (Caos),FastAPI,IO,high
2026-05-06 05:28:29+00:00,7.85,48.12,38.625,79,4.0,C (Caos),FastAPI,IO,high
2026-05-06 05:28:31+00:00,8.81,48.53,38.625,86,6.0,C (Caos),FastAPI,IO,high
2026-05-06 05:28:33+00:00,9.63,48.46,38.625,90,8.0,C (Caos),FastAPI,IO,high
2026-05-06 05:28:35+00:00,9.06,48.86,38.625,92,10.0,C (Caos),FastAPI,IO,high
2026-05-06 05:28:38+00:00,9.38,48.6,38.625,90,13.0,C (Caos),FastAPI,IO,high
2026-05-06 05:28:40+00:00,9.76,48.26,38.625,87,15.0,C (Caos),FastAPI,IO,high
2026-05-06 05:28:42+00:00,8.88,48.3,38.625,90,17.0,C (Caos),FastAPI,IO,high
2026-05-06 05:28:44+00:00,7.77,47.95,38.625,59,19.0,C (Caos),FastAPI,IO,high
2026-05-06 04:48:55+00:00,3.85,33.12,39.375,46,0.0,C (Caos),Express,IO,medium
2026-05-06 04:48:57+00:00,4.63,33.33,39.375,40,2.0,C (Caos),Express,IO,medium
2026-05-06 04:48:59+00:00,4.87,34.94,39.375,38,4.0,C (Caos),Express,IO,medium
2026-05-06 04:49:01+00:00,4.56,36.34,39.375,44,6.0,C (Caos),Express,IO,medium
2026-05-06 04:49:04+00:00,3.11,36.64,39.375,48,9.0,C (Caos),Express,IO,medium
2026-05-06 04:49:06+00:00,2.74,36.81,39.375,44,11.0,C (Caos),Express,IO,medium
2026-05-06 04:49:08+00:00,2.65,36.12,39.375,49,13.0,C (Caos),Express,IO,medium
2026-05-06 04:49:10+00:00,2.37,36.48,39.375,40,15.0,C (Caos),Express,IO,medium
2026-05-06 04:49:12+00:00,2.2,37.52,39.25,51,17.0,C (Caos),Express,IO,medium
2026-05-06 04:49:14+00:00,2.34,37.77,39.25,38,19.0,C (Caos),Express,IO,medium
2026-05-06 04:57:50+00:00,10.33,46.21,38.875,89,0.0,C (Caos),FastAPI,IO,high
2026-05-06 04:57:52+00:00,9.37,46.1,38.875,91,2.0,C (Caos),FastAPI,IO,high
2026-05-06 04:57:55+00:00,8.94,45.75,38.875,83,5.0,C (Caos),FastAPI,IO,high
2026-05-06 04:57:57+00:00,10.41,45.82,38.875,89,7.0,C (Caos),FastAPI,IO,high
2026-05-06 04:57:59+00:00,9.81,45.9,38.875,92,9.0,C (Caos),FastAPI,IO,high
2026-05-06 04:58:01+00:00,10.03,45.79,38.875,97,11.0,C (Caos),FastAPI,IO,high
2026-05-06 04:58:03+00:00,10.36,45.93,38.875,85,13.0,C (Caos),FastAPI,IO,high
2026-05-06 04:58:05+00:00,8.23,45.87,38.875,90,15.0,C (Caos),FastAPI,IO,high
2026-05-06 04:58:07+00:00,10.5,46.05,38.875,86,17.0,C (Caos),FastAPI,IO,high
2026-05-06 04:58:09+00:00,7.89,45.64,38.875,69,19.0,C (Caos),FastAPI,IO,high
2026-05-06 04:20:55+00:00,4.22,37.59,39.875,93,0.0,C (Caos),Express,IO,high
2026-05-06 04:20:57+00:00,4.29,38.59,39.875,99,2.0,C (Caos),Express,IO,high
2026-05-06 04:20:59+00:00,3.79,38.09,39.875,89,4.0,C (Caos),Express,IO,high
2026-05-06 04:21:01+00:00,6.31,38.47,39.875,84,6.0,C (Caos),Express,IO,high
2026-05-06 04:21:03+00:00,4.4,38.92,39.875,87,8.0,C (Caos),Express,IO,high
2026-05-06 04:21:05+00:00,5.58,38.95,39.875,91,10.0,C (Caos),Express,IO,high
2026-05-06 04:21:07+00:00,4.27,38.98,39.875,76,12.0,C (Caos),Express,IO,high
2026-05-06 04:21:09+00:00,3.58,38.96,39.875,89,14.0,C (Caos),Express,IO,high
2026-05-06 04:21:12+00:00,4.75,38.69,39.875,88,17.0,C (Caos),Express,IO,high
2026-05-06 04:21:14+00:00,3.97,38.83,39.875,79,19.0,C (Caos),Express,IO,high
2026-05-06 05:24:35+00:00,1.3,27.2,38.375,10,0.0,C (Caos),Express,IO,low
2026-05-06 05:24:37+00:00,1.51,27.47,38.375,10,2.0,C (Caos),Express,IO,low
2026-05-06 05:24:40+00:00,1.28,27.96,38.375,9,5.0,C (Caos),Express,IO,low
2026-05-06 05:24:42+00:00,1.0,28.02,38.375,9,7.0,C (Caos),Express,IO,low
2026-05-06 05:24:44+00:00,1.21,28.68,38.375,7,9.0,C (Caos),Express,IO,low
2026-05-06 05:24:46+00:00,1.4,29.07,38.5,10,11.0,C (Caos),Express,IO,low
2026-05-06 05:24:48+00:00,1.5,29.7,38.5,15,13.0,C (Caos),Express,IO,low
2026-05-06 05:24:50+00:00,0.82,29.93,38.5,9,15.0,C (Caos),Express,IO,low
2026-05-06 05:24:52+00:00,1.08,30.13,38.5,9,17.0,C (Caos),Express,IO,low
2026-05-06 05:24:54+00:00,1.05,30.36,38.5,8,19.0,C (Caos),Express,IO,low
2026-05-06 04:15:11+00:00,8.29,26.89,39.75,0,0.0,C (Caos),Express,CPU,low
2026-05-06 04:15:13+00:00,7.0,27.57,39.75,3,2.0,C (Caos),Express,CPU,low
2026-05-06 04:15:15+00:00,7.11,28.02,39.75,1,4.0,C (Caos),Express,CPU,low
2026-05-06 04:15:17+00:00,8.95,28.2,39.75,0,6.0,C (Caos),Express,CPU,low
2026-05-06 04:15:20+00:00,7.08,28.54,39.75,2,9.0,C (Caos),Express,CPU,low
2026-05-06 04:15:22+00:00,8.96,29.34,39.75,1,11.0,C (Caos),Express,CPU,low
2026-05-06 04:15:24+00:00,7.05,29.72,39.75,0,13.0,C (Caos),Express,CPU,low
2026-05-06 04:15:26+00:00,7.82,29.82,39.75,2,15.0,C (Caos),Express,CPU,low
2026-05-06 04:15:28+00:00,6.9,30.37,39.75,3,17.0,C (Caos),Express,CPU,low
2026-05-06 04:15:30+00:00,8.81,30.84,39.875,2,19.0,C (Caos),Express,CPU,low
2026-05-06 05:00:23+00:00,1.21,42.04,38.75,11,0.0,C (Caos),FastAPI,IO,low
2026-05-06 05:00:25+00:00,1.12,41.99,38.625,10,2.0,C (Caos),FastAPI,IO,low
2026-05-06 05:00:27+00:00,1.56,42.43,38.75,9,4.0,C (Caos),FastAPI,IO,low
2026-05-06 05:00:29+00:00,1.58,42.57,38.75,12,6.0,C (Caos),FastAPI,IO,low
2026-05-06 05:00:32+00:00,1.41,42.5,38.75,13,9.0,C (Caos),FastAPI,IO,low
2026-05-06 05:00:34+00:00,1.31,42.41,38.75,13,11.0,C (Caos),FastAPI,IO,low
2026-05-06 05:00:36+00:00,1.41,42.55,38.75,15,13.0,C (Caos),FastAPI,IO,low
2026-05-06 05:00:38+00:00,1.33,42.73,38.875,11,15.0,C (Caos),FastAPI,IO,low
2026-05-06 05:00:40+00:00,1.4,42.89,38.875,16,17.0,C (Caos),FastAPI,IO,low
2026-05-06 05:00:42+00:00,1.39,42.86,38.875,10,19.0,C (Caos),FastAPI,IO,low
2026-05-06 05:27:47+00:00,21.0,41.91,38.5,21,0.0,C (Caos),FastAPI,CPU,high
2026-05-06 05:27:49+00:00,15.84,41.85,38.5,27,2.0,C (Caos),FastAPI,CPU,high
2026-05-06 05:27:51+00:00,21.67,41.69,38.625,12,4.0,C (Caos),FastAPI,CPU,high
2026-05-06 05:27:53+00:00,17.83,41.82,38.625,27,6.0,C (Caos),FastAPI,CPU,high
2026-05-06 05:27:55+00:00,18.81,42.03,38.625,28,8.0,C (Caos),FastAPI,CPU,high
2026-05-06 05:27:57+00:00,18.96,41.88,38.625,25,10.0,C (Caos),FastAPI,CPU,high
2026-05-06 05:27:59+00:00,19.17,41.92,38.625,36,12.0,C (Caos),FastAPI,CPU,high
2026-05-06 05:28:01+00:00,20.48,41.76,38.625,26,14.0,C (Caos),FastAPI,CPU,high
2026-05-06 05:28:03+00:00,19.53,41.86,38.625,31,16.0,C (Caos),FastAPI,CPU,high
2026-05-06 05:28:06+00:00,13.58,42.0,38.625,20,19.0,C (Caos),FastAPI,CPU,high
2026-05-06 03:54:49+00:00,32.45,33.7,39.875,11,0.0,C (Caos),Express,CPU,medium
2026-05-06 03:54:51+00:00,37.14,33.68,39.875,7,2.0,C (Caos),Express,CPU,medium
2026-05-06 03:54:53+00:00,28.57,34.05,39.875,7,4.0,C (Caos),Express,CPU,medium
2026-05-06 03:54:55+00:00,26.24,34.29,39.875,13,6.0,C (Caos),Express,CPU,medium
2026-05-06 03:54:57+00:00,29.15,34.46,39.875,13,8.0,C (Caos),Express,CPU,medium
2026-05-06 03:55:00+00:00,37.4,34.37,39.875,7,11.0,C (Caos),Express,CPU,medium
2026-05-06 03:55:02+00:00,33.91,34.95,39.875,5,13.0,C (Caos),Express,CPU,medium
2026-05-06 03:55:04+00:00,33.68,35.09,39.875,8,15.0,C (Caos),Express,CPU,medium
2026-05-06 03:55:06+00:00,35.68,34.98,39.875,10,17.0,C (Caos),Express,CPU,medium
2026-05-06 03:55:08+00:00,25.46,35.08,39.875,9,19.0,C (Caos),Express,CPU,medium
2026-05-06 04:02:27+00:00,34.05,39.98,39.75,8,0.0,C (Caos),Express,CPU,medium
2026-05-06 04:02:29+00:00,35.7,40.38,39.75,13,2.0,C (Caos),Express,CPU,medium
2026-05-06 04:02:32+00:00,41.07,40.68,39.75,13,5.0,C (Caos),Express,CPU,medium
2026-05-06 04:02:34+00:00,33.36,42.98,39.75,9,7.0,C (Caos),Express,CPU,medium
2026-05-06 04:02:36+00:00,33.42,43.06,39.75,9,9.0,C (Caos),Express,CPU,medium
2026-05-06 04:02:38+00:00,27.62,43.06,39.75,7,11.0,C (Caos),Express,CPU,medium
2026-05-06 04:02:40+00:00,32.62,42.96,39.75,13,13.0,C (Caos),Express,CPU,medium
2026-05-06 04:02:42+00:00,33.37,39.38,39.875,12,15.0,C (Caos),Express,CPU,medium
2026-05-06 04:02:44+00:00,28.45,39.03,39.875,11,17.0,C (Caos),Express,CPU,medium
2026-05-06 04:02:46+00:00,24.61,39.05,39.875,9,19.0,C (Caos),Express,CPU,medium
2026-05-06 03:52:16+00:00,4.09,26.88,39.625,2,0.0,C (Caos),Express,CPU,low
2026-05-06 03:52:19+00:00,6.11,27.27,39.625,1,3.0,C (Caos),Express,CPU,low
2026-05-06 03:52:21+00:00,7.1,27.93,39.625,3,5.0,C (Caos),Express,CPU,low
2026-05-06 03:52:23+00:00,4.92,28.78,39.625,2,7.0,C (Caos),Express,CPU,low
2026-05-06 03:52:25+00:00,7.15,28.91,39.625,1,9.0,C (Caos),Express,CPU,low
2026-05-06 03:52:27+00:00,5.98,29.43,39.625,3,11.0,C (Caos),Express,CPU,low
2026-05-06 03:52:29+00:00,7.97,29.9,39.625,0,13.0,C (Caos),Express,CPU,low
2026-05-06 03:52:31+00:00,7.75,30.25,39.625,1,15.0,C (Caos),Express,CPU,low
2026-05-06 03:52:33+00:00,3.01,30.64,39.625,3,17.0,C (Caos),Express,CPU,low
2026-05-06 03:52:36+00:00,4.97,30.79,39.625,0,20.0,C (Caos),Express,CPU,low
2026-05-06 05:11:51+00:00,4.65,32.86,38.625,44,0.0,C (Caos),Express,IO,medium
2026-05-06 05:11:53+00:00,4.17,33.88,38.625,43,2.0,C (Caos),Express,IO,medium
2026-05-06 05:11:55+00:00,5.99,36.17,38.625,44,4.0,C (Caos),Express,IO,medium
2026-05-06 05:11:57+00:00,2.72,36.43,38.625,49,6.0,C (Caos),Express,IO,medium
2026-05-06 05:11:59+00:00,2.38,36.43,38.625,50,8.0,C (Caos),Express,IO,medium
2026-05-06 05:12:01+00:00,2.79,36.8,38.625,48,10.0,C (Caos),Express,IO,medium
2026-05-06 05:12:03+00:00,2.72,37.22,38.625,49,12.0,C (Caos),Express,IO,medium
2026-05-06 05:12:05+00:00,2.83,37.58,38.625,49,14.0,C (Caos),Express,IO,medium
2026-05-06 05:12:08+00:00,2.52,37.63,38.625,44,17.0,C (Caos),Express,IO,medium
2026-05-06 05:12:10+00:00,2.27,37.7,38.625,40,19.0,C (Caos),Express,IO,medium
2026-05-06 04:58:29+00:00,64.3,43.34,39.0,33,0.0,C (Caos),Express,CPU,high
2026-05-06 04:58:31+00:00,64.16,43.3,39.0,22,2.0,C (Caos),Express,CPU,high
2026-05-06 04:58:33+00:00,69.02,43.67,39.0,23,4.0,C (Caos),Express,CPU,high
2026-05-06 04:58:35+00:00,65.74,44.09,39.125,24,6.0,C (Caos),Express,CPU,high
2026-05-06 04:58:37+00:00,58.21,44.52,39.125,19,8.0,C (Caos),Express,CPU,high
2026-05-06 04:58:39+00:00,68.14,51.69,39.125,19,10.0,C (Caos),Express,CPU,high
2026-05-06 04:58:41+00:00,64.05,51.59,39.125,23,12.0,C (Caos),Express,CPU,high
2026-05-06 04:58:44+00:00,64.44,42.69,39.125,31,15.0,C (Caos),Express,CPU,high
2026-05-06 04:58:46+00:00,62.41,43.01,39.125,30,17.0,C (Caos),Express,CPU,high
2026-05-06 04:58:48+00:00,35.67,42.48,39.125,28,19.0,C (Caos),Express,CPU,high
2026-05-06 04:31:44+00:00,10.41,43.69,39.875,13,0.0,C (Caos),FastAPI,CPU,medium
2026-05-06 04:31:46+00:00,9.13,43.83,39.875,7,2.0,C (Caos),FastAPI,CPU,medium
2026-05-06 04:31:48+00:00,10.18,43.75,39.875,6,4.0,C (Caos),FastAPI,CPU,medium
2026-05-06 04:31:50+00:00,10.17,43.85,39.875,9,6.0,C (Caos),FastAPI,CPU,medium
2026-05-06 04:31:52+00:00,11.23,44.02,39.875,5,8.0,C (Caos),FastAPI,CPU,medium
2026-05-06 04:31:54+00:00,11.34,43.86,39.875,11,10.0,C (Caos),FastAPI,CPU,medium
2026-05-06 04:31:56+00:00,11.35,43.63,39.875,13,12.0,C (Caos),FastAPI,CPU,medium
2026-05-06 04:31:58+00:00,10.81,43.77,39.875,10,14.0,C (Caos),FastAPI,CPU,medium
2026-05-06 04:32:01+00:00,12.78,43.61,39.875,9,17.0,C (Caos),FastAPI,CPU,medium
2026-05-06 04:32:03+00:00,8.15,43.62,39.875,8,19.0,C (Caos),FastAPI,CPU,medium
2026-05-06 04:19:38+00:00,9.67,47.85,39.875,110,0.0,C (Caos),FastAPI,IO,high
2026-05-06 04:19:40+00:00,10.49,47.68,39.875,104,2.0,C (Caos),FastAPI,IO,high
2026-05-06 04:19:42+00:00,10.04,47.97,39.875,91,4.0,C (Caos),FastAPI,IO,high
2026-05-06 04:19:44+00:00,9.25,47.65,39.875,96,6.0,C (Caos),FastAPI,IO,high
2026-05-06 04:19:47+00:00,8.18,47.8,39.875,85,9.0,C (Caos),FastAPI,IO,high
2026-05-06 04:19:49+00:00,9.58,47.93,39.875,91,11.0,C (Caos),FastAPI,IO,high
2026-05-06 04:19:51+00:00,8.79,48.01,39.875,91,13.0,C (Caos),FastAPI,IO,high
2026-05-06 04:19:53+00:00,8.35,47.88,39.875,98,15.0,C (Caos),FastAPI,IO,high
2026-05-06 04:19:55+00:00,10.07,48.18,39.875,88,17.0,C (Caos),FastAPI,IO,high
2026-05-06 04:19:57+00:00,9.95,47.9,39.875,64,19.0,C (Caos),FastAPI,IO,high
2026-05-06 04:17:05+00:00,5.11,46.83,39.75,49,0.0,C (Caos),FastAPI,IO,medium
2026-05-06 04:17:07+00:00,4.76,46.96,39.75,51,2.0,C (Caos),FastAPI,IO,medium
2026-05-06 04:17:09+00:00,4.84,47.41,39.75,52,4.0,C (Caos),FastAPI,IO,medium
2026-05-06 04:17:12+00:00,4.97,47.58,39.75,47,7.0,C (Caos),FastAPI,IO,medium
2026-05-06 04:17:14+00:00,5.57,47.24,39.75,45,9.0,C (Caos),FastAPI,IO,medium
2026-05-06 04:17:16+00:00,5.26,47.41,39.75,46,11.0,C (Caos),FastAPI,IO,medium
2026-05-06 04:17:18+00:00,5.44,47.32,39.75,50,13.0,C (Caos),FastAPI,IO,medium
2026-05-06 04:17:20+00:00,5.09,47.22,39.75,41,15.0,C (Caos),FastAPI,IO,medium
2026-05-06 04:17:22+00:00,5.36,47.11,39.875,45,17.0,C (Caos),FastAPI,IO,medium
2026-05-06 04:17:24+00:00,4.81,47.15,39.875,30,19.0,C (Caos),FastAPI,IO,medium
2026-05-06 04:09:27+00:00,5.4,43.71,39.75,54,0.0,C (Caos),FastAPI,IO,medium
2026-05-06 04:09:29+00:00,5.63,43.34,39.875,46,2.0,C (Caos),FastAPI,IO,medium
2026-05-06 04:09:31+00:00,4.86,43.7,39.875,42,4.0,C (Caos),FastAPI,IO,medium
2026-05-06 04:09:34+00:00,5.29,43.88,39.875,55,7.0,C (Caos),FastAPI,IO,medium
2026-05-06 04:09:36+00:00,4.97,44.06,39.875,49,9.0,C (Caos),FastAPI,IO,medium
2026-05-06 04:09:38+00:00,5.31,43.66,39.875,47,11.0,C (Caos),FastAPI,IO,medium
2026-05-06 04:09:40+00:00,4.94,43.74,39.875,38,13.0,C (Caos),FastAPI,IO,medium
2026-05-06 04:09:42+00:00,5.19,43.76,39.875,47,15.0,C (Caos),FastAPI,IO,medium
2026-05-06 04:09:44+00:00,4.67,44.25,39.875,46,17.0,C (Caos),FastAPI,IO,medium
2026-05-06 04:09:46+00:00,3.94,44.17,39.875,37,19.0,C (Caos),FastAPI,IO,medium
2026-05-06 04:49:33+00:00,15.77,41.94,39.25,30,0.0,C (Caos),FastAPI,CPU,high
2026-05-06 04:49:35+00:00,19.03,41.79,39.25,21,2.0,C (Caos),FastAPI,CPU,high
2026-05-06 04:49:38+00:00,22.19,41.81,39.25,13,5.0,C (Caos),FastAPI,CPU,high
2026-05-06 04:49:40+00:00,20.32,41.96,39.375,12,7.0,C (Caos),FastAPI,CPU,high
2026-05-06 04:49:42+00:00,21.95,41.73,39.375,14,9.0,C (Caos),FastAPI,CPU,high
2026-05-06 04:49:44+00:00,19.66,41.84,39.375,17,11.0,C (Caos),FastAPI,CPU,high
2026-05-06 04:49:46+00:00,19.38,41.98,39.375,14,13.0,C (Caos),FastAPI,CPU,high
2026-05-06 04:49:48+00:00,18.31,42.07,39.375,18,15.0,C (Caos),FastAPI,CPU,high
2026-05-06 04:49:50+00:00,20.37,41.99,39.375,17,17.0,C (Caos),FastAPI,CPU,high
2026-05-06 04:49:52+00:00,14.19,41.87,39.375,20,19.0,C (Caos),FastAPI,CPU,high
2026-05-06 04:27:16+00:00,10.29,46.12,39.75,74,0.0,C (Caos),FastAPI,IO,high
2026-05-06 04:27:19+00:00,9.66,46.0,39.875,74,3.0,C (Caos),FastAPI,IO,high
2026-05-06 04:27:21+00:00,8.41,46.41,39.875,75,5.0,C (Caos),FastAPI,IO,high
2026-05-06 04:27:23+00:00,8.87,46.7,39.875,75,7.0,C (Caos),FastAPI,IO,high
2026-05-06 04:27:25+00:00,8.83,46.73,39.875,76,9.0,C (Caos),FastAPI,IO,high
2026-05-06 04:27:27+00:00,8.63,46.54,39.875,86,11.0,C (Caos),FastAPI,IO,high
2026-05-06 04:27:29+00:00,7.99,46.47,39.875,83,13.0,C (Caos),FastAPI,IO,high
2026-05-06 04:27:31+00:00,8.36,46.63,39.875,84,15.0,C (Caos),FastAPI,IO,high
2026-05-06 04:27:33+00:00,9.33,46.1,39.875,92,17.0,C (Caos),FastAPI,IO,high
2026-05-06 04:27:36+00:00,8.83,46.26,39.875,68,20.0,C (Caos),FastAPI,IO,high
2026-05-06 03:53:32+00:00,9.75,43.62,39.625,15,0.0,C (Caos),FastAPI,CPU,medium
2026-05-06 03:53:35+00:00,8.57,43.79,39.625,16,3.0,C (Caos),FastAPI,CPU,medium
2026-05-06 03:53:37+00:00,12.03,43.87,39.625,11,5.0,C (Caos),FastAPI,CPU,medium
2026-05-06 03:53:39+00:00,9.44,43.8,39.625,11,7.0,C (Caos),FastAPI,CPU,medium
2026-05-06 03:53:41+00:00,12.23,44.31,39.75,12,9.0,C (Caos),FastAPI,CPU,medium
2026-05-06 03:53:43+00:00,11.06,43.98,39.75,12,11.0,C (Caos),FastAPI,CPU,medium
2026-05-06 03:53:45+00:00,10.43,44.12,39.75,7,13.0,C (Caos),FastAPI,CPU,medium
2026-05-06 03:53:47+00:00,10.89,44.0,39.75,10,15.0,C (Caos),FastAPI,CPU,medium
2026-05-06 03:53:49+00:00,9.85,43.91,39.75,9,17.0,C (Caos),FastAPI,CPU,medium
2026-05-06 03:53:51+00:00,7.09,44.08,39.75,10,19.0,C (Caos),FastAPI,CPU,medium
2026-05-06 05:14:24+00:00,4.54,38.32,38.625,87,0.0,C (Caos),Express,IO,high
2026-05-06 05:14:26+00:00,4.0,38.27,38.625,82,2.0,C (Caos),Express,IO,high
2026-05-06 05:14:28+00:00,3.93,37.92,38.625,88,4.0,C (Caos),Express,IO,high
2026-05-06 05:14:30+00:00,6.32,38.88,38.75,87,6.0,C (Caos),Express,IO,high
2026-05-06 05:14:32+00:00,4.14,38.8,38.625,90,8.0,C (Caos),Express,IO,high
2026-05-06 05:14:34+00:00,4.87,39.34,38.625,102,10.0,C (Caos),Express,IO,high
2026-05-06 05:14:36+00:00,4.2,39.29,38.75,97,12.0,C (Caos),Express,IO,high
2026-05-06 05:14:38+00:00,4.07,38.91,38.75,87,14.0,C (Caos),Express,IO,high
2026-05-06 05:14:41+00:00,3.89,39.2,38.75,88,17.0,C (Caos),Express,IO,high
2026-05-06 05:14:43+00:00,3.68,39.05,38.75,64,19.0,C (Caos),Express,IO,high
2026-05-06 05:06:07+00:00,61.93,34.64,39.0,26,0.0,C (Caos),Express,CPU,high
2026-05-06 05:06:09+00:00,60.71,41.8,39.0,15,2.0,C (Caos),Express,CPU,high
2026-05-06 05:06:11+00:00,71.82,42.36,39.0,25,4.0,C (Caos),Express,CPU,high
2026-05-06 05:06:13+00:00,74.27,44.46,39.125,17,6.0,C (Caos),Express,CPU,high
2026-05-06 05:06:16+00:00,68.94,44.39,39.125,22,9.0,C (Caos),Express,CPU,high
2026-05-06 05:06:18+00:00,57.38,44.09,39.0,23,11.0,C (Caos),Express,CPU,high
2026-05-06 05:06:20+00:00,65.33,43.88,39.0,21,13.0,C (Caos),Express,CPU,high
2026-05-06 05:06:22+00:00,57.54,44.09,39.0,25,15.0,C (Caos),Express,CPU,high
2026-05-06 05:06:24+00:00,58.2,44.24,39.125,21,17.0,C (Caos),Express,CPU,high
2026-05-06 05:06:26+00:00,46.05,44.37,39.0,14,19.0,C (Caos),Express,CPU,high
2026-05-06 05:02:56+00:00,4.91,44.46,38.75,41,0.0,C (Caos),FastAPI,IO,medium
2026-05-06 05:02:58+00:00,4.85,44.89,38.875,43,2.0,C (Caos),FastAPI,IO,medium
2026-05-06 05:03:00+00:00,5.46,43.97,38.875,36,4.0,C (Caos),FastAPI,IO,medium
2026-05-06 05:03:02+00:00,5.23,44.65,38.875,41,6.0,C (Caos),FastAPI,IO,medium
2026-05-06 05:03:04+00:00,5.19,44.6,38.875,50,8.0,C (Caos),FastAPI,IO,medium
2026-05-06 05:03:06+00:00,5.13,44.77,38.875,42,10.0,C (Caos),FastAPI,IO,medium
2026-05-06 05:03:08+00:00,5.2,44.68,38.875,40,12.0,C (Caos),FastAPI,IO,medium
2026-05-06 05:03:11+00:00,5.02,44.8,38.875,46,15.0,C (Caos),FastAPI,IO,medium
2026-05-06 05:03:13+00:00,5.24,44.71,38.875,52,17.0,C (Caos),FastAPI,IO,medium
2026-05-06 05:03:15+00:00,5.11,44.84,38.875,45,19.0,C (Caos),FastAPI,IO,medium
2026-05-06 04:59:45+00:00,2.38,41.34,38.875,2,0.0,C (Caos),FastAPI,CPU,low
2026-05-06 04:59:47+00:00,1.43,41.27,38.875,1,2.0,C (Caos),FastAPI,CPU,low
2026-05-06 04:59:49+00:00,1.77,41.38,38.875,2,4.0,C (Caos),FastAPI,CPU,low
2026-05-06 04:59:51+00:00,2.04,41.34,38.875,0,6.0,C (Caos),FastAPI,CPU,low
2026-05-06 04:59:54+00:00,3.29,41.25,38.875,1,9.0,C (Caos),FastAPI,CPU,low
2026-05-06 04:59:56+00:00,2.06,41.17,38.75,1,11.0,C (Caos),FastAPI,CPU,low
2026-05-06 04:59:58+00:00,1.68,41.33,38.75,2,13.0,C (Caos),FastAPI,CPU,low
2026-05-06 05:00:00+00:00,1.81,41.48,38.875,1,15.0,C (Caos),FastAPI,CPU,low
2026-05-06 05:00:02+00:00,1.97,41.39,38.875,2,17.0,C (Caos),FastAPI,CPU,low
2026-05-06 05:00:04+00:00,1.71,41.57,38.75,1,19.0,C (Caos),FastAPI,CPU,low
2026-05-06 03:43:23+00:00,2.62,41.45,39.375,2,0.0,C (Caos),FastAPI,CPU,low
2026-05-06 03:43:25+00:00,2.57,41.37,39.375,3,2.0,C (Caos),FastAPI,CPU,low
2026-05-06 03:43:27+00:00,2.63,41.29,39.375,2,4.0,C (Caos),FastAPI,CPU,low
2026-05-06 03:43:29+00:00,1.72,41.41,39.375,5,6.0,C (Caos),FastAPI,CPU,low
2026-05-06 03:43:31+00:00,2.31,41.33,39.375,2,8.0,C (Caos),FastAPI,CPU,low
2026-05-06 03:43:33+00:00,2.02,41.49,39.375,2,10.0,C (Caos),FastAPI,CPU,low
2026-05-06 03:43:35+00:00,2.05,41.43,39.375,3,12.0,C (Caos),FastAPI,CPU,low
2026-05-06 03:43:37+00:00,2.92,41.5,39.5,4,14.0,C (Caos),FastAPI,CPU,low
2026-05-06 03:43:39+00:00,2.61,41.44,39.5,0,16.0,C (Caos),FastAPI,CPU,low
2026-05-06 03:43:42+00:00,1.74,41.34,39.5,1,19.0,C (Caos),FastAPI,CPU,low
2026-05-06 05:05:29+00:00,9.73,49.07,38.875,90,0.0,C (Caos),FastAPI,IO,high
2026-05-06 05:05:31+00:00,9.59,48.9,38.875,100,2.0,C (Caos),FastAPI,IO,high
2026-05-06 05:05:33+00:00,9.54,49.0,38.875,94,4.0,C (Caos),FastAPI,IO,high
2026-05-06 05:05:35+00:00,10.75,48.92,38.875,92,6.0,C (Caos),FastAPI,IO,high
2026-05-06 05:05:37+00:00,8.78,48.82,38.875,90,8.0,C (Caos),FastAPI,IO,high
2026-05-06 05:05:39+00:00,8.88,48.9,39.0,97,10.0,C (Caos),FastAPI,IO,high
2026-05-06 05:05:41+00:00,9.55,48.68,38.875,98,12.0,C (Caos),FastAPI,IO,high
2026-05-06 05:05:44+00:00,9.26,48.45,39.0,97,15.0,C (Caos),FastAPI,IO,high
2026-05-06 05:05:46+00:00,9.51,48.58,39.0,84,17.0,C (Caos),FastAPI,IO,high
2026-05-06 05:05:48+00:00,7.84,48.45,38.875,80,19.0,C (Caos),FastAPI,IO,high
2026-05-06 04:48:17+00:00,32.17,33.47,39.375,9,0.0,C (Caos),Express,CPU,medium
2026-05-06 04:48:19+00:00,32.13,33.65,39.5,13,2.0,C (Caos),Express,CPU,medium
2026-05-06 04:48:21+00:00,39.52,33.64,39.5,14,4.0,C (Caos),Express,CPU,medium
2026-05-06 04:48:23+00:00,37.77,41.56,39.5,20,6.0,C (Caos),Express,CPU,medium
2026-05-06 04:48:25+00:00,31.14,40.71,39.5,12,8.0,C (Caos),Express,CPU,medium
2026-05-06 04:48:27+00:00,23.28,40.75,39.5,16,10.0,C (Caos),Express,CPU,medium
2026-05-06 04:48:30+00:00,28.19,40.44,39.5,11,13.0,C (Caos),Express,CPU,medium
2026-05-06 04:48:32+00:00,36.88,44.62,39.5,16,15.0,C (Caos),Express,CPU,medium
2026-05-06 04:48:34+00:00,26.38,44.62,39.5,13,17.0,C (Caos),Express,CPU,medium
2026-05-06 04:48:36+00:00,26.06,44.17,39.625,10,19.0,C (Caos),Express,CPU,medium
2026-05-06 03:59:54+00:00,3.94,27.23,39.625,2,0.0,C (Caos),Express,CPU,low
2026-05-06 03:59:57+00:00,8.09,27.67,39.625,2,3.0,C (Caos),Express,CPU,low
2026-05-06 03:59:59+00:00,6.06,28.24,39.625,2,5.0,C (Caos),Express,CPU,low
2026-05-06 04:00:01+00:00,8.95,28.65,39.625,2,7.0,C (Caos),Express,CPU,low
2026-05-06 04:00:03+00:00,5.29,29.21,39.625,2,9.0,C (Caos),Express,CPU,low
2026-05-06 04:00:05+00:00,6.07,29.5,39.625,3,11.0,C (Caos),Express,CPU,low
2026-05-06 04:00:07+00:00,8.27,30.04,39.625,3,13.0,C (Caos),Express,CPU,low
2026-05-06 04:00:09+00:00,7.83,30.18,39.625,3,15.0,C (Caos),Express,CPU,low
2026-05-06 04:00:11+00:00,8.76,30.85,39.625,1,17.0,C (Caos),Express,CPU,low
2026-05-06 04:00:13+00:00,3.03,31.21,39.625,1,19.0,C (Caos),Express,CPU,low
2026-05-06 04:45:06+00:00,1.43,41.97,39.625,12,0.0,C (Caos),FastAPI,IO,low
2026-05-06 04:45:08+00:00,1.47,42.14,39.625,10,2.0,C (Caos),FastAPI,IO,low
2026-05-06 04:45:10+00:00,1.35,42.11,39.625,15,4.0,C (Caos),FastAPI,IO,low
2026-05-06 04:45:13+00:00,1.52,42.29,39.625,10,7.0,C (Caos),FastAPI,IO,low
2026-05-06 04:45:15+00:00,1.67,42.73,39.625,12,9.0,C (Caos),FastAPI,IO,low
2026-05-06 04:45:17+00:00,1.31,42.46,39.625,12,11.0,C (Caos),FastAPI,IO,low
2026-05-06 04:45:19+00:00,1.28,42.84,39.625,13,13.0,C (Caos),FastAPI,IO,low
2026-05-06 04:45:21+00:00,1.41,42.73,39.625,15,15.0,C (Caos),FastAPI,IO,low
2026-05-06 04:45:23+00:00,1.41,42.75,39.625,12,17.0,C (Caos),FastAPI,IO,low
2026-05-06 04:45:25+00:00,1.19,43.09,39.75,9,19.0,C (Caos),FastAPI,IO,low
2026-05-06 04:59:07+00:00,4.22,39.09,38.875,101,0.0,C (Caos),Express,IO,high
2026-05-06 04:59:09+00:00,4.47,39.33,38.875,100,2.0,C (Caos),Express,IO,high
2026-05-06 04:59:11+00:00,3.99,38.92,38.875,96,4.0,C (Caos),Express,IO,high
2026-05-06 04:59:13+00:00,4.79,39.44,38.875,103,6.0,C (Caos),Express,IO,high
2026-05-06 04:59:15+00:00,4.37,39.55,38.875,96,8.0,C (Caos),Express,IO,high
2026-05-06 04:59:17+00:00,5.68,39.5,38.875,93,10.0,C (Caos),Express,IO,high
2026-05-06 04:59:20+00:00,4.72,39.6,38.875,82,13.0,C (Caos),Express,IO,high
2026-05-06 04:59:22+00:00,4.89,39.36,38.875,82,15.0,C (Caos),Express,IO,high
2026-05-06 04:59:24+00:00,4.34,39.52,39.0,86,17.0,C (Caos),Express,IO,high
2026-05-06 04:59:26+00:00,3.34,38.73,39.0,72,19.0,C (Caos),Express,IO,high
2026-05-06 05:06:45+00:00,4.66,38.51,38.75,109,0.0,C (Caos),Express,IO,high
2026-05-06 05:06:47+00:00,4.23,38.46,38.75,88,2.0,C (Caos),Express,IO,high
2026-05-06 05:06:49+00:00,4.05,38.68,38.875,83,4.0,C (Caos),Express,IO,high
2026-05-06 05:06:52+00:00,4.67,39.04,38.875,91,7.0,C (Caos),Express,IO,high
2026-05-06 05:06:54+00:00,4.45,39.4,38.875,86,9.0,C (Caos),Express,IO,high
2026-05-06 05:06:56+00:00,5.9,39.39,38.875,89,11.0,C (Caos),Express,IO,high
2026-05-06 05:06:58+00:00,4.34,39.65,38.875,86,13.0,C (Caos),Express,IO,high
2026-05-06 05:07:00+00:00,5.32,38.95,38.875,80,15.0,C (Caos),Express,IO,high
2026-05-06 05:07:02+00:00,4.53,38.88,38.875,85,17.0,C (Caos),Express,IO,high
2026-05-06 05:07:04+00:00,4.05,39.19,38.875,65,19.0,C (Caos),Express,IO,high
2026-05-06 03:46:33+00:00,5.21,43.76,39.625,44,0.0,C (Caos),FastAPI,IO,medium
2026-05-06 03:46:35+00:00,4.58,43.96,39.625,48,2.0,C (Caos),FastAPI,IO,medium
2026-05-06 03:46:37+00:00,5.34,44.22,39.625,50,4.0,C (Caos),FastAPI,IO,medium
2026-05-06 03:46:39+00:00,5.02,44.64,39.625,47,6.0,C (Caos),FastAPI,IO,medium
2026-05-06 03:46:41+00:00,5.4,44.75,39.625,47,8.0,C (Caos),FastAPI,IO,medium
2026-05-06 03:46:44+00:00,5.28,44.28,39.625,42,11.0,C (Caos),FastAPI,IO,medium
2026-05-06 03:46:46+00:00,5.97,44.45,39.625,45,13.0,C (Caos),FastAPI,IO,medium
2026-05-06 03:46:48+00:00,5.74,44.02,39.625,40,15.0,C (Caos),FastAPI,IO,medium
2026-05-06 03:46:50+00:00,4.44,44.13,39.625,42,17.0,C (Caos),FastAPI,IO,medium
2026-05-06 03:46:52+00:00,4.36,44.04,39.625,34,19.0,C (Caos),FastAPI,IO,medium
2026-05-06 04:27:55+00:00,73.99,37.29,40.0,19,0.0,C (Caos),Express,CPU,high
2026-05-06 04:27:57+00:00,66.41,43.79,40.0,23,2.0,C (Caos),Express,CPU,high
2026-05-06 04:27:59+00:00,64.25,43.66,40.0,15,4.0,C (Caos),Express,CPU,high
2026-05-06 04:28:01+00:00,63.09,40.15,40.0,20,6.0,C (Caos),Express,CPU,high
2026-05-06 04:28:03+00:00,69.99,40.08,40.0,23,8.0,C (Caos),Express,CPU,high
2026-05-06 04:28:05+00:00,66.79,44.46,40.0,25,10.0,C (Caos),Express,CPU,high
2026-05-06 04:28:08+00:00,61.39,44.29,40.125,25,13.0,C (Caos),Express,CPU,high
2026-05-06 04:28:10+00:00,63.3,39.72,40.125,21,15.0,C (Caos),Express,CPU,high
2026-05-06 04:28:12+00:00,63.51,39.71,40.125,21,17.0,C (Caos),Express,CPU,high
2026-05-06 04:28:14+00:00,44.92,39.87,40.125,13,19.0,C (Caos),Express,CPU,high
2026-05-06 03:42:44+00:00,4.65,37.89,39.5,86,0.0,C (Caos),Express,IO,high
2026-05-06 03:42:46+00:00,4.6,37.87,39.5,82,2.0,C (Caos),Express,IO,high
2026-05-06 03:42:49+00:00,3.96,38.12,39.5,98,5.0,C (Caos),Express,IO,high
2026-05-06 03:42:51+00:00,3.91,38.41,39.5,76,7.0,C (Caos),Express,IO,high
2026-05-06 03:42:53+00:00,3.69,38.4,39.5,92,9.0,C (Caos),Express,IO,high
2026-05-06 03:42:55+00:00,5.99,39.85,39.5,97,11.0,C (Caos),Express,IO,high
2026-05-06 03:42:57+00:00,3.98,39.48,39.625,93,13.0,C (Caos),Express,IO,high
2026-05-06 03:42:59+00:00,3.6,39.34,39.625,87,15.0,C (Caos),Express,IO,high
2026-05-06 03:43:01+00:00,4.28,38.62,39.625,91,17.0,C (Caos),Express,IO,high
2026-05-06 03:43:03+00:00,3.56,39.0,39.625,68,19.0,C (Caos),Express,IO,high
2026-05-06 04:34:17+00:00,19.32,43.92,39.875,31,0.0,C (Caos),FastAPI,CPU,high
2026-05-06 04:34:19+00:00,20.4,44.07,39.875,29,2.0,C (Caos),FastAPI,CPU,high
2026-05-06 04:34:21+00:00,21.45,43.99,39.875,31,4.0,C (Caos),FastAPI,CPU,high
2026-05-06 04:34:23+00:00,20.85,44.12,39.875,20,6.0,C (Caos),FastAPI,CPU,high
2026-05-06 04:34:25+00:00,19.37,44.01,39.875,22,8.0,C (Caos),FastAPI,CPU,high
2026-05-06 04:34:27+00:00,19.18,44.16,39.875,18,10.0,C (Caos),FastAPI,CPU,high
2026-05-06 04:34:29+00:00,20.63,43.99,39.875,23,12.0,C (Caos),FastAPI,CPU,high
2026-05-06 04:34:31+00:00,19.99,43.9,40.0,19,14.0,C (Caos),FastAPI,CPU,high
2026-05-06 04:34:34+00:00,19.7,44.03,40.0,19,17.0,C (Caos),FastAPI,CPU,high
2026-05-06 04:34:36+00:00,13.5,43.94,40.0,15,19.0,C (Caos),FastAPI,CPU,high
2026-05-06 04:37:28+00:00,1.38,42.03,39.75,10,0.0,C (Caos),FastAPI,IO,low
2026-05-06 04:37:30+00:00,1.69,42.43,39.75,11,2.0,C (Caos),FastAPI,IO,low
2026-05-06 04:37:32+00:00,0.87,42.06,39.75,6,4.0,C (Caos),FastAPI,IO,low
2026-05-06 04:37:34+00:00,1.67,42.46,39.75,12,6.0,C (Caos),FastAPI,IO,low
2026-05-06 04:37:36+00:00,0.75,42.61,39.75,13,8.0,C (Caos),FastAPI,IO,low
2026-05-06 04:37:38+00:00,1.63,42.7,39.75,12,10.0,C (Caos),FastAPI,IO,low
2026-05-06 04:37:40+00:00,1.78,43.15,39.75,13,12.0,C (Caos),FastAPI,IO,low
2026-05-06 04:37:43+00:00,0.94,42.84,39.75,11,15.0,C (Caos),FastAPI,IO,low
2026-05-06 04:37:45+00:00,1.45,42.74,39.875,9,17.0,C (Caos),FastAPI,IO,low
2026-05-06 04:37:47+00:00,0.97,42.92,39.875,11,19.0,C (Caos),FastAPI,IO,low
2026-05-06 05:02:18+00:00,10.48,41.45,38.75,11,0.0,C (Caos),FastAPI,CPU,medium
2026-05-06 05:02:20+00:00,10.28,41.57,38.75,5,2.0,C (Caos),FastAPI,CPU,medium
2026-05-06 05:02:22+00:00,10.86,41.48,38.875,8,4.0,C (Caos),FastAPI,CPU,medium
2026-05-06 05:02:24+00:00,8.38,41.76,38.875,13,6.0,C (Caos),FastAPI,CPU,medium
2026-05-06 05:02:26+00:00,10.8,41.9,38.875,16,8.0,C (Caos),FastAPI,CPU,medium
2026-05-06 05:02:28+00:00,10.79,41.75,38.875,8,10.0,C (Caos),FastAPI,CPU,medium
2026-05-06 05:02:30+00:00,10.57,41.66,38.875,10,12.0,C (Caos),FastAPI,CPU,medium
2026-05-06 05:02:32+00:00,7.6,41.71,38.875,12,14.0,C (Caos),FastAPI,CPU,medium
2026-05-06 05:02:35+00:00,10.56,41.6,38.875,8,17.0,C (Caos),FastAPI,CPU,medium
2026-05-06 05:02:37+00:00,7.85,41.25,38.875,10,19.0,C (Caos),FastAPI,CPU,medium
2026-05-06 04:28:33+00:00,4.33,39.75,39.875,114,0.0,C (Caos),Express,IO,high
2026-05-06 04:28:35+00:00,4.09,39.46,39.875,103,2.0,C (Caos),Express,IO,high
2026-05-06 04:28:37+00:00,3.97,39.36,39.875,95,4.0,C (Caos),Express,IO,high
2026-05-06 04:28:39+00:00,4.61,39.47,39.875,89,6.0,C (Caos),Express,IO,high
2026-05-06 04:28:41+00:00,4.29,39.6,39.875,104,8.0,C (Caos),Express,IO,high
2026-05-06 04:28:43+00:00,3.8,39.41,39.875,93,10.0,C (Caos),Express,IO,high
2026-05-06 04:28:46+00:00,3.32,39.12,39.875,83,13.0,C (Caos),Express,IO,high
2026-05-06 04:28:48+00:00,5.89,39.34,39.875,86,15.0,C (Caos),Express,IO,high
2026-05-06 04:28:50+00:00,3.9,39.1,39.875,91,17.0,C (Caos),Express,IO,high
2026-05-06 04:28:52+00:00,5.67,39.04,39.875,84,19.0,C (Caos),Express,IO,high
2026-05-06 04:24:05+00:00,9.76,41.41,39.625,14,0.0,C (Caos),FastAPI,CPU,medium
2026-05-06 04:24:07+00:00,11.66,41.58,39.625,9,2.0,C (Caos),FastAPI,CPU,medium
2026-05-06 04:24:10+00:00,12.41,41.41,39.75,12,5.0,C (Caos),FastAPI,CPU,medium
2026-05-06 04:24:12+00:00,10.61,41.58,39.75,16,7.0,C (Caos),FastAPI,CPU,medium
2026-05-06 04:24:14+00:00,11.34,41.53,39.75,12,9.0,C (Caos),FastAPI,CPU,medium
2026-05-06 04:24:16+00:00,11.05,41.7,39.75,9,11.0,C (Caos),FastAPI,CPU,medium
2026-05-06 04:24:18+00:00,10.54,41.63,39.75,16,13.0,C (Caos),FastAPI,CPU,medium
2026-05-06 04:24:20+00:00,11.65,41.79,39.75,13,15.0,C (Caos),FastAPI,CPU,medium
2026-05-06 04:24:22+00:00,9.79,41.64,39.75,13,17.0,C (Caos),FastAPI,CPU,medium
2026-05-06 04:24:24+00:00,5.55,41.57,39.75,6,19.0,C (Caos),FastAPI,CPU,medium
2026-05-06 04:56:34+00:00,3.98,33.25,38.75,54,0.0,C (Caos),Express,IO,medium
2026-05-06 04:56:36+00:00,4.42,34.27,38.875,52,2.0,C (Caos),Express,IO,medium
2026-05-06 04:56:38+00:00,4.55,37.09,38.875,48,4.0,C (Caos),Express,IO,medium
2026-05-06 04:56:40+00:00,3.06,36.94,38.875,48,6.0,C (Caos),Express,IO,medium
2026-05-06 04:56:42+00:00,2.22,36.81,38.875,44,8.0,C (Caos),Express,IO,medium
2026-05-06 04:56:44+00:00,3.4,36.73,38.875,38,10.0,C (Caos),Express,IO,medium
2026-05-06 04:56:47+00:00,2.62,37.54,38.875,44,13.0,C (Caos),Express,IO,medium
2026-05-06 04:56:49+00:00,2.59,37.48,38.875,43,15.0,C (Caos),Express,IO,medium
2026-05-06 04:56:51+00:00,2.89,38.07,38.875,44,17.0,C (Caos),Express,IO,medium
2026-05-06 04:56:53+00:00,2.25,37.69,38.875,37,19.0,C (Caos),Express,IO,medium
2026-05-06 03:39:33+00:00,32.57,33.29,39.125,10,0.0,C (Caos),Express,CPU,medium
2026-05-06 03:39:36+00:00,29.99,33.39,39.125,13,3.0,C (Caos),Express,CPU,medium
2026-05-06 03:39:38+00:00,31.21,34.27,39.125,12,5.0,C (Caos),Express,CPU,medium
2026-05-06 03:39:40+00:00,33.37,34.71,39.125,16,7.0,C (Caos),Express,CPU,medium
2026-05-06 03:39:42+00:00,36.24,34.95,39.125,12,9.0,C (Caos),Express,CPU,medium
2026-05-06 03:39:44+00:00,33.92,34.97,39.125,6,11.0,C (Caos),Express,CPU,medium
2026-05-06 03:39:46+00:00,32.85,34.57,39.25,5,13.0,C (Caos),Express,CPU,medium
2026-05-06 03:39:48+00:00,31.42,34.81,39.25,8,15.0,C (Caos),Express,CPU,medium
2026-05-06 03:39:50+00:00,30.37,35.03,39.25,8,17.0,C (Caos),Express,CPU,medium
2026-05-06 03:39:53+00:00,22.19,35.0,39.25,7,20.0,C (Caos),Express,CPU,medium
2026-05-06 05:17:35+00:00,9.69,41.7,38.5,10,0.0,C (Caos),FastAPI,CPU,medium
2026-05-06 05:17:37+00:00,9.16,41.61,38.5,7,2.0,C (Caos),FastAPI,CPU,medium
2026-05-06 05:17:39+00:00,10.45,41.48,38.5,13,4.0,C (Caos),FastAPI,CPU,medium
2026-05-06 05:17:41+00:00,11.76,41.38,38.5,12,6.0,C (Caos),FastAPI,CPU,medium
2026-05-06 05:17:43+00:00,12.42,41.85,38.5,9,8.0,C (Caos),FastAPI,CPU,medium
2026-05-06 05:17:45+00:00,9.92,41.71,38.5,7,10.0,C (Caos),FastAPI,CPU,medium
2026-05-06 05:17:47+00:00,10.73,41.63,38.5,8,12.0,C (Caos),FastAPI,CPU,medium
2026-05-06 05:17:50+00:00,10.73,41.4,38.625,7,15.0,C (Caos),FastAPI,CPU,medium
2026-05-06 05:17:52+00:00,9.9,41.82,38.625,11,17.0,C (Caos),FastAPI,CPU,medium
2026-05-06 05:17:54+00:00,8.79,41.61,38.5,7,19.0,C (Caos),FastAPI,CPU,medium
2026-05-06 04:39:22+00:00,11.32,41.64,39.75,16,0.0,C (Caos),FastAPI,CPU,medium
2026-05-06 04:39:24+00:00,8.88,41.74,39.75,12,2.0,C (Caos),FastAPI,CPU,medium
2026-05-06 04:39:26+00:00,10.9,41.63,39.75,11,4.0,C (Caos),FastAPI,CPU,medium
2026-05-06 04:39:28+00:00,11.67,41.81,39.875,7,6.0,C (Caos),FastAPI,CPU,medium
2026-05-06 04:39:30+00:00,10.39,41.97,39.875,15,8.0,C (Caos),FastAPI,CPU,medium
2026-05-06 04:39:33+00:00,11.63,41.88,39.875,10,11.0,C (Caos),FastAPI,CPU,medium
2026-05-06 04:39:35+00:00,11.34,41.79,39.875,10,13.0,C (Caos),FastAPI,CPU,medium
2026-05-06 04:39:37+00:00,11.1,41.97,39.875,8,15.0,C (Caos),FastAPI,CPU,medium
2026-05-06 04:39:39+00:00,11.4,41.88,39.875,10,17.0,C (Caos),FastAPI,CPU,medium
2026-05-06 04:39:41+00:00,11.02,41.93,39.875,13,19.0,C (Caos),FastAPI,CPU,medium
2026-05-06 05:12:29+00:00,21.25,41.75,38.625,23,0.0,C (Caos),FastAPI,CPU,high
2026-05-06 05:12:31+00:00,19.05,41.91,38.625,18,2.0,C (Caos),FastAPI,CPU,high
2026-05-06 05:12:33+00:00,21.29,42.05,38.625,16,4.0,C (Caos),FastAPI,CPU,high
2026-05-06 05:12:35+00:00,20.64,41.95,38.625,18,6.0,C (Caos),FastAPI,CPU,high
2026-05-06 05:12:37+00:00,19.65,41.61,38.625,10,8.0,C (Caos),FastAPI,CPU,high
2026-05-06 05:12:39+00:00,19.71,41.79,38.625,17,10.0,C (Caos),FastAPI,CPU,high
2026-05-06 05:12:42+00:00,18.31,41.97,38.625,22,13.0,C (Caos),FastAPI,CPU,high
2026-05-06 05:12:44+00:00,17.63,41.71,38.625,17,15.0,C (Caos),FastAPI,CPU,high
2026-05-06 05:12:46+00:00,16.36,41.86,38.625,23,17.0,C (Caos),FastAPI,CPU,high
2026-05-06 05:12:48+00:00,13.98,41.78,38.625,25,19.0,C (Caos),FastAPI,CPU,high
2026-05-06 04:42:33+00:00,10.78,46.43,39.875,95,0.0,C (Caos),FastAPI,IO,high
2026-05-06 04:42:35+00:00,9.08,46.37,39.875,88,2.0,C (Caos),FastAPI,IO,high
2026-05-06 04:42:37+00:00,8.52,46.58,39.875,86,4.0,C (Caos),FastAPI,IO,high
2026-05-06 04:42:39+00:00,10.03,46.42,39.875,85,6.0,C (Caos),FastAPI,IO,high
2026-05-06 04:42:42+00:00,10.48,46.46,39.875,84,9.0,C (Caos),FastAPI,IO,high
2026-05-06 04:42:44+00:00,8.77,46.34,39.875,88,11.0,C (Caos),FastAPI,IO,high
2026-05-06 04:42:46+00:00,8.16,46.46,39.875,91,13.0,C (Caos),FastAPI,IO,high
2026-05-06 04:42:48+00:00,10.15,46.79,39.875,102,15.0,C (Caos),FastAPI,IO,high
2026-05-06 04:42:50+00:00,8.29,46.73,39.875,88,17.0,C (Caos),FastAPI,IO,high
2026-05-06 04:42:52+00:00,7.78,46.28,39.875,78,19.0,C (Caos),FastAPI,IO,high
2026-05-06 04:20:16+00:00,57.43,34.82,40.0,25,0.0,C (Caos),Express,CPU,high
2026-05-06 04:20:19+00:00,62.73,40.87,40.0,24,3.0,C (Caos),Express,CPU,high
2026-05-06 04:20:21+00:00,65.41,41.35,40.0,23,5.0,C (Caos),Express,CPU,high
2026-05-06 04:20:23+00:00,59.2,42.1,40.0,24,7.0,C (Caos),Express,CPU,high
2026-05-06 04:20:25+00:00,60.69,52.22,40.0,29,9.0,C (Caos),Express,CPU,high
2026-05-06 04:20:27+00:00,66.77,52.16,40.125,27,11.0,C (Caos),Express,CPU,high
2026-05-06 04:20:29+00:00,61.49,47.37,40.125,25,13.0,C (Caos),Express,CPU,high
2026-05-06 04:20:31+00:00,65.02,47.18,40.125,26,15.0,C (Caos),Express,CPU,high
2026-05-06 04:20:33+00:00,54.03,47.28,40.125,20,17.0,C (Caos),Express,CPU,high
2026-05-06 04:20:36+00:00,52.58,47.07,40.125,14,20.0,C (Caos),Express,CPU,high
2026-05-06 03:56:43+00:00,9.96,46.56,39.625,86,0.0,C (Caos),FastAPI,IO,high
2026-05-06 03:56:46+00:00,8.46,46.08,39.625,75,3.0,C (Caos),FastAPI,IO,high
2026-05-06 03:56:48+00:00,8.54,46.39,39.625,71,5.0,C (Caos),FastAPI,IO,high
2026-05-06 03:56:50+00:00,8.82,46.22,39.75,79,7.0,C (Caos),FastAPI,IO,high
2026-05-06 03:56:52+00:00,7.88,46.14,39.75,89,9.0,C (Caos),FastAPI,IO,high
2026-05-06 03:56:54+00:00,9.36,46.55,39.75,77,11.0,C (Caos),FastAPI,IO,high
2026-05-06 03:56:56+00:00,9.05,46.16,39.75,73,13.0,C (Caos),FastAPI,IO,high
2026-05-06 03:56:58+00:00,9.17,46.26,39.75,81,15.0,C (Caos),FastAPI,IO,high
2026-05-06 03:57:00+00:00,8.68,46.61,39.75,87,17.0,C (Caos),FastAPI,IO,high
2026-05-06 03:57:02+00:00,8.25,46.27,39.75,69,19.0,C (Caos),FastAPI,IO,high
2026-05-06 04:57:12+00:00,20.0,41.84,38.875,16,0.0,C (Caos),FastAPI,CPU,high
2026-05-06 04:57:14+00:00,20.23,41.68,38.875,24,2.0,C (Caos),FastAPI,CPU,high
2026-05-06 04:57:16+00:00,16.64,42.14,38.875,25,4.0,C (Caos),FastAPI,CPU,high
2026-05-06 04:57:18+00:00,20.63,41.77,38.875,20,6.0,C (Caos),FastAPI,CPU,high
2026-05-06 04:57:21+00:00,21.13,41.67,38.875,21,9.0,C (Caos),FastAPI,CPU,high
2026-05-06 04:57:23+00:00,20.9,42.07,38.875,29,11.0,C (Caos),FastAPI,CPU,high
2026-05-06 04:57:25+00:00,21.65,42.2,38.875,27,13.0,C (Caos),FastAPI,CPU,high
2026-05-06 04:57:27+00:00,20.37,42.07,38.875,25,15.0,C (Caos),FastAPI,CPU,high
2026-05-06 04:57:29+00:00,20.16,41.75,38.875,20,17.0,C (Caos),FastAPI,CPU,high
2026-05-06 04:57:31+00:00,15.04,41.89,39.0,14,19.0,C (Caos),FastAPI,CPU,high
2026-05-06 04:17:43+00:00,33.79,33.39,39.75,14,0.0,C (Caos),Express,CPU,medium
2026-05-06 04:17:46+00:00,35.54,33.83,39.875,9,3.0,C (Caos),Express,CPU,medium
2026-05-06 04:17:48+00:00,33.15,34.31,39.875,9,5.0,C (Caos),Express,CPU,medium
2026-05-06 04:17:50+00:00,27.37,34.86,39.875,10,7.0,C (Caos),Express,CPU,medium
2026-05-06 04:17:52+00:00,31.97,34.49,39.875,20,9.0,C (Caos),Express,CPU,medium
2026-05-06 04:17:54+00:00,34.01,34.63,39.875,14,11.0,C (Caos),Express,CPU,medium
2026-05-06 04:17:56+00:00,36.3,34.9,39.875,8,13.0,C (Caos),Express,CPU,medium
2026-05-06 04:17:58+00:00,28.8,35.03,39.875,9,15.0,C (Caos),Express,CPU,medium
2026-05-06 04:18:00+00:00,32.05,35.33,39.875,6,17.0,C (Caos),Express,CPU,medium
2026-05-06 04:18:02+00:00,22.79,35.2,39.875,10,19.0,C (Caos),Express,CPU,medium
2026-05-06 04:26:38+00:00,20.74,44.19,39.875,27,0.0,C (Caos),FastAPI,CPU,high
2026-05-06 04:26:40+00:00,20.62,43.93,39.875,19,2.0,C (Caos),FastAPI,CPU,high
2026-05-06 04:26:43+00:00,19.5,44.09,39.875,18,5.0,C (Caos),FastAPI,CPU,high
2026-05-06 04:26:45+00:00,19.56,44.13,39.875,20,7.0,C (Caos),FastAPI,CPU,high
2026-05-06 04:26:47+00:00,17.51,44.16,39.875,24,9.0,C (Caos),FastAPI,CPU,high
2026-05-06 04:26:49+00:00,21.48,44.3,39.875,18,11.0,C (Caos),FastAPI,CPU,high
2026-05-06 04:26:51+00:00,20.21,44.44,39.875,23,13.0,C (Caos),FastAPI,CPU,high
2026-05-06 04:26:53+00:00,21.93,44.3,39.875,21,15.0,C (Caos),FastAPI,CPU,high
2026-05-06 04:26:55+00:00,19.07,44.38,39.875,23,17.0,C (Caos),FastAPI,CPU,high
2026-05-06 04:26:57+00:00,14.91,44.07,39.875,19,19.0,C (Caos),FastAPI,CPU,high
2026-05-06 04:12:38+00:00,52.07,37.98,40.0,28,0.0,C (Caos),Express,CPU,high
2026-05-06 04:12:40+00:00,62.07,42.48,40.0,21,2.0,C (Caos),Express,CPU,high
2026-05-06 04:12:43+00:00,62.07,42.67,40.0,20,5.0,C (Caos),Express,CPU,high
2026-05-06 04:12:45+00:00,69.4,44.77,40.0,27,7.0,C (Caos),Express,CPU,high
2026-05-06 04:12:47+00:00,61.45,45.36,40.0,24,9.0,C (Caos),Express,CPU,high
2026-05-06 04:12:49+00:00,61.53,40.5,40.125,25,11.0,C (Caos),Express,CPU,high
2026-05-06 04:12:51+00:00,65.01,40.12,40.125,28,13.0,C (Caos),Express,CPU,high
2026-05-06 04:12:53+00:00,61.87,40.31,40.125,20,15.0,C (Caos),Express,CPU,high
2026-05-06 04:12:55+00:00,61.28,44.43,40.125,28,17.0,C (Caos),Express,CPU,high
2026-05-06 04:12:57+00:00,36.71,44.48,40.125,15,19.0,C (Caos),Express,CPU,high
2026-05-06 05:13:07+00:00,8.85,47.66,38.625,94,0.0,C (Caos),FastAPI,IO,high
2026-05-06 05:13:09+00:00,10.22,47.54,38.625,104,2.0,C (Caos),FastAPI,IO,high
2026-05-06 05:13:11+00:00,8.31,47.6,38.625,96,4.0,C (Caos),FastAPI,IO,high
2026-05-06 05:13:14+00:00,8.5,47.84,38.625,86,7.0,C (Caos),FastAPI,IO,high
2026-05-06 05:13:16+00:00,8.39,47.74,38.625,87,9.0,C (Caos),FastAPI,IO,high
2026-05-06 05:13:18+00:00,8.56,47.88,38.75,84,11.0,C (Caos),FastAPI,IO,high
2026-05-06 05:13:20+00:00,8.56,47.77,38.625,85,13.0,C (Caos),FastAPI,IO,high
2026-05-06 05:13:22+00:00,9.17,47.92,38.625,84,15.0,C (Caos),FastAPI,IO,high
2026-05-06 05:13:24+00:00,9.54,47.67,38.625,87,17.0,C (Caos),FastAPI,IO,high
2026-05-06 05:13:26+00:00,7.92,47.28,38.625,63,19.0,C (Caos),FastAPI,IO,high
2026-05-06 04:51:28+00:00,4.38,38.56,39.25,84,0.0,C (Caos),Express,IO,high
2026-05-06 04:51:30+00:00,4.25,38.36,39.25,89,2.0,C (Caos),Express,IO,high
2026-05-06 04:51:32+00:00,3.97,38.37,39.25,82,4.0,C (Caos),Express,IO,high
2026-05-06 04:51:35+00:00,4.6,39.18,39.25,87,7.0,C (Caos),Express,IO,high
2026-05-06 04:51:37+00:00,4.04,39.32,39.25,79,9.0,C (Caos),Express,IO,high
2026-05-06 04:51:39+00:00,5.31,39.25,39.25,74,11.0,C (Caos),Express,IO,high
2026-05-06 04:51:41+00:00,3.64,39.41,39.25,82,13.0,C (Caos),Express,IO,high
2026-05-06 04:51:43+00:00,3.48,39.64,39.25,92,15.0,C (Caos),Express,IO,high
2026-05-06 04:51:45+00:00,4.63,39.07,39.25,90,17.0,C (Caos),Express,IO,high
2026-05-06 04:51:47+00:00,3.66,39.07,39.25,72,19.0,C (Caos),Express,IO,high
2026-05-06 05:29:03+00:00,63.74,34.89,38.75,22,0.0,C (Caos),Express,CPU,high
2026-05-06 05:29:05+00:00,70.3,42.13,38.75,25,2.0,C (Caos),Express,CPU,high
2026-05-06 05:29:07+00:00,59.42,42.38,38.75,20,4.0,C (Caos),Express,CPU,high
2026-05-06 05:29:10+00:00,58.14,43.04,38.75,24,7.0,C (Caos),Express,CPU,high
2026-05-06 05:29:12+00:00,62.25,44.21,38.75,21,9.0,C (Caos),Express,CPU,high
2026-05-06 05:29:14+00:00,52.63,44.07,38.75,31,11.0,C (Caos),Express,CPU,high
2026-05-06 05:29:16+00:00,56.95,44.04,38.75,29,13.0,C (Caos),Express,CPU,high
2026-05-06 05:29:18+00:00,63.2,44.07,38.75,18,15.0,C (Caos),Express,CPU,high
2026-05-06 05:29:20+00:00,60.78,43.39,38.875,21,17.0,C (Caos),Express,CPU,high
2026-05-06 05:29:22+00:00,43.85,43.3,38.875,15,19.0,C (Caos),Express,CPU,high
2026-05-06 04:22:11+00:00,1.02,41.88,39.75,9,0.0,C (Caos),FastAPI,IO,low
2026-05-06 04:22:13+00:00,1.01,41.83,39.75,14,2.0,C (Caos),FastAPI,IO,low
2026-05-06 04:22:15+00:00,1.29,42.25,39.75,13,4.0,C (Caos),FastAPI,IO,low
2026-05-06 04:22:17+00:00,1.5,42.15,39.75,10,6.0,C (Caos),FastAPI,IO,low
2026-05-06 04:22:20+00:00,1.38,42.27,39.75,13,9.0,C (Caos),FastAPI,IO,low
2026-05-06 04:22:22+00:00,1.42,42.8,39.75,12,11.0,C (Caos),FastAPI,IO,low
2026-05-06 04:22:24+00:00,1.27,42.59,39.75,13,13.0,C (Caos),FastAPI,IO,low
2026-05-06 04:22:26+00:00,0.96,43.02,39.75,10,15.0,C (Caos),FastAPI,IO,low
2026-05-06 04:22:28+00:00,1.13,42.8,39.875,7,17.0,C (Caos),FastAPI,IO,low
2026-05-06 04:22:30+00:00,1.31,42.89,39.75,8,19.0,C (Caos),FastAPI,IO,low
2026-05-06 05:01:01+00:00,5.01,27.36,38.75,4,0.0,C (Caos),Express,CPU,low
2026-05-06 05:01:03+00:00,6.12,28.07,38.75,1,2.0,C (Caos),Express,CPU,low
2026-05-06 05:01:05+00:00,8.92,28.39,38.75,1,4.0,C (Caos),Express,CPU,low
2026-05-06 05:01:08+00:00,5.02,28.34,38.75,2,7.0,C (Caos),Express,CPU,low
2026-05-06 05:01:10+00:00,8.04,29.02,38.75,2,9.0,C (Caos),Express,CPU,low
2026-05-06 05:01:12+00:00,9.99,29.56,38.75,1,11.0,C (Caos),Express,CPU,low
2026-05-06 05:01:14+00:00,4.93,29.79,38.875,1,13.0,C (Caos),Express,CPU,low
2026-05-06 05:01:16+00:00,10.69,30.22,38.875,0,15.0,C (Caos),Express,CPU,low
2026-05-06 05:01:18+00:00,6.02,30.58,38.875,3,17.0,C (Caos),Express,CPU,low
2026-05-06 05:01:20+00:00,3.95,30.69,38.875,1,19.0,C (Caos),Express,CPU,low
2026-05-06 05:01:39+00:00,1.31,28.01,38.75,10,0.0,C (Caos),Express,IO,low
2026-05-06 05:01:42+00:00,1.16,28.2,38.75,13,3.0,C (Caos),Express,IO,low
2026-05-06 05:01:44+00:00,1.53,28.48,38.75,10,5.0,C (Caos),Express,IO,low
2026-05-06 05:01:46+00:00,0.96,28.57,38.75,15,7.0,C (Caos),Express,IO,low
2026-05-06 05:01:48+00:00,1.34,29.22,38.75,14,9.0,C (Caos),Express,IO,low
2026-05-06 05:01:50+00:00,1.33,29.36,38.75,10,11.0,C (Caos),Express,IO,low
2026-05-06 05:01:52+00:00,1.22,29.71,38.75,8,13.0,C (Caos),Express,IO,low
2026-05-06 05:01:54+00:00,1.25,29.96,38.75,10,15.0,C (Caos),Express,IO,low
2026-05-06 05:01:56+00:00,0.83,30.07,38.75,12,17.0,C (Caos),Express,IO,low
2026-05-06 05:01:58+00:00,1.75,30.98,38.875,12,19.0,C (Caos),Express,IO,low
2026-05-06 03:44:39+00:00,8.86,27.3,39.5,2,0.0,C (Caos),Express,CPU,low
2026-05-06 03:44:41+00:00,8.01,27.86,39.5,2,2.0,C (Caos),Express,CPU,low
2026-05-06 03:44:43+00:00,4.99,28.01,39.5,3,4.0,C (Caos),Express,CPU,low
2026-05-06 03:44:45+00:00,9.7,28.23,39.5,2,6.0,C (Caos),Express,CPU,low
2026-05-06 03:44:47+00:00,8.98,28.91,39.5,1,8.0,C (Caos),Express,CPU,low
2026-05-06 03:44:49+00:00,5.03,29.7,39.5,4,10.0,C (Caos),Express,CPU,low
2026-05-06 03:44:51+00:00,4.14,29.84,39.5,3,12.0,C (Caos),Express,CPU,low
2026-05-06 03:44:53+00:00,6.84,30.15,39.5,3,14.0,C (Caos),Express,CPU,low
2026-05-06 03:44:55+00:00,6.82,30.57,39.5,2,16.0,C (Caos),Express,CPU,low
2026-05-06 03:44:58+00:00,3.04,30.93,39.5,1,19.0,C (Caos),Express,CPU,low
2026-05-06 04:50:12+00:00,9.19,50.2,39.25,100,0.0,C (Caos),FastAPI,IO,high
2026-05-06 04:50:14+00:00,10.26,50.34,39.25,97,2.0,C (Caos),FastAPI,IO,high
2026-05-06 04:50:16+00:00,9.9,50.29,39.25,86,4.0,C (Caos),FastAPI,IO,high
2026-05-06 04:50:18+00:00,9.97,50.0,39.25,86,6.0,C (Caos),FastAPI,IO,high
2026-05-06 04:50:20+00:00,9.85,49.91,39.25,80,8.0,C (Caos),FastAPI,IO,high
2026-05-06 04:50:22+00:00,8.76,50.04,39.25,79,10.0,C (Caos),FastAPI,IO,high
2026-05-06 04:50:24+00:00,8.82,49.83,39.25,82,12.0,C (Caos),FastAPI,IO,high
2026-05-06 04:50:26+00:00,9.52,50.21,39.25,83,14.0,C (Caos),FastAPI,IO,high
2026-05-06 04:50:29+00:00,8.76,50.4,39.25,80,17.0,C (Caos),FastAPI,IO,high
2026-05-06 04:50:31+00:00,8.69,50.57,39.25,81,19.0,C (Caos),FastAPI,IO,high
2026-05-06 05:10:34+00:00,5.09,44.0,38.625,39,0.0,C (Caos),FastAPI,IO,medium
2026-05-06 05:10:36+00:00,5.17,45.08,38.625,54,2.0,C (Caos),FastAPI,IO,medium
2026-05-06 05:10:38+00:00,5.27,45.03,38.625,48,4.0,C (Caos),FastAPI,IO,medium
2026-05-06 05:10:41+00:00,5.25,44.84,38.625,46,7.0,C (Caos),FastAPI,IO,medium
2026-05-06 05:10:43+00:00,5.5,44.98,38.625,49,9.0,C (Caos),FastAPI,IO,medium
2026-05-06 05:10:45+00:00,4.84,45.07,38.625,46,11.0,C (Caos),FastAPI,IO,medium
2026-05-06 05:10:47+00:00,4.98,44.99,38.625,50,13.0,C (Caos),FastAPI,IO,medium
2026-05-06 05:10:49+00:00,5.44,44.89,38.625,44,15.0,C (Caos),FastAPI,IO,medium
2026-05-06 05:10:51+00:00,5.73,45.06,38.625,48,17.0,C (Caos),FastAPI,IO,medium
2026-05-06 05:10:53+00:00,3.85,44.9,38.625,44,19.0,C (Caos),FastAPI,IO,medium
2026-05-06 04:40:00+00:00,5.01,43.82,39.875,44,0.0,C (Caos),FastAPI,IO,medium
2026-05-06 04:40:02+00:00,4.93,44.23,39.875,41,2.0,C (Caos),FastAPI,IO,medium
2026-05-06 04:40:04+00:00,4.96,44.68,39.875,46,4.0,C (Caos),FastAPI,IO,medium
2026-05-06 04:40:07+00:00,5.2,44.78,39.875,50,7.0,C (Caos),FastAPI,IO,medium
2026-05-06 04:40:09+00:00,4.33,44.81,39.875,51,9.0,C (Caos),FastAPI,IO,medium
2026-05-06 04:40:11+00:00,5.43,45.01,39.875,35,11.0,C (Caos),FastAPI,IO,medium
2026-05-06 04:40:13+00:00,4.36,44.69,39.875,40,13.0,C (Caos),FastAPI,IO,medium
2026-05-06 04:40:15+00:00,4.04,44.82,39.875,52,15.0,C (Caos),FastAPI,IO,medium
2026-05-06 04:40:17+00:00,4.67,44.56,39.875,44,17.0,C (Caos),FastAPI,IO,medium
2026-05-06 04:40:19+00:00,4.69,44.97,39.875,36,19.0,C (Caos),FastAPI,IO,medium
2026-05-06 04:36:50+00:00,1.73,43.61,39.75,2,0.0,C (Caos),FastAPI,CPU,low
2026-05-06 04:36:52+00:00,2.11,43.48,39.75,6,2.0,C (Caos),FastAPI,CPU,low
2026-05-06 04:36:54+00:00,2.35,43.62,39.75,5,4.0,C (Caos),FastAPI,CPU,low
2026-05-06 04:36:56+00:00,1.46,43.55,39.75,2,6.0,C (Caos),FastAPI,CPU,low
2026-05-06 04:36:58+00:00,2.63,43.74,39.875,4,8.0,C (Caos),FastAPI,CPU,low
2026-05-06 04:37:00+00:00,2.12,43.56,39.75,8,10.0,C (Caos),FastAPI,CPU,low
2026-05-06 04:37:02+00:00,1.47,43.71,39.75,4,12.0,C (Caos),FastAPI,CPU,low
2026-05-06 04:37:04+00:00,2.09,43.59,39.75,2,14.0,C (Caos),FastAPI,CPU,low
2026-05-06 04:37:07+00:00,2.38,43.53,39.75,3,17.0,C (Caos),FastAPI,CPU,low
2026-05-06 04:37:09+00:00,2.36,43.59,39.75,3,19.0,C (Caos),FastAPI,CPU,low
2026-05-06 03:38:17+00:00,11.44,43.87,38.875,8,0.0,C (Caos),FastAPI,CPU,medium
2026-05-06 03:38:19+00:00,10.25,43.57,38.875,12,2.0,C (Caos),FastAPI,CPU,medium
2026-05-06 03:38:21+00:00,11.1,43.73,38.875,16,4.0,C (Caos),FastAPI,CPU,medium
2026-05-06 03:38:23+00:00,9.39,43.65,38.875,18,6.0,C (Caos),FastAPI,CPU,medium
2026-05-06 03:38:25+00:00,10.1,44.21,38.875,11,8.0,C (Caos),FastAPI,CPU,medium
2026-05-06 03:38:28+00:00,9.72,43.61,38.875,14,11.0,C (Caos),FastAPI,CPU,medium
2026-05-06 03:38:30+00:00,10.77,43.76,38.875,14,13.0,C (Caos),FastAPI,CPU,medium
2026-05-06 03:38:32+00:00,9.95,43.66,39.0,9,15.0,C (Caos),FastAPI,CPU,medium
2026-05-06 03:38:34+00:00,10.3,43.78,39.0,8,17.0,C (Caos),FastAPI,CPU,medium
2026-05-06 03:38:36+00:00,7.81,43.7,39.0,9,19.0,C (Caos),FastAPI,CPU,medium
2026-05-06 05:26:30+00:00,29.7,33.66,38.625,16,0.0,C (Caos),Express,CPU,medium
2026-05-06 05:26:32+00:00,35.56,33.52,38.625,15,2.0,C (Caos),Express,CPU,medium
2026-05-06 05:26:34+00:00,32.26,33.95,38.625,11,4.0,C (Caos),Express,CPU,medium
2026-05-06 05:26:36+00:00,27.67,34.52,38.625,15,6.0,C (Caos),Express,CPU,medium
2026-05-06 05:26:39+00:00,34.86,34.59,38.625,14,9.0,C (Caos),Express,CPU,medium
2026-05-06 05:26:41+00:00,32.37,34.54,38.625,15,11.0,C (Caos),Express,CPU,medium
2026-05-06 05:26:43+00:00,32.03,34.8,38.625,7,13.0,C (Caos),Express,CPU,medium
2026-05-06 05:26:45+00:00,29.27,34.94,38.625,10,15.0,C (Caos),Express,CPU,medium
2026-05-06 05:26:47+00:00,32.71,35.05,38.625,8,17.0,C (Caos),Express,CPU,medium
2026-05-06 05:26:49+00:00,21.19,34.9,38.625,7,19.0,C (Caos),Express,CPU,medium
2026-05-06 03:57:22+00:00,65.86,48.94,39.75,20,0.0,C (Caos),Express,CPU,high
2026-05-06 03:57:24+00:00,65.64,46.11,39.875,27,2.0,C (Caos),Express,CPU,high
2026-05-06 03:57:26+00:00,66.77,45.86,39.875,20,4.0,C (Caos),Express,CPU,high
2026-05-06 03:57:28+00:00,60.09,52.41,39.875,21,6.0,C (Caos),Express,CPU,high
2026-05-06 03:57:30+00:00,66.32,53.0,39.875,15,8.0,C (Caos),Express,CPU,high
2026-05-06 03:57:32+00:00,65.6,52.61,39.875,23,10.0,C (Caos),Express,CPU,high
2026-05-06 03:57:34+00:00,55.15,48.29,39.875,27,12.0,C (Caos),Express,CPU,high
2026-05-06 03:57:37+00:00,63.42,48.32,39.875,31,15.0,C (Caos),Express,CPU,high
2026-05-06 03:57:39+00:00,59.05,47.74,39.875,26,17.0,C (Caos),Express,CPU,high
2026-05-06 03:57:41+00:00,36.97,47.38,39.875,26,19.0,C (Caos),Express,CPU,high
2026-05-06 03:45:17+00:00,1.01,27.63,39.5,8,0.0,C (Caos),Express,IO,low
2026-05-06 03:45:19+00:00,1.45,28.07,39.375,12,2.0,C (Caos),Express,IO,low
2026-05-06 03:45:21+00:00,1.39,28.48,39.375,9,4.0,C (Caos),Express,IO,low
2026-05-06 03:45:23+00:00,0.84,28.21,39.5,10,6.0,C (Caos),Express,IO,low
2026-05-06 03:45:25+00:00,1.62,28.67,39.5,14,8.0,C (Caos),Express,IO,low
2026-05-06 03:45:27+00:00,1.23,28.84,39.5,15,10.0,C (Caos),Express,IO,low
2026-05-06 03:45:29+00:00,1.31,29.66,39.5,13,12.0,C (Caos),Express,IO,low
2026-05-06 03:45:31+00:00,1.48,29.71,39.5,11,14.0,C (Caos),Express,IO,low
2026-05-06 03:45:34+00:00,1.34,30.06,39.5,11,17.0,C (Caos),Express,IO,low
2026-05-06 03:45:36+00:00,1.43,30.6,39.5,7,19.0,C (Caos),Express,IO,low
2026-05-06 03:49:06+00:00,9.71,46.14,39.625,84,0.0,C (Caos),FastAPI,IO,high
2026-05-06 03:49:08+00:00,9.98,46.39,39.625,90,2.0,C (Caos),FastAPI,IO,high
2026-05-06 03:49:10+00:00,9.45,45.88,39.625,83,4.0,C (Caos),FastAPI,IO,high
2026-05-06 03:49:12+00:00,10.09,45.91,39.625,82,6.0,C (Caos),FastAPI,IO,high
2026-05-06 03:49:14+00:00,8.65,45.7,39.625,83,8.0,C (Caos),FastAPI,IO,high
2026-05-06 03:49:16+00:00,9.26,46.05,39.75,84,10.0,C (Caos),FastAPI,IO,high
2026-05-06 03:49:18+00:00,8.8,46.2,39.625,75,12.0,C (Caos),FastAPI,IO,high
2026-05-06 03:49:21+00:00,8.09,45.91,39.625,80,15.0,C (Caos),FastAPI,IO,high
2026-05-06 03:49:23+00:00,8.76,46.06,39.75,87,17.0,C (Caos),FastAPI,IO,high
2026-05-06 03:49:25+00:00,8.11,45.95,39.75,71,19.0,C (Caos),FastAPI,IO,high
2026-05-06 05:22:41+00:00,2.71,41.37,38.375,0,0.0,C (Caos),FastAPI,CPU,low
2026-05-06 05:22:43+00:00,3.34,41.44,38.375,0,2.0,C (Caos),FastAPI,CPU,low
2026-05-06 05:22:45+00:00,2.14,41.56,38.375,1,4.0,C (Caos),FastAPI,CPU,low
2026-05-06 05:22:47+00:00,3.05,41.5,38.5,2,6.0,C (Caos),FastAPI,CPU,low
2026-05-06 05:22:49+00:00,2.68,41.39,38.5,1,8.0,C (Caos),FastAPI,CPU,low
2026-05-06 05:22:51+00:00,2.11,41.32,38.5,4,10.0,C (Caos),FastAPI,CPU,low
2026-05-06 05:22:53+00:00,3.31,41.46,38.5,2,12.0,C (Caos),FastAPI,CPU,low
2026-05-06 05:22:55+00:00,2.14,41.39,38.5,1,14.0,C (Caos),FastAPI,CPU,low
2026-05-06 05:22:57+00:00,1.45,41.47,38.5,0,16.0,C (Caos),FastAPI,CPU,low
2026-05-06 05:23:00+00:00,1.9,41.45,38.5,2,19.0,C (Caos),FastAPI,CPU,low
2026-05-06 05:29:41+00:00,4.75,38.73,38.625,100,0.0,C (Caos),Express,IO,high
2026-05-06 05:29:43+00:00,4.29,38.22,38.75,96,2.0,C (Caos),Express,IO,high
2026-05-06 05:29:46+00:00,3.59,38.25,38.625,97,5.0,C (Caos),Express,IO,high
2026-05-06 05:29:48+00:00,4.2,38.45,38.625,85,7.0,C (Caos),Express,IO,high
2026-05-06 05:29:50+00:00,3.97,38.57,38.625,92,9.0,C (Caos),Express,IO,high
2026-05-06 05:29:52+00:00,5.65,39.03,38.625,79,11.0,C (Caos),Express,IO,high
2026-05-06 05:29:54+00:00,4.09,38.87,38.625,89,13.0,C (Caos),Express,IO,high
2026-05-06 05:29:56+00:00,3.49,39.29,38.625,93,15.0,C (Caos),Express,IO,high
2026-05-06 05:29:58+00:00,4.05,38.88,38.625,88,17.0,C (Caos),Express,IO,high
2026-05-06 05:30:00+00:00,3.43,38.95,38.625,73,19.0,C (Caos),Express,IO,high
2026-05-06 05:18:13+00:00,5.15,44.98,38.5,46,0.0,C (Caos),FastAPI,IO,medium
2026-05-06 05:18:15+00:00,4.8,45.38,38.625,50,2.0,C (Caos),FastAPI,IO,medium
2026-05-06 05:18:17+00:00,4.82,45.56,38.625,46,4.0,C (Caos),FastAPI,IO,medium
2026-05-06 05:18:19+00:00,5.66,46.0,38.625,49,6.0,C (Caos),FastAPI,IO,medium
2026-05-06 05:18:21+00:00,5.3,45.7,38.625,51,8.0,C (Caos),FastAPI,IO,medium
2026-05-06 05:18:23+00:00,5.03,45.87,38.625,49,10.0,C (Caos),FastAPI,IO,medium
2026-05-06 05:18:26+00:00,5.33,45.5,38.625,50,13.0,C (Caos),FastAPI,IO,medium
2026-05-06 05:18:28+00:00,5.07,45.74,38.625,52,15.0,C (Caos),FastAPI,IO,medium
2026-05-06 05:18:30+00:00,4.9,45.32,38.625,50,17.0,C (Caos),FastAPI,IO,medium
2026-05-06 05:18:32+00:00,4.74,45.24,38.625,38,19.0,C (Caos),FastAPI,IO,medium
2026-05-06 04:54:39+00:00,11.18,41.75,38.875,8,0.0,C (Caos),FastAPI,CPU,medium
2026-05-06 04:54:41+00:00,9.8,41.39,38.875,10,2.0,C (Caos),FastAPI,CPU,medium
2026-05-06 04:54:43+00:00,12.28,41.53,38.875,8,4.0,C (Caos),FastAPI,CPU,medium
2026-05-06 04:54:45+00:00,9.62,41.43,38.875,16,6.0,C (Caos),FastAPI,CPU,medium
2026-05-06 04:54:48+00:00,12.32,41.6,38.875,10,9.0,C (Caos),FastAPI,CPU,medium
2026-05-06 04:54:50+00:00,11.05,41.78,38.875,6,11.0,C (Caos),FastAPI,CPU,medium
2026-05-06 04:54:52+00:00,12.09,41.82,38.875,6,13.0,C (Caos),FastAPI,CPU,medium
2026-05-06 04:54:54+00:00,9.04,41.72,38.875,9,15.0,C (Caos),FastAPI,CPU,medium
2026-05-06 04:54:56+00:00,11.6,41.8,38.875,11,17.0,C (Caos),FastAPI,CPU,medium
2026-05-06 04:54:58+00:00,8.22,41.48,38.875,8,19.0,C (Caos),FastAPI,CPU,medium
2026-05-06 05:09:18+00:00,1.4,27.02,38.625,10,0.0,C (Caos),Express,IO,low
2026-05-06 05:09:20+00:00,1.1,27.27,38.625,10,2.0,C (Caos),Express,IO,low
2026-05-06 05:09:22+00:00,1.35,27.6,38.625,8,4.0,C (Caos),Express,IO,low
2026-05-06 05:09:24+00:00,1.45,28.06,38.625,7,6.0,C (Caos),Express,IO,low
2026-05-06 05:09:26+00:00,1.47,28.38,38.625,11,8.0,C (Caos),Express,IO,low
2026-05-06 05:09:28+00:00,1.17,28.94,38.625,8,10.0,C (Caos),Express,IO,low
2026-05-06 05:09:31+00:00,0.9,29.31,38.625,7,13.0,C (Caos),Express,IO,low
2026-05-06 05:09:33+00:00,1.51,29.37,38.625,10,15.0,C (Caos),Express,IO,low
2026-05-06 05:09:35+00:00,0.98,29.67,38.625,14,17.0,C (Caos),Express,IO,low
2026-05-06 05:09:37+00:00,1.15,30.38,38.625,8,19.0,C (Caos),Express,IO,low
2026-05-06 04:38:44+00:00,1.24,27.43,39.75,14,0.0,C (Caos),Express,IO,low
2026-05-06 04:38:46+00:00,1.18,27.86,39.75,11,2.0,C (Caos),Express,IO,low
2026-05-06 04:38:48+00:00,1.73,28.16,39.75,13,4.0,C (Caos),Express,IO,low
2026-05-06 04:38:50+00:00,1.12,28.71,39.75,12,6.0,C (Caos),Express,IO,low
2026-05-06 04:38:52+00:00,0.88,28.99,39.75,10,8.0,C (Caos),Express,IO,low
2026-05-06 04:38:54+00:00,1.12,28.93,39.75,10,10.0,C (Caos),Express,IO,low
2026-05-06 04:38:56+00:00,1.34,29.38,39.75,9,12.0,C (Caos),Express,IO,low
2026-05-06 04:38:59+00:00,1.21,29.49,39.75,9,15.0,C (Caos),Express,IO,low
2026-05-06 04:39:01+00:00,1.02,30.0,39.75,14,17.0,C (Caos),Express,IO,low
2026-05-06 04:39:03+00:00,1.31,30.43,39.75,9,19.0,C (Caos),Express,IO,low
2026-05-06 05:09:56+00:00,14.11,41.6,38.625,11,0.0,C (Caos),FastAPI,CPU,medium
2026-05-06 05:09:58+00:00,11.77,41.52,38.625,9,2.0,C (Caos),FastAPI,CPU,medium
2026-05-06 05:10:00+00:00,10.45,41.65,38.625,10,4.0,C (Caos),FastAPI,CPU,medium
2026-05-06 05:10:02+00:00,8.46,41.57,38.625,9,6.0,C (Caos),FastAPI,CPU,medium
2026-05-06 05:10:04+00:00,11.5,41.65,38.625,4,8.0,C (Caos),FastAPI,CPU,medium
2026-05-06 05:10:07+00:00,11.28,41.73,38.625,7,11.0,C (Caos),FastAPI,CPU,medium
2026-05-06 05:10:09+00:00,9.53,41.63,38.625,11,13.0,C (Caos),FastAPI,CPU,medium
2026-05-06 05:10:11+00:00,10.71,41.82,38.625,8,15.0,C (Caos),FastAPI,CPU,medium
2026-05-06 05:10:13+00:00,10.81,41.82,38.625,10,17.0,C (Caos),FastAPI,CPU,medium
2026-05-06 05:10:15+00:00,8.06,41.55,38.625,11,19.0,C (Caos),FastAPI,CPU,medium
2026-05-06 05:04:12+00:00,4.38,33.51,38.875,44,0.0,C (Caos),Express,IO,medium
2026-05-06 05:04:14+00:00,4.05,33.51,38.875,46,2.0,C (Caos),Express,IO,medium
2026-05-06 05:04:16+00:00,6.54,35.97,38.875,38,4.0,C (Caos),Express,IO,medium
2026-05-06 05:04:19+00:00,5.04,36.43,38.875,49,7.0,C (Caos),Express,IO,medium
2026-05-06 05:04:21+00:00,2.66,36.72,38.875,51,9.0,C (Caos),Express,IO,medium
2026-05-06 05:04:23+00:00,3.15,36.84,38.875,48,11.0,C (Caos),Express,IO,medium
2026-05-06 05:04:25+00:00,2.91,36.72,38.875,56,13.0,C (Caos),Express,IO,medium
2026-05-06 05:04:27+00:00,2.71,37.07,38.875,47,15.0,C (Caos),Express,IO,medium
2026-05-06 05:04:29+00:00,2.53,37.68,38.875,51,17.0,C (Caos),Express,IO,medium
2026-05-06 05:04:31+00:00,2.2,37.69,38.875,40,19.0,C (Caos),Express,IO,medium
2026-05-06 04:25:22+00:00,36.19,33.63,39.875,10,0.0,C (Caos),Express,CPU,medium
2026-05-06 04:25:24+00:00,35.39,33.87,39.875,10,2.0,C (Caos),Express,CPU,medium
2026-05-06 04:25:26+00:00,36.36,33.8,39.875,12,4.0,C (Caos),Express,CPU,medium
2026-05-06 04:25:28+00:00,32.84,34.43,39.875,11,6.0,C (Caos),Express,CPU,medium
2026-05-06 04:25:30+00:00,29.95,34.92,39.875,14,8.0,C (Caos),Express,CPU,medium
2026-05-06 04:25:32+00:00,29.74,34.49,39.875,9,10.0,C (Caos),Express,CPU,medium
2026-05-06 04:25:35+00:00,29.12,34.77,39.875,13,13.0,C (Caos),Express,CPU,medium
2026-05-06 04:25:37+00:00,35.13,41.68,39.875,20,15.0,C (Caos),Express,CPU,medium
2026-05-06 04:25:39+00:00,34.47,42.7,39.875,12,17.0,C (Caos),Express,CPU,medium
2026-05-06 04:25:41+00:00,25.3,41.8,39.875,7,19.0,C (Caos),Express,CPU,medium
2026-05-06 04:15:49+00:00,1.34,27.83,39.75,10,0.0,C (Caos),Express,IO,low
2026-05-06 04:15:51+00:00,1.49,28.11,39.75,10,2.0,C (Caos),Express,IO,low
2026-05-06 04:15:53+00:00,1.8,28.04,39.75,11,4.0,C (Caos),Express,IO,low
2026-05-06 04:15:55+00:00,1.03,28.32,39.75,12,6.0,C (Caos),Express,IO,low
2026-05-06 04:15:58+00:00,1.47,28.79,39.75,14,9.0,C (Caos),Express,IO,low
2026-05-06 04:16:00+00:00,1.25,28.9,39.75,9,11.0,C (Caos),Express,IO,low
2026-05-06 04:16:02+00:00,1.23,29.18,39.875,13,13.0,C (Caos),Express,IO,low
2026-05-06 04:16:04+00:00,0.97,29.87,39.875,9,15.0,C (Caos),Express,IO,low
2026-05-06 04:16:06+00:00,1.15,29.85,39.875,8,17.0,C (Caos),Express,IO,low
2026-05-06 04:16:08+00:00,1.4,30.02,39.875,8,19.0,C (Caos),Express,IO,low
2026-05-06 05:07:23+00:00,2.36,43.52,38.625,1,0.0,C (Caos),FastAPI,CPU,low
2026-05-06 05:07:26+00:00,3.33,43.7,38.625,0,3.0,C (Caos),FastAPI,CPU,low
2026-05-06 05:07:28+00:00,2.4,43.37,38.625,1,5.0,C (Caos),FastAPI,CPU,low
2026-05-06 05:07:30+00:00,2.37,43.55,38.625,0,7.0,C (Caos),FastAPI,CPU,low
2026-05-06 05:07:32+00:00,2.36,43.73,38.75,1,9.0,C (Caos),FastAPI,CPU,low
2026-05-06 05:07:34+00:00,2.1,43.85,38.75,4,11.0,C (Caos),FastAPI,CPU,low
2026-05-06 05:07:36+00:00,2.12,43.54,38.75,4,13.0,C (Caos),FastAPI,CPU,low
2026-05-06 05:07:38+00:00,2.66,43.69,38.75,1,15.0,C (Caos),FastAPI,CPU,low
2026-05-06 05:07:40+00:00,1.4,43.53,38.75,2,17.0,C (Caos),FastAPI,CPU,low
2026-05-06 05:07:42+00:00,1.72,43.8,38.75,0,19.0,C (Caos),FastAPI,CPU,low
2026-05-06 04:10:44+00:00,4.29,32.77,39.875,48,0.0,C (Caos),Express,IO,medium
2026-05-06 04:10:46+00:00,4.85,33.43,39.875,47,2.0,C (Caos),Express,IO,medium
2026-05-06 04:10:48+00:00,4.43,35.09,39.875,52,4.0,C (Caos),Express,IO,medium
2026-05-06 04:10:50+00:00,3.2,36.04,39.875,47,6.0,C (Caos),Express,IO,medium
2026-05-06 04:10:52+00:00,2.92,36.05,39.875,49,8.0,C (Caos),Express,IO,medium
2026-05-06 04:10:54+00:00,2.89,36.43,39.875,52,10.0,C (Caos),Express,IO,medium
2026-05-06 04:10:56+00:00,3.25,36.29,39.875,55,12.0,C (Caos),Express,IO,medium
2026-05-06 04:10:58+00:00,2.2,36.93,39.875,50,14.0,C (Caos),Express,IO,medium
2026-05-06 04:11:01+00:00,2.9,37.91,39.875,46,17.0,C (Caos),Express,IO,medium
2026-05-06 04:11:03+00:00,2.11,37.4,39.875,36,19.0,C (Caos),Express,IO,medium
